project,requirement,test_name,parameters,pass,metric,value,fail_reason,limit,source_log
"ldo_dao_acceptance_suite","1.08 V <= Vout <= 1.32 V; Iq <= 3 uA","dc_iq","corner=typical; model_corner=tt; sweep=PVT; temp_c=-40; vdd=2.0; vref=0.80; ibias_A=400e-9; iload_A=0","PASS","Iin_total_uA","11.0456","","","/home/vadim/work/eda-harness/ph2/ph2/ldo_dao_acceptance_suite/results/acceptance_full_sky130_corners_phase_fix/summary.txt"
"ldo_dao_acceptance_suite","1.08 V <= Vout <= 1.32 V; Iq <= 3 uA","dc_iq","corner=typical; model_corner=tt; sweep=PVT; temp_c=-40; vdd=2.0; vref=0.80; ibias_A=400e-9; iload_A=0","PASS","Vout_V","1.19682","","","/home/vadim/work/eda-harness/ph2/ph2/ldo_dao_acceptance_suite/results/acceptance_full_sky130_corners_phase_fix/summary.txt"
"ldo_dao_acceptance_suite","1.08 V <= Vout <= 1.32 V; Iq <= 3 uA","dc_iq","corner=typical; model_corner=tt; sweep=PVT; temp_c=-40; vdd=2.0; vref=0.80; ibias_A=400e-9; iload_A=0","FAIL","Iq_uA","11.0456","IQ_HIGH","limit_max_uA=3.0","/home/vadim/work/eda-harness/ph2/ph2/ldo_dao_acceptance_suite/results/acceptance_full_sky130_corners_phase_fix/summary.txt"
"ldo_dao_acceptance_suite","1.08 V <= Vout <= 1.32 V; Iq <= 3 uA","dc_iq","corner=typical; model_corner=tt; sweep=PVT; temp_c=-40; vdd=2.0; vref=0.80; ibias_A=400e-9; iload_A=1.5E-05","PASS","Iin_total_uA","26.0278","","","/home/vadim/work/eda-harness/ph2/ph2/ldo_dao_acceptance_suite/results/acceptance_full_sky130_corners_phase_fix/summary.txt"
"ldo_dao_acceptance_suite","1.08 V <= Vout <= 1.32 V; Iq <= 3 uA","dc_iq","corner=typical; model_corner=tt; sweep=PVT; temp_c=-40; vdd=2.0; vref=0.80; ibias_A=400e-9; iload_A=1.5E-05","PASS","Vout_V","1.19474","","","/home/vadim/work/eda-harness/ph2/ph2/ldo_dao_acceptance_suite/results/acceptance_full_sky130_corners_phase_fix/summary.txt"
"ldo_dao_acceptance_suite","1.08 V <= Vout <= 1.32 V; Iq <= 3 uA","dc_iq","corner=typical; model_corner=tt; sweep=PVT; temp_c=-40; vdd=2.0; vref=0.80; ibias_A=400e-9; iload_A=1.5E-05","PASS","Iq_uA","11.0278","","","/home/vadim/work/eda-harness/ph2/ph2/ldo_dao_acceptance_suite/results/acceptance_full_sky130_corners_phase_fix/summary.txt"
"ldo_dao_acceptance_suite","1.08 V <= Vout <= 1.32 V; Iq <= 3 uA","dc_iq","corner=typical; model_corner=tt; sweep=PVT; temp_c=-40; vdd=3.3; vref=0.80; ibias_A=400e-9; iload_A=0","PASS","Iin_total_uA","11.0565","","","/home/vadim/work/eda-harness/ph2/ph2/ldo_dao_acceptance_suite/results/acceptance_full_sky130_corners_phase_fix/summary.txt"
"ldo_dao_acceptance_suite","1.08 V <= Vout <= 1.32 V; Iq <= 3 uA","dc_iq","corner=typical; model_corner=tt; sweep=PVT; temp_c=-40; vdd=3.3; vref=0.80; ibias_A=400e-9; iload_A=0","PASS","Vout_V","1.19729","","","/home/vadim/work/eda-harness/ph2/ph2/ldo_dao_acceptance_suite/results/acceptance_full_sky130_corners_phase_fix/summary.txt"
"ldo_dao_acceptance_suite","1.08 V <= Vout <= 1.32 V; Iq <= 3 uA","dc_iq","corner=typical; model_corner=tt; sweep=PVT; temp_c=-40; vdd=3.3; vref=0.80; ibias_A=400e-9; iload_A=0","FAIL","Iq_uA","11.0565","IQ_HIGH","limit_max_uA=3.0","/home/vadim/work/eda-harness/ph2/ph2/ldo_dao_acceptance_suite/results/acceptance_full_sky130_corners_phase_fix/summary.txt"
"ldo_dao_acceptance_suite","1.08 V <= Vout <= 1.32 V; Iq <= 3 uA","dc_iq","corner=typical; model_corner=tt; sweep=PVT; temp_c=-40; vdd=3.3; vref=0.80; ibias_A=400e-9; iload_A=1.5E-05","PASS","Iin_total_uA","26.0404","","","/home/vadim/work/eda-harness/ph2/ph2/ldo_dao_acceptance_suite/results/acceptance_full_sky130_corners_phase_fix/summary.txt"
"ldo_dao_acceptance_suite","1.08 V <= Vout <= 1.32 V; Iq <= 3 uA","dc_iq","corner=typical; model_corner=tt; sweep=PVT; temp_c=-40; vdd=3.3; vref=0.80; ibias_A=400e-9; iload_A=1.5E-05","PASS","Vout_V","1.19544","","","/home/vadim/work/eda-harness/ph2/ph2/ldo_dao_acceptance_suite/results/acceptance_full_sky130_corners_phase_fix/summary.txt"
"ldo_dao_acceptance_suite","1.08 V <= Vout <= 1.32 V; Iq <= 3 uA","dc_iq","corner=typical; model_corner=tt; sweep=PVT; temp_c=-40; vdd=3.3; vref=0.80; ibias_A=400e-9; iload_A=1.5E-05","PASS","Iq_uA","11.0404","","","/home/vadim/work/eda-harness/ph2/ph2/ldo_dao_acceptance_suite/results/acceptance_full_sky130_corners_phase_fix/summary.txt"
"ldo_dao_acceptance_suite","1.08 V <= Vout <= 1.32 V; Iq <= 3 uA","dc_iq","corner=typical; model_corner=tt; sweep=PVT; temp_c=-40; vdd=3.6; vref=0.80; ibias_A=400e-9; iload_A=0","PASS","Iin_total_uA","11.0616","","","/home/vadim/work/eda-harness/ph2/ph2/ldo_dao_acceptance_suite/results/acceptance_full_sky130_corners_phase_fix/summary.txt"
"ldo_dao_acceptance_suite","1.08 V <= Vout <= 1.32 V; Iq <= 3 uA","dc_iq","corner=typical; model_corner=tt; sweep=PVT; temp_c=-40; vdd=3.6; vref=0.80; ibias_A=400e-9; iload_A=0","PASS","Vout_V","1.1973","","","/home/vadim/work/eda-harness/ph2/ph2/ldo_dao_acceptance_suite/results/acceptance_full_sky130_corners_phase_fix/summary.txt"
"ldo_dao_acceptance_suite","1.08 V <= Vout <= 1.32 V; Iq <= 3 uA","dc_iq","corner=typical; model_corner=tt; sweep=PVT; temp_c=-40; vdd=3.6; vref=0.80; ibias_A=400e-9; iload_A=0","FAIL","Iq_uA","11.0616","IQ_HIGH","limit_max_uA=3.0","/home/vadim/work/eda-harness/ph2/ph2/ldo_dao_acceptance_suite/results/acceptance_full_sky130_corners_phase_fix/summary.txt"
"ldo_dao_acceptance_suite","1.08 V <= Vout <= 1.32 V; Iq <= 3 uA","dc_iq","corner=typical; model_corner=tt; sweep=PVT; temp_c=-40; vdd=3.6; vref=0.80; ibias_A=400e-9; iload_A=1.5E-05","PASS","Iin_total_uA","26.045","","","/home/vadim/work/eda-harness/ph2/ph2/ldo_dao_acceptance_suite/results/acceptance_full_sky130_corners_phase_fix/summary.txt"
"ldo_dao_acceptance_suite","1.08 V <= Vout <= 1.32 V; Iq <= 3 uA","dc_iq","corner=typical; model_corner=tt; sweep=PVT; temp_c=-40; vdd=3.6; vref=0.80; ibias_A=400e-9; iload_A=1.5E-05","PASS","Vout_V","1.19543","","","/home/vadim/work/eda-harness/ph2/ph2/ldo_dao_acceptance_suite/results/acceptance_full_sky130_corners_phase_fix/summary.txt"
"ldo_dao_acceptance_suite","1.08 V <= Vout <= 1.32 V; Iq <= 3 uA","dc_iq","corner=typical; model_corner=tt; sweep=PVT; temp_c=-40; vdd=3.6; vref=0.80; ibias_A=400e-9; iload_A=1.5E-05","PASS","Iq_uA","11.045","","","/home/vadim/work/eda-harness/ph2/ph2/ldo_dao_acceptance_suite/results/acceptance_full_sky130_corners_phase_fix/summary.txt"
"ldo_dao_acceptance_suite","1.08 V <= Vout <= 1.32 V; Iq <= 3 uA","dc_iq","corner=typical; model_corner=tt; sweep=PVT; temp_c=27; vdd=2.0; vref=0.80; ibias_A=400e-9; iload_A=0","PASS","Iin_total_uA","11.0815","","","/home/vadim/work/eda-harness/ph2/ph2/ldo_dao_acceptance_suite/results/acceptance_full_sky130_corners_phase_fix/summary.txt"
"ldo_dao_acceptance_suite","1.08 V <= Vout <= 1.32 V; Iq <= 3 uA","dc_iq","corner=typical; model_corner=tt; sweep=PVT; temp_c=27; vdd=2.0; vref=0.80; ibias_A=400e-9; iload_A=0","PASS","Vout_V","1.19621","","","/home/vadim/work/eda-harness/ph2/ph2/ldo_dao_acceptance_suite/results/acceptance_full_sky130_corners_phase_fix/summary.txt"
"ldo_dao_acceptance_suite","1.08 V <= Vout <= 1.32 V; Iq <= 3 uA","dc_iq","corner=typical; model_corner=tt; sweep=PVT; temp_c=27; vdd=2.0; vref=0.80; ibias_A=400e-9; iload_A=0","FAIL","Iq_uA","11.0815","IQ_HIGH","limit_max_uA=3.0","/home/vadim/work/eda-harness/ph2/ph2/ldo_dao_acceptance_suite/results/acceptance_full_sky130_corners_phase_fix/summary.txt"
"ldo_dao_acceptance_suite","1.08 V <= Vout <= 1.32 V; Iq <= 3 uA","dc_iq","corner=typical; model_corner=tt; sweep=PVT; temp_c=27; vdd=2.0; vref=0.80; ibias_A=400e-9; iload_A=1.5E-05","PASS","Iin_total_uA","26.0611","","","/home/vadim/work/eda-harness/ph2/ph2/ldo_dao_acceptance_suite/results/acceptance_full_sky130_corners_phase_fix/summary.txt"
"ldo_dao_acceptance_suite","1.08 V <= Vout <= 1.32 V; Iq <= 3 uA","dc_iq","corner=typical; model_corner=tt; sweep=PVT; temp_c=27; vdd=2.0; vref=0.80; ibias_A=400e-9; iload_A=1.5E-05","PASS","Vout_V","1.19381","","","/home/vadim/work/eda-harness/ph2/ph2/ldo_dao_acceptance_suite/results/acceptance_full_sky130_corners_phase_fix/summary.txt"
"ldo_dao_acceptance_suite","1.08 V <= Vout <= 1.32 V; Iq <= 3 uA","dc_iq","corner=typical; model_corner=tt; sweep=PVT; temp_c=27; vdd=2.0; vref=0.80; ibias_A=400e-9; iload_A=1.5E-05","PASS","Iq_uA","11.0611","","","/home/vadim/work/eda-harness/ph2/ph2/ldo_dao_acceptance_suite/results/acceptance_full_sky130_corners_phase_fix/summary.txt"
"ldo_dao_acceptance_suite","1.08 V <= Vout <= 1.32 V; Iq <= 3 uA","dc_iq","corner=typical; model_corner=tt; sweep=PVT; temp_c=27; vdd=3.3; vref=0.80; ibias_A=400e-9; iload_A=0","PASS","Iin_total_uA","11.0918","","","/home/vadim/work/eda-harness/ph2/ph2/ldo_dao_acceptance_suite/results/acceptance_full_sky130_corners_phase_fix/summary.txt"
"ldo_dao_acceptance_suite","1.08 V <= Vout <= 1.32 V; Iq <= 3 uA","dc_iq","corner=typical; model_corner=tt; sweep=PVT; temp_c=27; vdd=3.3; vref=0.80; ibias_A=400e-9; iload_A=0","PASS","Vout_V","1.19671","","","/home/vadim/work/eda-harness/ph2/ph2/ldo_dao_acceptance_suite/results/acceptance_full_sky130_corners_phase_fix/summary.txt"
"ldo_dao_acceptance_suite","1.08 V <= Vout <= 1.32 V; Iq <= 3 uA","dc_iq","corner=typical; model_corner=tt; sweep=PVT; temp_c=27; vdd=3.3; vref=0.80; ibias_A=400e-9; iload_A=0","FAIL","Iq_uA","11.0918","IQ_HIGH","limit_max_uA=3.0","/home/vadim/work/eda-harness/ph2/ph2/ldo_dao_acceptance_suite/results/acceptance_full_sky130_corners_phase_fix/summary.txt"
"ldo_dao_acceptance_suite","1.08 V <= Vout <= 1.32 V; Iq <= 3 uA","dc_iq","corner=typical; model_corner=tt; sweep=PVT; temp_c=27; vdd=3.3; vref=0.80; ibias_A=400e-9; iload_A=1.5E-05","PASS","Iin_total_uA","26.0731","","","/home/vadim/work/eda-harness/ph2/ph2/ldo_dao_acceptance_suite/results/acceptance_full_sky130_corners_phase_fix/summary.txt"
"ldo_dao_acceptance_suite","1.08 V <= Vout <= 1.32 V; Iq <= 3 uA","dc_iq","corner=typical; model_corner=tt; sweep=PVT; temp_c=27; vdd=3.3; vref=0.80; ibias_A=400e-9; iload_A=1.5E-05","PASS","Vout_V","1.19455","","","/home/vadim/work/eda-harness/ph2/ph2/ldo_dao_acceptance_suite/results/acceptance_full_sky130_corners_phase_fix/summary.txt"
"ldo_dao_acceptance_suite","1.08 V <= Vout <= 1.32 V; Iq <= 3 uA","dc_iq","corner=typical; model_corner=tt; sweep=PVT; temp_c=27; vdd=3.3; vref=0.80; ibias_A=400e-9; iload_A=1.5E-05","PASS","Iq_uA","11.0731","","","/home/vadim/work/eda-harness/ph2/ph2/ldo_dao_acceptance_suite/results/acceptance_full_sky130_corners_phase_fix/summary.txt"
"ldo_dao_acceptance_suite","1.08 V <= Vout <= 1.32 V; Iq <= 3 uA","dc_iq","corner=typical; model_corner=tt; sweep=PVT; temp_c=27; vdd=3.6; vref=0.80; ibias_A=400e-9; iload_A=0","PASS","Iin_total_uA","11.0972","","","/home/vadim/work/eda-harness/ph2/ph2/ldo_dao_acceptance_suite/results/acceptance_full_sky130_corners_phase_fix/summary.txt"
"ldo_dao_acceptance_suite","1.08 V <= Vout <= 1.32 V; Iq <= 3 uA","dc_iq","corner=typical; model_corner=tt; sweep=PVT; temp_c=27; vdd=3.6; vref=0.80; ibias_A=400e-9; iload_A=0","PASS","Vout_V","1.1967","","","/home/vadim/work/eda-harness/ph2/ph2/ldo_dao_acceptance_suite/results/acceptance_full_sky130_corners_phase_fix/summary.txt"
"ldo_dao_acceptance_suite","1.08 V <= Vout <= 1.32 V; Iq <= 3 uA","dc_iq","corner=typical; model_corner=tt; sweep=PVT; temp_c=27; vdd=3.6; vref=0.80; ibias_A=400e-9; iload_A=0","FAIL","Iq_uA","11.0972","IQ_HIGH","limit_max_uA=3.0","/home/vadim/work/eda-harness/ph2/ph2/ldo_dao_acceptance_suite/results/acceptance_full_sky130_corners_phase_fix/summary.txt"
"ldo_dao_acceptance_suite","1.08 V <= Vout <= 1.32 V; Iq <= 3 uA","dc_iq","corner=typical; model_corner=tt; sweep=PVT; temp_c=27; vdd=3.6; vref=0.80; ibias_A=400e-9; iload_A=1.5E-05","PASS","Iin_total_uA","26.0778","","","/home/vadim/work/eda-harness/ph2/ph2/ldo_dao_acceptance_suite/results/acceptance_full_sky130_corners_phase_fix/summary.txt"
"ldo_dao_acceptance_suite","1.08 V <= Vout <= 1.32 V; Iq <= 3 uA","dc_iq","corner=typical; model_corner=tt; sweep=PVT; temp_c=27; vdd=3.6; vref=0.80; ibias_A=400e-9; iload_A=1.5E-05","PASS","Vout_V","1.19451","","","/home/vadim/work/eda-harness/ph2/ph2/ldo_dao_acceptance_suite/results/acceptance_full_sky130_corners_phase_fix/summary.txt"
"ldo_dao_acceptance_suite","1.08 V <= Vout <= 1.32 V; Iq <= 3 uA","dc_iq","corner=typical; model_corner=tt; sweep=PVT; temp_c=27; vdd=3.6; vref=0.80; ibias_A=400e-9; iload_A=1.5E-05","PASS","Iq_uA","11.0778","","","/home/vadim/work/eda-harness/ph2/ph2/ldo_dao_acceptance_suite/results/acceptance_full_sky130_corners_phase_fix/summary.txt"
"ldo_dao_acceptance_suite","1.08 V <= Vout <= 1.32 V; Iq <= 3 uA","dc_iq","corner=typical; model_corner=tt; sweep=PVT; temp_c=150; vdd=2.0; vref=0.80; ibias_A=400e-9; iload_A=0","PASS","Iin_total_uA","11.1122","","","/home/vadim/work/eda-harness/ph2/ph2/ldo_dao_acceptance_suite/results/acceptance_full_sky130_corners_phase_fix/summary.txt"
"ldo_dao_acceptance_suite","1.08 V <= Vout <= 1.32 V; Iq <= 3 uA","dc_iq","corner=typical; model_corner=tt; sweep=PVT; temp_c=150; vdd=2.0; vref=0.80; ibias_A=400e-9; iload_A=0","PASS","Vout_V","1.19484","","","/home/vadim/work/eda-harness/ph2/ph2/ldo_dao_acceptance_suite/results/acceptance_full_sky130_corners_phase_fix/summary.txt"
"ldo_dao_acceptance_suite","1.08 V <= Vout <= 1.32 V; Iq <= 3 uA","dc_iq","corner=typical; model_corner=tt; sweep=PVT; temp_c=150; vdd=2.0; vref=0.80; ibias_A=400e-9; iload_A=0","FAIL","Iq_uA","11.1122","IQ_HIGH","limit_max_uA=3.0","/home/vadim/work/eda-harness/ph2/ph2/ldo_dao_acceptance_suite/results/acceptance_full_sky130_corners_phase_fix/summary.txt"
"ldo_dao_acceptance_suite","1.08 V <= Vout <= 1.32 V; Iq <= 3 uA","dc_iq","corner=typical; model_corner=tt; sweep=PVT; temp_c=150; vdd=2.0; vref=0.80; ibias_A=400e-9; iload_A=1.5E-05","PASS","Iin_total_uA","26.0855","","","/home/vadim/work/eda-harness/ph2/ph2/ldo_dao_acceptance_suite/results/acceptance_full_sky130_corners_phase_fix/summary.txt"
"ldo_dao_acceptance_suite","1.08 V <= Vout <= 1.32 V; Iq <= 3 uA","dc_iq","corner=typical; model_corner=tt; sweep=PVT; temp_c=150; vdd=2.0; vref=0.80; ibias_A=400e-9; iload_A=1.5E-05","PASS","Vout_V","1.19167","","","/home/vadim/work/eda-harness/ph2/ph2/ldo_dao_acceptance_suite/results/acceptance_full_sky130_corners_phase_fix/summary.txt"
"ldo_dao_acceptance_suite","1.08 V <= Vout <= 1.32 V; Iq <= 3 uA","dc_iq","corner=typical; model_corner=tt; sweep=PVT; temp_c=150; vdd=2.0; vref=0.80; ibias_A=400e-9; iload_A=1.5E-05","PASS","Iq_uA","11.0855","","","/home/vadim/work/eda-harness/ph2/ph2/ldo_dao_acceptance_suite/results/acceptance_full_sky130_corners_phase_fix/summary.txt"
"ldo_dao_acceptance_suite","1.08 V <= Vout <= 1.32 V; Iq <= 3 uA","dc_iq","corner=typical; model_corner=tt; sweep=PVT; temp_c=150; vdd=3.3; vref=0.80; ibias_A=400e-9; iload_A=0","PASS","Iin_total_uA","11.1236","","","/home/vadim/work/eda-harness/ph2/ph2/ldo_dao_acceptance_suite/results/acceptance_full_sky130_corners_phase_fix/summary.txt"
"ldo_dao_acceptance_suite","1.08 V <= Vout <= 1.32 V; Iq <= 3 uA","dc_iq","corner=typical; model_corner=tt; sweep=PVT; temp_c=150; vdd=3.3; vref=0.80; ibias_A=400e-9; iload_A=0","PASS","Vout_V","1.19536","","","/home/vadim/work/eda-harness/ph2/ph2/ldo_dao_acceptance_suite/results/acceptance_full_sky130_corners_phase_fix/summary.txt"
"ldo_dao_acceptance_suite","1.08 V <= Vout <= 1.32 V; Iq <= 3 uA","dc_iq","corner=typical; model_corner=tt; sweep=PVT; temp_c=150; vdd=3.3; vref=0.80; ibias_A=400e-9; iload_A=0","FAIL","Iq_uA","11.1236","IQ_HIGH","limit_max_uA=3.0","/home/vadim/work/eda-harness/ph2/ph2/ldo_dao_acceptance_suite/results/acceptance_full_sky130_corners_phase_fix/summary.txt"
"ldo_dao_acceptance_suite","1.08 V <= Vout <= 1.32 V; Iq <= 3 uA","dc_iq","corner=typical; model_corner=tt; sweep=PVT; temp_c=150; vdd=3.3; vref=0.80; ibias_A=400e-9; iload_A=1.5E-05","PASS","Iin_total_uA","26.0985","","","/home/vadim/work/eda-harness/ph2/ph2/ldo_dao_acceptance_suite/results/acceptance_full_sky130_corners_phase_fix/summary.txt"
"ldo_dao_acceptance_suite","1.08 V <= Vout <= 1.32 V; Iq <= 3 uA","dc_iq","corner=typical; model_corner=tt; sweep=PVT; temp_c=150; vdd=3.3; vref=0.80; ibias_A=400e-9; iload_A=1.5E-05","PASS","Vout_V","1.19245","","","/home/vadim/work/eda-harness/ph2/ph2/ldo_dao_acceptance_suite/results/acceptance_full_sky130_corners_phase_fix/summary.txt"
"ldo_dao_acceptance_suite","1.08 V <= Vout <= 1.32 V; Iq <= 3 uA","dc_iq","corner=typical; model_corner=tt; sweep=PVT; temp_c=150; vdd=3.3; vref=0.80; ibias_A=400e-9; iload_A=1.5E-05","PASS","Iq_uA","11.0985","","","/home/vadim/work/eda-harness/ph2/ph2/ldo_dao_acceptance_suite/results/acceptance_full_sky130_corners_phase_fix/summary.txt"
"ldo_dao_acceptance_suite","1.08 V <= Vout <= 1.32 V; Iq <= 3 uA","dc_iq","corner=typical; model_corner=tt; sweep=PVT; temp_c=150; vdd=3.6; vref=0.80; ibias_A=400e-9; iload_A=0","PASS","Iin_total_uA","11.1302","","","/home/vadim/work/eda-harness/ph2/ph2/ldo_dao_acceptance_suite/results/acceptance_full_sky130_corners_phase_fix/summary.txt"
"ldo_dao_acceptance_suite","1.08 V <= Vout <= 1.32 V; Iq <= 3 uA","dc_iq","corner=typical; model_corner=tt; sweep=PVT; temp_c=150; vdd=3.6; vref=0.80; ibias_A=400e-9; iload_A=0","PASS","Vout_V","1.19528","","","/home/vadim/work/eda-harness/ph2/ph2/ldo_dao_acceptance_suite/results/acceptance_full_sky130_corners_phase_fix/summary.txt"
"ldo_dao_acceptance_suite","1.08 V <= Vout <= 1.32 V; Iq <= 3 uA","dc_iq","corner=typical; model_corner=tt; sweep=PVT; temp_c=150; vdd=3.6; vref=0.80; ibias_A=400e-9; iload_A=0","FAIL","Iq_uA","11.1302","IQ_HIGH","limit_max_uA=3.0","/home/vadim/work/eda-harness/ph2/ph2/ldo_dao_acceptance_suite/results/acceptance_full_sky130_corners_phase_fix/summary.txt"
"ldo_dao_acceptance_suite","1.08 V <= Vout <= 1.32 V; Iq <= 3 uA","dc_iq","corner=typical; model_corner=tt; sweep=PVT; temp_c=150; vdd=3.6; vref=0.80; ibias_A=400e-9; iload_A=1.5E-05","PASS","Iin_total_uA","26.1038","","","/home/vadim/work/eda-harness/ph2/ph2/ldo_dao_acceptance_suite/results/acceptance_full_sky130_corners_phase_fix/summary.txt"
"ldo_dao_acceptance_suite","1.08 V <= Vout <= 1.32 V; Iq <= 3 uA","dc_iq","corner=typical; model_corner=tt; sweep=PVT; temp_c=150; vdd=3.6; vref=0.80; ibias_A=400e-9; iload_A=1.5E-05","PASS","Vout_V","1.1923","","","/home/vadim/work/eda-harness/ph2/ph2/ldo_dao_acceptance_suite/results/acceptance_full_sky130_corners_phase_fix/summary.txt"
"ldo_dao_acceptance_suite","1.08 V <= Vout <= 1.32 V; Iq <= 3 uA","dc_iq","corner=typical; model_corner=tt; sweep=PVT; temp_c=150; vdd=3.6; vref=0.80; ibias_A=400e-9; iload_A=1.5E-05","PASS","Iq_uA","11.1038","","","/home/vadim/work/eda-harness/ph2/ph2/ldo_dao_acceptance_suite/results/acceptance_full_sky130_corners_phase_fix/summary.txt"
"ldo_dao_acceptance_suite","1.08 V <= Vout <= 1.32 V; Iq <= 3 uA","dc_iq","corner=typical; model_corner=tt; sweep=VREF; temp_c=27; vdd=3.3; vref=0.72; ibias_A=400e-9; iload_A=0","PASS","Iin_total_uA","10.0582","","","/home/vadim/work/eda-harness/ph2/ph2/ldo_dao_acceptance_suite/results/acceptance_full_sky130_corners_phase_fix/summary.txt"
"ldo_dao_acceptance_suite","1.08 V <= Vout <= 1.32 V; Iq <= 3 uA","dc_iq","corner=typical; model_corner=tt; sweep=VREF; temp_c=27; vdd=3.3; vref=0.72; ibias_A=400e-9; iload_A=0","FAIL","Vout_V","1.07687","VOUT_LOW","limit_min_V=1.08","/home/vadim/work/eda-harness/ph2/ph2/ldo_dao_acceptance_suite/results/acceptance_full_sky130_corners_phase_fix/summary.txt"
"ldo_dao_acceptance_suite","1.08 V <= Vout <= 1.32 V; Iq <= 3 uA","dc_iq","corner=typical; model_corner=tt; sweep=VREF; temp_c=27; vdd=3.3; vref=0.72; ibias_A=400e-9; iload_A=0","FAIL","Iq_uA","10.0582","IQ_HIGH","limit_max_uA=3.0","/home/vadim/work/eda-harness/ph2/ph2/ldo_dao_acceptance_suite/results/acceptance_full_sky130_corners_phase_fix/summary.txt"
"ldo_dao_acceptance_suite","1.08 V <= Vout <= 1.32 V; Iq <= 3 uA","dc_iq","corner=typical; model_corner=tt; sweep=VREF; temp_c=27; vdd=3.3; vref=0.72; ibias_A=400e-9; iload_A=1.5E-05","PASS","Iin_total_uA","25.038","","","/home/vadim/work/eda-harness/ph2/ph2/ldo_dao_acceptance_suite/results/acceptance_full_sky130_corners_phase_fix/summary.txt"
"ldo_dao_acceptance_suite","1.08 V <= Vout <= 1.32 V; Iq <= 3 uA","dc_iq","corner=typical; model_corner=tt; sweep=VREF; temp_c=27; vdd=3.3; vref=0.72; ibias_A=400e-9; iload_A=1.5E-05","FAIL","Vout_V","1.0746","VOUT_LOW","limit_min_V=1.08","/home/vadim/work/eda-harness/ph2/ph2/ldo_dao_acceptance_suite/results/acceptance_full_sky130_corners_phase_fix/summary.txt"
"ldo_dao_acceptance_suite","1.08 V <= Vout <= 1.32 V; Iq <= 3 uA","dc_iq","corner=typical; model_corner=tt; sweep=VREF; temp_c=27; vdd=3.3; vref=0.72; ibias_A=400e-9; iload_A=1.5E-05","PASS","Iq_uA","10.038","","","/home/vadim/work/eda-harness/ph2/ph2/ldo_dao_acceptance_suite/results/acceptance_full_sky130_corners_phase_fix/summary.txt"
"ldo_dao_acceptance_suite","1.08 V <= Vout <= 1.32 V; Iq <= 3 uA","dc_iq","corner=typical; model_corner=tt; sweep=VREF; temp_c=27; vdd=3.3; vref=0.88; ibias_A=400e-9; iload_A=0","PASS","Iin_total_uA","12.1073","","","/home/vadim/work/eda-harness/ph2/ph2/ldo_dao_acceptance_suite/results/acceptance_full_sky130_corners_phase_fix/summary.txt"
"ldo_dao_acceptance_suite","1.08 V <= Vout <= 1.32 V; Iq <= 3 uA","dc_iq","corner=typical; model_corner=tt; sweep=VREF; temp_c=27; vdd=3.3; vref=0.88; ibias_A=400e-9; iload_A=0","PASS","Vout_V","1.31654","","","/home/vadim/work/eda-harness/ph2/ph2/ldo_dao_acceptance_suite/results/acceptance_full_sky130_corners_phase_fix/summary.txt"
"ldo_dao_acceptance_suite","1.08 V <= Vout <= 1.32 V; Iq <= 3 uA","dc_iq","corner=typical; model_corner=tt; sweep=VREF; temp_c=27; vdd=3.3; vref=0.88; ibias_A=400e-9; iload_A=0","FAIL","Iq_uA","12.1073","IQ_HIGH","limit_max_uA=3.0","/home/vadim/work/eda-harness/ph2/ph2/ldo_dao_acceptance_suite/results/acceptance_full_sky130_corners_phase_fix/summary.txt"
"ldo_dao_acceptance_suite","1.08 V <= Vout <= 1.32 V; Iq <= 3 uA","dc_iq","corner=typical; model_corner=tt; sweep=VREF; temp_c=27; vdd=3.3; vref=0.88; ibias_A=400e-9; iload_A=1.5E-05","PASS","Iin_total_uA","27.0896","","","/home/vadim/work/eda-harness/ph2/ph2/ldo_dao_acceptance_suite/results/acceptance_full_sky130_corners_phase_fix/summary.txt"
"ldo_dao_acceptance_suite","1.08 V <= Vout <= 1.32 V; Iq <= 3 uA","dc_iq","corner=typical; model_corner=tt; sweep=VREF; temp_c=27; vdd=3.3; vref=0.88; ibias_A=400e-9; iload_A=1.5E-05","PASS","Vout_V","1.31447","","","/home/vadim/work/eda-harness/ph2/ph2/ldo_dao_acceptance_suite/results/acceptance_full_sky130_corners_phase_fix/summary.txt"
"ldo_dao_acceptance_suite","1.08 V <= Vout <= 1.32 V; Iq <= 3 uA","dc_iq","corner=typical; model_corner=tt; sweep=VREF; temp_c=27; vdd=3.3; vref=0.88; ibias_A=400e-9; iload_A=1.5E-05","PASS","Iq_uA","12.0896","","","/home/vadim/work/eda-harness/ph2/ph2/ldo_dao_acceptance_suite/results/acceptance_full_sky130_corners_phase_fix/summary.txt"
"ldo_dao_acceptance_suite","1.08 V <= Vout <= 1.32 V; Iq <= 3 uA","dc_iq","corner=typical; model_corner=tt; sweep=IBIAS; temp_c=27; vdd=3.3; vref=0.80; ibias_A=3E-07; iload_A=0","PASS","Iin_total_uA","10.8094","","","/home/vadim/work/eda-harness/ph2/ph2/ldo_dao_acceptance_suite/results/acceptance_full_sky130_corners_phase_fix/summary.txt"
"ldo_dao_acceptance_suite","1.08 V <= Vout <= 1.32 V; Iq <= 3 uA","dc_iq","corner=typical; model_corner=tt; sweep=IBIAS; temp_c=27; vdd=3.3; vref=0.80; ibias_A=3E-07; iload_A=0","PASS","Vout_V","1.19628","","","/home/vadim/work/eda-harness/ph2/ph2/ldo_dao_acceptance_suite/results/acceptance_full_sky130_corners_phase_fix/summary.txt"
"ldo_dao_acceptance_suite","1.08 V <= Vout <= 1.32 V; Iq <= 3 uA","dc_iq","corner=typical; model_corner=tt; sweep=IBIAS; temp_c=27; vdd=3.3; vref=0.80; ibias_A=3E-07; iload_A=0","FAIL","Iq_uA","10.8094","IQ_HIGH","limit_max_uA=3.0","/home/vadim/work/eda-harness/ph2/ph2/ldo_dao_acceptance_suite/results/acceptance_full_sky130_corners_phase_fix/summary.txt"
"ldo_dao_acceptance_suite","1.08 V <= Vout <= 1.32 V; Iq <= 3 uA","dc_iq","corner=typical; model_corner=tt; sweep=IBIAS; temp_c=27; vdd=3.3; vref=0.80; ibias_A=3E-07; iload_A=1.5E-05","PASS","Iin_total_uA","25.7908","","","/home/vadim/work/eda-harness/ph2/ph2/ldo_dao_acceptance_suite/results/acceptance_full_sky130_corners_phase_fix/summary.txt"
"ldo_dao_acceptance_suite","1.08 V <= Vout <= 1.32 V; Iq <= 3 uA","dc_iq","corner=typical; model_corner=tt; sweep=IBIAS; temp_c=27; vdd=3.3; vref=0.80; ibias_A=3E-07; iload_A=1.5E-05","PASS","Vout_V","1.19411","","","/home/vadim/work/eda-harness/ph2/ph2/ldo_dao_acceptance_suite/results/acceptance_full_sky130_corners_phase_fix/summary.txt"
"ldo_dao_acceptance_suite","1.08 V <= Vout <= 1.32 V; Iq <= 3 uA","dc_iq","corner=typical; model_corner=tt; sweep=IBIAS; temp_c=27; vdd=3.3; vref=0.80; ibias_A=3E-07; iload_A=1.5E-05","PASS","Iq_uA","10.7908","","","/home/vadim/work/eda-harness/ph2/ph2/ldo_dao_acceptance_suite/results/acceptance_full_sky130_corners_phase_fix/summary.txt"
"ldo_dao_acceptance_suite","1.08 V <= Vout <= 1.32 V; Iq <= 3 uA","dc_iq","corner=typical; model_corner=tt; sweep=IBIAS; temp_c=27; vdd=3.3; vref=0.80; ibias_A=5E-07; iload_A=0","PASS","Iin_total_uA","11.3724","","","/home/vadim/work/eda-harness/ph2/ph2/ldo_dao_acceptance_suite/results/acceptance_full_sky130_corners_phase_fix/summary.txt"
"ldo_dao_acceptance_suite","1.08 V <= Vout <= 1.32 V; Iq <= 3 uA","dc_iq","corner=typical; model_corner=tt; sweep=IBIAS; temp_c=27; vdd=3.3; vref=0.80; ibias_A=5E-07; iload_A=0","PASS","Vout_V","1.19704","","","/home/vadim/work/eda-harness/ph2/ph2/ldo_dao_acceptance_suite/results/acceptance_full_sky130_corners_phase_fix/summary.txt"
"ldo_dao_acceptance_suite","1.08 V <= Vout <= 1.32 V; Iq <= 3 uA","dc_iq","corner=typical; model_corner=tt; sweep=IBIAS; temp_c=27; vdd=3.3; vref=0.80; ibias_A=5E-07; iload_A=0","FAIL","Iq_uA","11.3724","IQ_HIGH","limit_max_uA=3.0","/home/vadim/work/eda-harness/ph2/ph2/ldo_dao_acceptance_suite/results/acceptance_full_sky130_corners_phase_fix/summary.txt"
"ldo_dao_acceptance_suite","1.08 V <= Vout <= 1.32 V; Iq <= 3 uA","dc_iq","corner=typical; model_corner=tt; sweep=IBIAS; temp_c=27; vdd=3.3; vref=0.80; ibias_A=5E-07; iload_A=1.5E-05","PASS","Iin_total_uA","26.3537","","","/home/vadim/work/eda-harness/ph2/ph2/ldo_dao_acceptance_suite/results/acceptance_full_sky130_corners_phase_fix/summary.txt"
"ldo_dao_acceptance_suite","1.08 V <= Vout <= 1.32 V; Iq <= 3 uA","dc_iq","corner=typical; model_corner=tt; sweep=IBIAS; temp_c=27; vdd=3.3; vref=0.80; ibias_A=5E-07; iload_A=1.5E-05","PASS","Vout_V","1.1949","","","/home/vadim/work/eda-harness/ph2/ph2/ldo_dao_acceptance_suite/results/acceptance_full_sky130_corners_phase_fix/summary.txt"
"ldo_dao_acceptance_suite","1.08 V <= Vout <= 1.32 V; Iq <= 3 uA","dc_iq","corner=typical; model_corner=tt; sweep=IBIAS; temp_c=27; vdd=3.3; vref=0.80; ibias_A=5E-07; iload_A=1.5E-05","PASS","Iq_uA","11.3537","","","/home/vadim/work/eda-harness/ph2/ph2/ldo_dao_acceptance_suite/results/acceptance_full_sky130_corners_phase_fix/summary.txt"
"ldo_dao_acceptance_suite","dynamic-load regulation: valid pre/post Vout; drop <= 50 mV; overshoot <= 20 mV; average drop <= 25 mV","dynamic_load_tran","corner=typical; model_corner=tt; temp_c=-40; vdd=2.0","PASS","Vout_pre_V","1.19474","","","/home/vadim/work/eda-harness/ph2/ph2/ldo_dao_acceptance_suite/results/acceptance_full_sky130_corners_phase_fix/summary.txt"
"ldo_dao_acceptance_suite","dynamic-load regulation: valid pre/post Vout; drop <= 50 mV; overshoot <= 20 mV; average drop <= 25 mV","dynamic_load_tran","corner=typical; model_corner=tt; temp_c=-40; vdd=2.0","PASS","drop_mV","15.52","","","/home/vadim/work/eda-harness/ph2/ph2/ldo_dao_acceptance_suite/results/acceptance_full_sky130_corners_phase_fix/summary.txt"
"ldo_dao_acceptance_suite","dynamic-load regulation: valid pre/post Vout; drop <= 50 mV; overshoot <= 20 mV; average drop <= 25 mV","dynamic_load_tran","corner=typical; model_corner=tt; temp_c=-40; vdd=2.0","PASS","Vout_max_V","1.19873","","","/home/vadim/work/eda-harness/ph2/ph2/ldo_dao_acceptance_suite/results/acceptance_full_sky130_corners_phase_fix/summary.txt"
"ldo_dao_acceptance_suite","dynamic-load regulation: valid pre/post Vout; drop <= 50 mV; overshoot <= 20 mV; average drop <= 25 mV","dynamic_load_tran","corner=typical; model_corner=tt; temp_c=-40; vdd=2.0","PASS","Vout_min_V","1.17922","","","/home/vadim/work/eda-harness/ph2/ph2/ldo_dao_acceptance_suite/results/acceptance_full_sky130_corners_phase_fix/summary.txt"
"ldo_dao_acceptance_suite","dynamic-load regulation: valid pre/post Vout; drop <= 50 mV; overshoot <= 20 mV; average drop <= 25 mV","dynamic_load_tran","corner=typical; model_corner=tt; temp_c=-40; vdd=2.0","PASS","avg_drop_mV","5.09","","","/home/vadim/work/eda-harness/ph2/ph2/ldo_dao_acceptance_suite/results/acceptance_full_sky130_corners_phase_fix/summary.txt"
"ldo_dao_acceptance_suite","dynamic-load regulation: valid pre/post Vout; drop <= 50 mV; overshoot <= 20 mV; average drop <= 25 mV","dynamic_load_tran","corner=typical; model_corner=tt; temp_c=-40; vdd=2.0","PASS","Vout_dyn_avg_V","1.18965","","","/home/vadim/work/eda-harness/ph2/ph2/ldo_dao_acceptance_suite/results/acceptance_full_sky130_corners_phase_fix/summary.txt"
"ldo_dao_acceptance_suite","dynamic-load regulation: valid pre/post Vout; drop <= 50 mV; overshoot <= 20 mV; average drop <= 25 mV","dynamic_load_tran","corner=typical; model_corner=tt; temp_c=-40; vdd=2.0","PASS","overshoot_mV","3.987","","","/home/vadim/work/eda-harness/ph2/ph2/ldo_dao_acceptance_suite/results/acceptance_full_sky130_corners_phase_fix/summary.txt"
"ldo_dao_acceptance_suite","dynamic-load regulation: valid pre/post Vout; drop <= 50 mV; overshoot <= 20 mV; average drop <= 25 mV","dynamic_load_tran","corner=typical; model_corner=tt; temp_c=-40; vdd=3.3","PASS","Vout_pre_V","1.19544","","","/home/vadim/work/eda-harness/ph2/ph2/ldo_dao_acceptance_suite/results/acceptance_full_sky130_corners_phase_fix/summary.txt"
"ldo_dao_acceptance_suite","dynamic-load regulation: valid pre/post Vout; drop <= 50 mV; overshoot <= 20 mV; average drop <= 25 mV","dynamic_load_tran","corner=typical; model_corner=tt; temp_c=-40; vdd=3.3","PASS","drop_mV","14.7","","","/home/vadim/work/eda-harness/ph2/ph2/ldo_dao_acceptance_suite/results/acceptance_full_sky130_corners_phase_fix/summary.txt"
"ldo_dao_acceptance_suite","dynamic-load regulation: valid pre/post Vout; drop <= 50 mV; overshoot <= 20 mV; average drop <= 25 mV","dynamic_load_tran","corner=typical; model_corner=tt; temp_c=-40; vdd=3.3","PASS","Vout_max_V","1.20092","","","/home/vadim/work/eda-harness/ph2/ph2/ldo_dao_acceptance_suite/results/acceptance_full_sky130_corners_phase_fix/summary.txt"
"ldo_dao_acceptance_suite","dynamic-load regulation: valid pre/post Vout; drop <= 50 mV; overshoot <= 20 mV; average drop <= 25 mV","dynamic_load_tran","corner=typical; model_corner=tt; temp_c=-40; vdd=3.3","PASS","Vout_min_V","1.18073","","","/home/vadim/work/eda-harness/ph2/ph2/ldo_dao_acceptance_suite/results/acceptance_full_sky130_corners_phase_fix/summary.txt"
"ldo_dao_acceptance_suite","dynamic-load regulation: valid pre/post Vout; drop <= 50 mV; overshoot <= 20 mV; average drop <= 25 mV","dynamic_load_tran","corner=typical; model_corner=tt; temp_c=-40; vdd=3.3","PASS","avg_drop_mV","4.301","","","/home/vadim/work/eda-harness/ph2/ph2/ldo_dao_acceptance_suite/results/acceptance_full_sky130_corners_phase_fix/summary.txt"
"ldo_dao_acceptance_suite","dynamic-load regulation: valid pre/post Vout; drop <= 50 mV; overshoot <= 20 mV; average drop <= 25 mV","dynamic_load_tran","corner=typical; model_corner=tt; temp_c=-40; vdd=3.3","PASS","Vout_dyn_avg_V","1.19113","","","/home/vadim/work/eda-harness/ph2/ph2/ldo_dao_acceptance_suite/results/acceptance_full_sky130_corners_phase_fix/summary.txt"
"ldo_dao_acceptance_suite","dynamic-load regulation: valid pre/post Vout; drop <= 50 mV; overshoot <= 20 mV; average drop <= 25 mV","dynamic_load_tran","corner=typical; model_corner=tt; temp_c=-40; vdd=3.3","PASS","overshoot_mV","5.486","","","/home/vadim/work/eda-harness/ph2/ph2/ldo_dao_acceptance_suite/results/acceptance_full_sky130_corners_phase_fix/summary.txt"
"ldo_dao_acceptance_suite","dynamic-load regulation: valid pre/post Vout; drop <= 50 mV; overshoot <= 20 mV; average drop <= 25 mV","dynamic_load_tran","corner=typical; model_corner=tt; temp_c=-40; vdd=3.6","PASS","Vout_pre_V","1.19543","","","/home/vadim/work/eda-harness/ph2/ph2/ldo_dao_acceptance_suite/results/acceptance_full_sky130_corners_phase_fix/summary.txt"
"ldo_dao_acceptance_suite","dynamic-load regulation: valid pre/post Vout; drop <= 50 mV; overshoot <= 20 mV; average drop <= 25 mV","dynamic_load_tran","corner=typical; model_corner=tt; temp_c=-40; vdd=3.6","PASS","drop_mV","14.7","","","/home/vadim/work/eda-harness/ph2/ph2/ldo_dao_acceptance_suite/results/acceptance_full_sky130_corners_phase_fix/summary.txt"
"ldo_dao_acceptance_suite","dynamic-load regulation: valid pre/post Vout; drop <= 50 mV; overshoot <= 20 mV; average drop <= 25 mV","dynamic_load_tran","corner=typical; model_corner=tt; temp_c=-40; vdd=3.6","PASS","Vout_max_V","1.20086","","","/home/vadim/work/eda-harness/ph2/ph2/ldo_dao_acceptance_suite/results/acceptance_full_sky130_corners_phase_fix/summary.txt"
"ldo_dao_acceptance_suite","dynamic-load regulation: valid pre/post Vout; drop <= 50 mV; overshoot <= 20 mV; average drop <= 25 mV","dynamic_load_tran","corner=typical; model_corner=tt; temp_c=-40; vdd=3.6","PASS","Vout_min_V","1.18073","","","/home/vadim/work/eda-harness/ph2/ph2/ldo_dao_acceptance_suite/results/acceptance_full_sky130_corners_phase_fix/summary.txt"
"ldo_dao_acceptance_suite","dynamic-load regulation: valid pre/post Vout; drop <= 50 mV; overshoot <= 20 mV; average drop <= 25 mV","dynamic_load_tran","corner=typical; model_corner=tt; temp_c=-40; vdd=3.6","PASS","avg_drop_mV","4.319","","","/home/vadim/work/eda-harness/ph2/ph2/ldo_dao_acceptance_suite/results/acceptance_full_sky130_corners_phase_fix/summary.txt"
"ldo_dao_acceptance_suite","dynamic-load regulation: valid pre/post Vout; drop <= 50 mV; overshoot <= 20 mV; average drop <= 25 mV","dynamic_load_tran","corner=typical; model_corner=tt; temp_c=-40; vdd=3.6","PASS","Vout_dyn_avg_V","1.19111","","","/home/vadim/work/eda-harness/ph2/ph2/ldo_dao_acceptance_suite/results/acceptance_full_sky130_corners_phase_fix/summary.txt"
"ldo_dao_acceptance_suite","dynamic-load regulation: valid pre/post Vout; drop <= 50 mV; overshoot <= 20 mV; average drop <= 25 mV","dynamic_load_tran","corner=typical; model_corner=tt; temp_c=-40; vdd=3.6","PASS","overshoot_mV","5.438","","","/home/vadim/work/eda-harness/ph2/ph2/ldo_dao_acceptance_suite/results/acceptance_full_sky130_corners_phase_fix/summary.txt"
"ldo_dao_acceptance_suite","dynamic-load regulation: valid pre/post Vout; drop <= 50 mV; overshoot <= 20 mV; average drop <= 25 mV","dynamic_load_tran","corner=typical; model_corner=tt; temp_c=27; vdd=2.0","PASS","Vout_pre_V","1.19381","","","/home/vadim/work/eda-harness/ph2/ph2/ldo_dao_acceptance_suite/results/acceptance_full_sky130_corners_phase_fix/summary.txt"
"ldo_dao_acceptance_suite","dynamic-load regulation: valid pre/post Vout; drop <= 50 mV; overshoot <= 20 mV; average drop <= 25 mV","dynamic_load_tran","corner=typical; model_corner=tt; temp_c=27; vdd=2.0","PASS","drop_mV","17.511","","","/home/vadim/work/eda-harness/ph2/ph2/ldo_dao_acceptance_suite/results/acceptance_full_sky130_corners_phase_fix/summary.txt"
"ldo_dao_acceptance_suite","dynamic-load regulation: valid pre/post Vout; drop <= 50 mV; overshoot <= 20 mV; average drop <= 25 mV","dynamic_load_tran","corner=typical; model_corner=tt; temp_c=27; vdd=2.0","PASS","Vout_max_V","1.1968","","","/home/vadim/work/eda-harness/ph2/ph2/ldo_dao_acceptance_suite/results/acceptance_full_sky130_corners_phase_fix/summary.txt"
"ldo_dao_acceptance_suite","dynamic-load regulation: valid pre/post Vout; drop <= 50 mV; overshoot <= 20 mV; average drop <= 25 mV","dynamic_load_tran","corner=typical; model_corner=tt; temp_c=27; vdd=2.0","PASS","Vout_min_V","1.1763","","","/home/vadim/work/eda-harness/ph2/ph2/ldo_dao_acceptance_suite/results/acceptance_full_sky130_corners_phase_fix/summary.txt"
"ldo_dao_acceptance_suite","dynamic-load regulation: valid pre/post Vout; drop <= 50 mV; overshoot <= 20 mV; average drop <= 25 mV","dynamic_load_tran","corner=typical; model_corner=tt; temp_c=27; vdd=2.0","PASS","avg_drop_mV","5.641","","","/home/vadim/work/eda-harness/ph2/ph2/ldo_dao_acceptance_suite/results/acceptance_full_sky130_corners_phase_fix/summary.txt"
"ldo_dao_acceptance_suite","dynamic-load regulation: valid pre/post Vout; drop <= 50 mV; overshoot <= 20 mV; average drop <= 25 mV","dynamic_load_tran","corner=typical; model_corner=tt; temp_c=27; vdd=2.0","PASS","Vout_dyn_avg_V","1.18817","","","/home/vadim/work/eda-harness/ph2/ph2/ldo_dao_acceptance_suite/results/acceptance_full_sky130_corners_phase_fix/summary.txt"
"ldo_dao_acceptance_suite","dynamic-load regulation: valid pre/post Vout; drop <= 50 mV; overshoot <= 20 mV; average drop <= 25 mV","dynamic_load_tran","corner=typical; model_corner=tt; temp_c=27; vdd=2.0","PASS","overshoot_mV","2.997","","","/home/vadim/work/eda-harness/ph2/ph2/ldo_dao_acceptance_suite/results/acceptance_full_sky130_corners_phase_fix/summary.txt"
"ldo_dao_acceptance_suite","dynamic-load regulation: valid pre/post Vout; drop <= 50 mV; overshoot <= 20 mV; average drop <= 25 mV","dynamic_load_tran","corner=typical; model_corner=tt; temp_c=27; vdd=3.3","PASS","Vout_pre_V","1.19455","","","/home/vadim/work/eda-harness/ph2/ph2/ldo_dao_acceptance_suite/results/acceptance_full_sky130_corners_phase_fix/summary.txt"
"ldo_dao_acceptance_suite","dynamic-load regulation: valid pre/post Vout; drop <= 50 mV; overshoot <= 20 mV; average drop <= 25 mV","dynamic_load_tran","corner=typical; model_corner=tt; temp_c=27; vdd=3.3","PASS","drop_mV","16.392","","","/home/vadim/work/eda-harness/ph2/ph2/ldo_dao_acceptance_suite/results/acceptance_full_sky130_corners_phase_fix/summary.txt"
"ldo_dao_acceptance_suite","dynamic-load regulation: valid pre/post Vout; drop <= 50 mV; overshoot <= 20 mV; average drop <= 25 mV","dynamic_load_tran","corner=typical; model_corner=tt; temp_c=27; vdd=3.3","PASS","Vout_max_V","1.19959","","","/home/vadim/work/eda-harness/ph2/ph2/ldo_dao_acceptance_suite/results/acceptance_full_sky130_corners_phase_fix/summary.txt"
"ldo_dao_acceptance_suite","dynamic-load regulation: valid pre/post Vout; drop <= 50 mV; overshoot <= 20 mV; average drop <= 25 mV","dynamic_load_tran","corner=typical; model_corner=tt; temp_c=27; vdd=3.3","PASS","Vout_min_V","1.17816","","","/home/vadim/work/eda-harness/ph2/ph2/ldo_dao_acceptance_suite/results/acceptance_full_sky130_corners_phase_fix/summary.txt"
"ldo_dao_acceptance_suite","dynamic-load regulation: valid pre/post Vout; drop <= 50 mV; overshoot <= 20 mV; average drop <= 25 mV","dynamic_load_tran","corner=typical; model_corner=tt; temp_c=27; vdd=3.3","PASS","avg_drop_mV","4.679","","","/home/vadim/work/eda-harness/ph2/ph2/ldo_dao_acceptance_suite/results/acceptance_full_sky130_corners_phase_fix/summary.txt"
"ldo_dao_acceptance_suite","dynamic-load regulation: valid pre/post Vout; drop <= 50 mV; overshoot <= 20 mV; average drop <= 25 mV","dynamic_load_tran","corner=typical; model_corner=tt; temp_c=27; vdd=3.3","PASS","Vout_dyn_avg_V","1.18988","","","/home/vadim/work/eda-harness/ph2/ph2/ldo_dao_acceptance_suite/results/acceptance_full_sky130_corners_phase_fix/summary.txt"
"ldo_dao_acceptance_suite","dynamic-load regulation: valid pre/post Vout; drop <= 50 mV; overshoot <= 20 mV; average drop <= 25 mV","dynamic_load_tran","corner=typical; model_corner=tt; temp_c=27; vdd=3.3","PASS","overshoot_mV","5.032","","","/home/vadim/work/eda-harness/ph2/ph2/ldo_dao_acceptance_suite/results/acceptance_full_sky130_corners_phase_fix/summary.txt"
"ldo_dao_acceptance_suite","dynamic-load regulation: valid pre/post Vout; drop <= 50 mV; overshoot <= 20 mV; average drop <= 25 mV","dynamic_load_tran","corner=typical; model_corner=tt; temp_c=27; vdd=3.6","PASS","Vout_pre_V","1.19451","","","/home/vadim/work/eda-harness/ph2/ph2/ldo_dao_acceptance_suite/results/acceptance_full_sky130_corners_phase_fix/summary.txt"
"ldo_dao_acceptance_suite","dynamic-load regulation: valid pre/post Vout; drop <= 50 mV; overshoot <= 20 mV; average drop <= 25 mV","dynamic_load_tran","corner=typical; model_corner=tt; temp_c=27; vdd=3.6","PASS","drop_mV","16.359","","","/home/vadim/work/eda-harness/ph2/ph2/ldo_dao_acceptance_suite/results/acceptance_full_sky130_corners_phase_fix/summary.txt"
"ldo_dao_acceptance_suite","dynamic-load regulation: valid pre/post Vout; drop <= 50 mV; overshoot <= 20 mV; average drop <= 25 mV","dynamic_load_tran","corner=typical; model_corner=tt; temp_c=27; vdd=3.6","PASS","Vout_max_V","1.19949","","","/home/vadim/work/eda-harness/ph2/ph2/ldo_dao_acceptance_suite/results/acceptance_full_sky130_corners_phase_fix/summary.txt"
"ldo_dao_acceptance_suite","dynamic-load regulation: valid pre/post Vout; drop <= 50 mV; overshoot <= 20 mV; average drop <= 25 mV","dynamic_load_tran","corner=typical; model_corner=tt; temp_c=27; vdd=3.6","PASS","Vout_min_V","1.17815","","","/home/vadim/work/eda-harness/ph2/ph2/ldo_dao_acceptance_suite/results/acceptance_full_sky130_corners_phase_fix/summary.txt"
"ldo_dao_acceptance_suite","dynamic-load regulation: valid pre/post Vout; drop <= 50 mV; overshoot <= 20 mV; average drop <= 25 mV","dynamic_load_tran","corner=typical; model_corner=tt; temp_c=27; vdd=3.6","PASS","avg_drop_mV","4.719","","","/home/vadim/work/eda-harness/ph2/ph2/ldo_dao_acceptance_suite/results/acceptance_full_sky130_corners_phase_fix/summary.txt"
"ldo_dao_acceptance_suite","dynamic-load regulation: valid pre/post Vout; drop <= 50 mV; overshoot <= 20 mV; average drop <= 25 mV","dynamic_load_tran","corner=typical; model_corner=tt; temp_c=27; vdd=3.6","PASS","Vout_dyn_avg_V","1.18979","","","/home/vadim/work/eda-harness/ph2/ph2/ldo_dao_acceptance_suite/results/acceptance_full_sky130_corners_phase_fix/summary.txt"
"ldo_dao_acceptance_suite","dynamic-load regulation: valid pre/post Vout; drop <= 50 mV; overshoot <= 20 mV; average drop <= 25 mV","dynamic_load_tran","corner=typical; model_corner=tt; temp_c=27; vdd=3.6","PASS","overshoot_mV","4.979","","","/home/vadim/work/eda-harness/ph2/ph2/ldo_dao_acceptance_suite/results/acceptance_full_sky130_corners_phase_fix/summary.txt"
"ldo_dao_acceptance_suite","dynamic-load regulation: valid pre/post Vout; drop <= 50 mV; overshoot <= 20 mV; average drop <= 25 mV","dynamic_load_tran","corner=typical; model_corner=tt; temp_c=150; vdd=2.0","PASS","Vout_pre_V","1.19167","","","/home/vadim/work/eda-harness/ph2/ph2/ldo_dao_acceptance_suite/results/acceptance_full_sky130_corners_phase_fix/summary.txt"
"ldo_dao_acceptance_suite","dynamic-load regulation: valid pre/post Vout; drop <= 50 mV; overshoot <= 20 mV; average drop <= 25 mV","dynamic_load_tran","corner=typical; model_corner=tt; temp_c=150; vdd=2.0","PASS","drop_mV","20.625","","","/home/vadim/work/eda-harness/ph2/ph2/ldo_dao_acceptance_suite/results/acceptance_full_sky130_corners_phase_fix/summary.txt"
"ldo_dao_acceptance_suite","dynamic-load regulation: valid pre/post Vout; drop <= 50 mV; overshoot <= 20 mV; average drop <= 25 mV","dynamic_load_tran","corner=typical; model_corner=tt; temp_c=150; vdd=2.0","PASS","Vout_max_V","1.19167","","","/home/vadim/work/eda-harness/ph2/ph2/ldo_dao_acceptance_suite/results/acceptance_full_sky130_corners_phase_fix/summary.txt"
"ldo_dao_acceptance_suite","dynamic-load regulation: valid pre/post Vout; drop <= 50 mV; overshoot <= 20 mV; average drop <= 25 mV","dynamic_load_tran","corner=typical; model_corner=tt; temp_c=150; vdd=2.0","PASS","Vout_min_V","1.17104","","","/home/vadim/work/eda-harness/ph2/ph2/ldo_dao_acceptance_suite/results/acceptance_full_sky130_corners_phase_fix/summary.txt"
"ldo_dao_acceptance_suite","dynamic-load regulation: valid pre/post Vout; drop <= 50 mV; overshoot <= 20 mV; average drop <= 25 mV","dynamic_load_tran","corner=typical; model_corner=tt; temp_c=150; vdd=2.0","PASS","avg_drop_mV","7.1","","","/home/vadim/work/eda-harness/ph2/ph2/ldo_dao_acceptance_suite/results/acceptance_full_sky130_corners_phase_fix/summary.txt"
"ldo_dao_acceptance_suite","dynamic-load regulation: valid pre/post Vout; drop <= 50 mV; overshoot <= 20 mV; average drop <= 25 mV","dynamic_load_tran","corner=typical; model_corner=tt; temp_c=150; vdd=2.0","PASS","Vout_dyn_avg_V","1.18457","","","/home/vadim/work/eda-harness/ph2/ph2/ldo_dao_acceptance_suite/results/acceptance_full_sky130_corners_phase_fix/summary.txt"
"ldo_dao_acceptance_suite","dynamic-load regulation: valid pre/post Vout; drop <= 50 mV; overshoot <= 20 mV; average drop <= 25 mV","dynamic_load_tran","corner=typical; model_corner=tt; temp_c=150; vdd=2.0","PASS","overshoot_mV","0.001","","","/home/vadim/work/eda-harness/ph2/ph2/ldo_dao_acceptance_suite/results/acceptance_full_sky130_corners_phase_fix/summary.txt"
"ldo_dao_acceptance_suite","dynamic-load regulation: valid pre/post Vout; drop <= 50 mV; overshoot <= 20 mV; average drop <= 25 mV","dynamic_load_tran","corner=typical; model_corner=tt; temp_c=150; vdd=3.3","PASS","Vout_pre_V","1.19245","","","/home/vadim/work/eda-harness/ph2/ph2/ldo_dao_acceptance_suite/results/acceptance_full_sky130_corners_phase_fix/summary.txt"
"ldo_dao_acceptance_suite","dynamic-load regulation: valid pre/post Vout; drop <= 50 mV; overshoot <= 20 mV; average drop <= 25 mV","dynamic_load_tran","corner=typical; model_corner=tt; temp_c=150; vdd=3.3","PASS","drop_mV","19.875","","","/home/vadim/work/eda-harness/ph2/ph2/ldo_dao_acceptance_suite/results/acceptance_full_sky130_corners_phase_fix/summary.txt"
"ldo_dao_acceptance_suite","dynamic-load regulation: valid pre/post Vout; drop <= 50 mV; overshoot <= 20 mV; average drop <= 25 mV","dynamic_load_tran","corner=typical; model_corner=tt; temp_c=150; vdd=3.3","PASS","Vout_max_V","1.19409","","","/home/vadim/work/eda-harness/ph2/ph2/ldo_dao_acceptance_suite/results/acceptance_full_sky130_corners_phase_fix/summary.txt"
"ldo_dao_acceptance_suite","dynamic-load regulation: valid pre/post Vout; drop <= 50 mV; overshoot <= 20 mV; average drop <= 25 mV","dynamic_load_tran","corner=typical; model_corner=tt; temp_c=150; vdd=3.3","PASS","Vout_min_V","1.17257","","","/home/vadim/work/eda-harness/ph2/ph2/ldo_dao_acceptance_suite/results/acceptance_full_sky130_corners_phase_fix/summary.txt"
"ldo_dao_acceptance_suite","dynamic-load regulation: valid pre/post Vout; drop <= 50 mV; overshoot <= 20 mV; average drop <= 25 mV","dynamic_load_tran","corner=typical; model_corner=tt; temp_c=150; vdd=3.3","PASS","avg_drop_mV","5.831","","","/home/vadim/work/eda-harness/ph2/ph2/ldo_dao_acceptance_suite/results/acceptance_full_sky130_corners_phase_fix/summary.txt"
"ldo_dao_acceptance_suite","dynamic-load regulation: valid pre/post Vout; drop <= 50 mV; overshoot <= 20 mV; average drop <= 25 mV","dynamic_load_tran","corner=typical; model_corner=tt; temp_c=150; vdd=3.3","PASS","Vout_dyn_avg_V","1.18662","","","/home/vadim/work/eda-harness/ph2/ph2/ldo_dao_acceptance_suite/results/acceptance_full_sky130_corners_phase_fix/summary.txt"
"ldo_dao_acceptance_suite","dynamic-load regulation: valid pre/post Vout; drop <= 50 mV; overshoot <= 20 mV; average drop <= 25 mV","dynamic_load_tran","corner=typical; model_corner=tt; temp_c=150; vdd=3.3","PASS","overshoot_mV","1.637","","","/home/vadim/work/eda-harness/ph2/ph2/ldo_dao_acceptance_suite/results/acceptance_full_sky130_corners_phase_fix/summary.txt"
"ldo_dao_acceptance_suite","dynamic-load regulation: valid pre/post Vout; drop <= 50 mV; overshoot <= 20 mV; average drop <= 25 mV","dynamic_load_tran","corner=typical; model_corner=tt; temp_c=150; vdd=3.6","PASS","Vout_pre_V","1.1923","","","/home/vadim/work/eda-harness/ph2/ph2/ldo_dao_acceptance_suite/results/acceptance_full_sky130_corners_phase_fix/summary.txt"
"ldo_dao_acceptance_suite","dynamic-load regulation: valid pre/post Vout; drop <= 50 mV; overshoot <= 20 mV; average drop <= 25 mV","dynamic_load_tran","corner=typical; model_corner=tt; temp_c=150; vdd=3.6","PASS","drop_mV","19.861","","","/home/vadim/work/eda-harness/ph2/ph2/ldo_dao_acceptance_suite/results/acceptance_full_sky130_corners_phase_fix/summary.txt"
"ldo_dao_acceptance_suite","dynamic-load regulation: valid pre/post Vout; drop <= 50 mV; overshoot <= 20 mV; average drop <= 25 mV","dynamic_load_tran","corner=typical; model_corner=tt; temp_c=150; vdd=3.6","PASS","Vout_max_V","1.19385","","","/home/vadim/work/eda-harness/ph2/ph2/ldo_dao_acceptance_suite/results/acceptance_full_sky130_corners_phase_fix/summary.txt"
"ldo_dao_acceptance_suite","dynamic-load regulation: valid pre/post Vout; drop <= 50 mV; overshoot <= 20 mV; average drop <= 25 mV","dynamic_load_tran","corner=typical; model_corner=tt; temp_c=150; vdd=3.6","PASS","Vout_min_V","1.17244","","","/home/vadim/work/eda-harness/ph2/ph2/ldo_dao_acceptance_suite/results/acceptance_full_sky130_corners_phase_fix/summary.txt"
"ldo_dao_acceptance_suite","dynamic-load regulation: valid pre/post Vout; drop <= 50 mV; overshoot <= 20 mV; average drop <= 25 mV","dynamic_load_tran","corner=typical; model_corner=tt; temp_c=150; vdd=3.6","PASS","avg_drop_mV","5.932","","","/home/vadim/work/eda-harness/ph2/ph2/ldo_dao_acceptance_suite/results/acceptance_full_sky130_corners_phase_fix/summary.txt"
"ldo_dao_acceptance_suite","dynamic-load regulation: valid pre/post Vout; drop <= 50 mV; overshoot <= 20 mV; average drop <= 25 mV","dynamic_load_tran","corner=typical; model_corner=tt; temp_c=150; vdd=3.6","PASS","Vout_dyn_avg_V","1.18637","","","/home/vadim/work/eda-harness/ph2/ph2/ldo_dao_acceptance_suite/results/acceptance_full_sky130_corners_phase_fix/summary.txt"
"ldo_dao_acceptance_suite","dynamic-load regulation: valid pre/post Vout; drop <= 50 mV; overshoot <= 20 mV; average drop <= 25 mV","dynamic_load_tran","corner=typical; model_corner=tt; temp_c=150; vdd=3.6","PASS","overshoot_mV","1.549","","","/home/vadim/work/eda-harness/ph2/ph2/ldo_dao_acceptance_suite/results/acceptance_full_sky130_corners_phase_fix/summary.txt"
"ldo_dao_acceptance_suite","PSRR_min >= 40 dB","psrr_ac","corner=typical; model_corner=tt; temp_c=-40; vdd=2.0","PASS","PSRR_min_dB","43.0881","","","/home/vadim/work/eda-harness/ph2/ph2/ldo_dao_acceptance_suite/results/acceptance_full_sky130_corners_phase_fix/summary.txt"
"ldo_dao_acceptance_suite","PSRR_min >= 40 dB","psrr_ac","corner=typical; model_corner=tt; temp_c=-40; vdd=3.3","PASS","PSRR_min_dB","42.6095","","","/home/vadim/work/eda-harness/ph2/ph2/ldo_dao_acceptance_suite/results/acceptance_full_sky130_corners_phase_fix/summary.txt"
"ldo_dao_acceptance_suite","PSRR_min >= 40 dB","psrr_ac","corner=typical; model_corner=tt; temp_c=-40; vdd=3.6","PASS","PSRR_min_dB","42.7162","","","/home/vadim/work/eda-harness/ph2/ph2/ldo_dao_acceptance_suite/results/acceptance_full_sky130_corners_phase_fix/summary.txt"
"ldo_dao_acceptance_suite","PSRR_min >= 40 dB","psrr_ac","corner=typical; model_corner=tt; temp_c=27; vdd=2.0","PASS","PSRR_min_dB","43.1533","","","/home/vadim/work/eda-harness/ph2/ph2/ldo_dao_acceptance_suite/results/acceptance_full_sky130_corners_phase_fix/summary.txt"
"ldo_dao_acceptance_suite","PSRR_min >= 40 dB","psrr_ac","corner=typical; model_corner=tt; temp_c=27; vdd=3.3","PASS","PSRR_min_dB","42.7775","","","/home/vadim/work/eda-harness/ph2/ph2/ldo_dao_acceptance_suite/results/acceptance_full_sky130_corners_phase_fix/summary.txt"
"ldo_dao_acceptance_suite","PSRR_min >= 40 dB","psrr_ac","corner=typical; model_corner=tt; temp_c=27; vdd=3.6","PASS","PSRR_min_dB","42.9124","","","/home/vadim/work/eda-harness/ph2/ph2/ldo_dao_acceptance_suite/results/acceptance_full_sky130_corners_phase_fix/summary.txt"
"ldo_dao_acceptance_suite","PSRR_min >= 40 dB","psrr_ac","corner=typical; model_corner=tt; temp_c=150; vdd=2.0","PASS","PSRR_min_dB","43.2005","","","/home/vadim/work/eda-harness/ph2/ph2/ldo_dao_acceptance_suite/results/acceptance_full_sky130_corners_phase_fix/summary.txt"
"ldo_dao_acceptance_suite","PSRR_min >= 40 dB","psrr_ac","corner=typical; model_corner=tt; temp_c=150; vdd=3.3","PASS","PSRR_min_dB","43.0744","","","/home/vadim/work/eda-harness/ph2/ph2/ldo_dao_acceptance_suite/results/acceptance_full_sky130_corners_phase_fix/summary.txt"
"ldo_dao_acceptance_suite","PSRR_min >= 40 dB","psrr_ac","corner=typical; model_corner=tt; temp_c=150; vdd=3.6","PASS","PSRR_min_dB","43.2544","","","/home/vadim/work/eda-harness/ph2/ph2/ldo_dao_acceptance_suite/results/acceptance_full_sky130_corners_phase_fix/summary.txt"
"ldo_dao_acceptance_suite","GBW >= 100 kHz; PM >= 40 deg; GM >= 20 dB","loop_stability_ac","corner=typical; model_corner=tt; temp_c=-40; vdd=2.0","PASS","GM_dB","24.6292","","","/home/vadim/work/eda-harness/ph2/ph2/ldo_dao_acceptance_suite/results/acceptance_full_sky130_corners_phase_fix/summary.txt"
"ldo_dao_acceptance_suite","GBW >= 100 kHz; PM >= 40 deg; GM >= 20 dB","loop_stability_ac","corner=typical; model_corner=tt; temp_c=-40; vdd=2.0","PASS","GM_mode","0","","","/home/vadim/work/eda-harness/ph2/ph2/ldo_dao_acceptance_suite/results/acceptance_full_sky130_corners_phase_fix/summary.txt"
"ldo_dao_acceptance_suite","GBW >= 100 kHz; PM >= 40 deg; GM >= 20 dB","loop_stability_ac","corner=typical; model_corner=tt; temp_c=-40; vdd=2.0","PASS","GBW_Hz","2.15157E+06","","","/home/vadim/work/eda-harness/ph2/ph2/ldo_dao_acceptance_suite/results/acceptance_full_sky130_corners_phase_fix/summary.txt"
"ldo_dao_acceptance_suite","GBW >= 100 kHz; PM >= 40 deg; GM >= 20 dB","loop_stability_ac","corner=typical; model_corner=tt; temp_c=-40; vdd=2.0","PASS","PM_deg","42.0856","","","/home/vadim/work/eda-harness/ph2/ph2/ldo_dao_acceptance_suite/results/acceptance_full_sky130_corners_phase_fix/summary.txt"
"ldo_dao_acceptance_suite","GBW >= 100 kHz; PM >= 40 deg; GM >= 20 dB","loop_stability_ac","corner=typical; model_corner=tt; temp_c=-40; vdd=3.3","PASS","GM_dB","23.9963","","","/home/vadim/work/eda-harness/ph2/ph2/ldo_dao_acceptance_suite/results/acceptance_full_sky130_corners_phase_fix/summary.txt"
"ldo_dao_acceptance_suite","GBW >= 100 kHz; PM >= 40 deg; GM >= 20 dB","loop_stability_ac","corner=typical; model_corner=tt; temp_c=-40; vdd=3.3","PASS","GM_mode","0","","","/home/vadim/work/eda-harness/ph2/ph2/ldo_dao_acceptance_suite/results/acceptance_full_sky130_corners_phase_fix/summary.txt"
"ldo_dao_acceptance_suite","GBW >= 100 kHz; PM >= 40 deg; GM >= 20 dB","loop_stability_ac","corner=typical; model_corner=tt; temp_c=-40; vdd=3.3","PASS","GBW_Hz","2.26297E+06","","","/home/vadim/work/eda-harness/ph2/ph2/ldo_dao_acceptance_suite/results/acceptance_full_sky130_corners_phase_fix/summary.txt"
"ldo_dao_acceptance_suite","GBW >= 100 kHz; PM >= 40 deg; GM >= 20 dB","loop_stability_ac","corner=typical; model_corner=tt; temp_c=-40; vdd=3.3","FAIL","PM_deg","38.014","PM_LOW","limit_min_deg=40","/home/vadim/work/eda-harness/ph2/ph2/ldo_dao_acceptance_suite/results/acceptance_full_sky130_corners_phase_fix/summary.txt"
"ldo_dao_acceptance_suite","GBW >= 100 kHz; PM >= 40 deg; GM >= 20 dB","loop_stability_ac","corner=typical; model_corner=tt; temp_c=-40; vdd=3.6","PASS","GM_dB","24.0594","","","/home/vadim/work/eda-harness/ph2/ph2/ldo_dao_acceptance_suite/results/acceptance_full_sky130_corners_phase_fix/summary.txt"
"ldo_dao_acceptance_suite","GBW >= 100 kHz; PM >= 40 deg; GM >= 20 dB","loop_stability_ac","corner=typical; model_corner=tt; temp_c=-40; vdd=3.6","PASS","GM_mode","0","","","/home/vadim/work/eda-harness/ph2/ph2/ldo_dao_acceptance_suite/results/acceptance_full_sky130_corners_phase_fix/summary.txt"
"ldo_dao_acceptance_suite","GBW >= 100 kHz; PM >= 40 deg; GM >= 20 dB","loop_stability_ac","corner=typical; model_corner=tt; temp_c=-40; vdd=3.6","PASS","GBW_Hz","2.2652E+06","","","/home/vadim/work/eda-harness/ph2/ph2/ldo_dao_acceptance_suite/results/acceptance_full_sky130_corners_phase_fix/summary.txt"
"ldo_dao_acceptance_suite","GBW >= 100 kHz; PM >= 40 deg; GM >= 20 dB","loop_stability_ac","corner=typical; model_corner=tt; temp_c=-40; vdd=3.6","FAIL","PM_deg","38.4308","PM_LOW","limit_min_deg=40","/home/vadim/work/eda-harness/ph2/ph2/ldo_dao_acceptance_suite/results/acceptance_full_sky130_corners_phase_fix/summary.txt"
"ldo_dao_acceptance_suite","GBW >= 100 kHz; PM >= 40 deg; GM >= 20 dB","loop_stability_ac","corner=typical; model_corner=tt; temp_c=27; vdd=2.0","PASS","GM_dB","25.3195","","","/home/vadim/work/eda-harness/ph2/ph2/ldo_dao_acceptance_suite/results/acceptance_full_sky130_corners_phase_fix/summary.txt"
"ldo_dao_acceptance_suite","GBW >= 100 kHz; PM >= 40 deg; GM >= 20 dB","loop_stability_ac","corner=typical; model_corner=tt; temp_c=27; vdd=2.0","PASS","GM_mode","0","","","/home/vadim/work/eda-harness/ph2/ph2/ldo_dao_acceptance_suite/results/acceptance_full_sky130_corners_phase_fix/summary.txt"
"ldo_dao_acceptance_suite","GBW >= 100 kHz; PM >= 40 deg; GM >= 20 dB","loop_stability_ac","corner=typical; model_corner=tt; temp_c=27; vdd=2.0","PASS","GBW_Hz","1.92365E+06","","","/home/vadim/work/eda-harness/ph2/ph2/ldo_dao_acceptance_suite/results/acceptance_full_sky130_corners_phase_fix/summary.txt"
"ldo_dao_acceptance_suite","GBW >= 100 kHz; PM >= 40 deg; GM >= 20 dB","loop_stability_ac","corner=typical; model_corner=tt; temp_c=27; vdd=2.0","PASS","PM_deg","43.1787","","","/home/vadim/work/eda-harness/ph2/ph2/ldo_dao_acceptance_suite/results/acceptance_full_sky130_corners_phase_fix/summary.txt"
"ldo_dao_acceptance_suite","GBW >= 100 kHz; PM >= 40 deg; GM >= 20 dB","loop_stability_ac","corner=typical; model_corner=tt; temp_c=27; vdd=3.3","PASS","GM_dB","24.6833","","","/home/vadim/work/eda-harness/ph2/ph2/ldo_dao_acceptance_suite/results/acceptance_full_sky130_corners_phase_fix/summary.txt"
"ldo_dao_acceptance_suite","GBW >= 100 kHz; PM >= 40 deg; GM >= 20 dB","loop_stability_ac","corner=typical; model_corner=tt; temp_c=27; vdd=3.3","PASS","GM_mode","0","","","/home/vadim/work/eda-harness/ph2/ph2/ldo_dao_acceptance_suite/results/acceptance_full_sky130_corners_phase_fix/summary.txt"
"ldo_dao_acceptance_suite","GBW >= 100 kHz; PM >= 40 deg; GM >= 20 dB","loop_stability_ac","corner=typical; model_corner=tt; temp_c=27; vdd=3.3","PASS","GBW_Hz","2.02372E+06","","","/home/vadim/work/eda-harness/ph2/ph2/ldo_dao_acceptance_suite/results/acceptance_full_sky130_corners_phase_fix/summary.txt"
"ldo_dao_acceptance_suite","GBW >= 100 kHz; PM >= 40 deg; GM >= 20 dB","loop_stability_ac","corner=typical; model_corner=tt; temp_c=27; vdd=3.3","FAIL","PM_deg","39.1631","PM_LOW","limit_min_deg=40","/home/vadim/work/eda-harness/ph2/ph2/ldo_dao_acceptance_suite/results/acceptance_full_sky130_corners_phase_fix/summary.txt"
"ldo_dao_acceptance_suite","GBW >= 100 kHz; PM >= 40 deg; GM >= 20 dB","loop_stability_ac","corner=typical; model_corner=tt; temp_c=27; vdd=3.6","PASS","GM_dB","24.7708","","","/home/vadim/work/eda-harness/ph2/ph2/ldo_dao_acceptance_suite/results/acceptance_full_sky130_corners_phase_fix/summary.txt"
"ldo_dao_acceptance_suite","GBW >= 100 kHz; PM >= 40 deg; GM >= 20 dB","loop_stability_ac","corner=typical; model_corner=tt; temp_c=27; vdd=3.6","PASS","GM_mode","0","","","/home/vadim/work/eda-harness/ph2/ph2/ldo_dao_acceptance_suite/results/acceptance_full_sky130_corners_phase_fix/summary.txt"
"ldo_dao_acceptance_suite","GBW >= 100 kHz; PM >= 40 deg; GM >= 20 dB","loop_stability_ac","corner=typical; model_corner=tt; temp_c=27; vdd=3.6","PASS","GBW_Hz","2.02295E+06","","","/home/vadim/work/eda-harness/ph2/ph2/ldo_dao_acceptance_suite/results/acceptance_full_sky130_corners_phase_fix/summary.txt"
"ldo_dao_acceptance_suite","GBW >= 100 kHz; PM >= 40 deg; GM >= 20 dB","loop_stability_ac","corner=typical; model_corner=tt; temp_c=27; vdd=3.6","FAIL","PM_deg","39.7583","PM_LOW","limit_min_deg=40","/home/vadim/work/eda-harness/ph2/ph2/ldo_dao_acceptance_suite/results/acceptance_full_sky130_corners_phase_fix/summary.txt"
"ldo_dao_acceptance_suite","GBW >= 100 kHz; PM >= 40 deg; GM >= 20 dB","loop_stability_ac","corner=typical; model_corner=tt; temp_c=150; vdd=2.0","PASS","GM_dB","26.6117","","","/home/vadim/work/eda-harness/ph2/ph2/ldo_dao_acceptance_suite/results/acceptance_full_sky130_corners_phase_fix/summary.txt"
"ldo_dao_acceptance_suite","GBW >= 100 kHz; PM >= 40 deg; GM >= 20 dB","loop_stability_ac","corner=typical; model_corner=tt; temp_c=150; vdd=2.0","PASS","GM_mode","0","","","/home/vadim/work/eda-harness/ph2/ph2/ldo_dao_acceptance_suite/results/acceptance_full_sky130_corners_phase_fix/summary.txt"
"ldo_dao_acceptance_suite","GBW >= 100 kHz; PM >= 40 deg; GM >= 20 dB","loop_stability_ac","corner=typical; model_corner=tt; temp_c=150; vdd=2.0","PASS","GBW_Hz","1.57068E+06","","","/home/vadim/work/eda-harness/ph2/ph2/ldo_dao_acceptance_suite/results/acceptance_full_sky130_corners_phase_fix/summary.txt"
"ldo_dao_acceptance_suite","GBW >= 100 kHz; PM >= 40 deg; GM >= 20 dB","loop_stability_ac","corner=typical; model_corner=tt; temp_c=150; vdd=2.0","PASS","PM_deg","46.3237","","","/home/vadim/work/eda-harness/ph2/ph2/ldo_dao_acceptance_suite/results/acceptance_full_sky130_corners_phase_fix/summary.txt"
"ldo_dao_acceptance_suite","GBW >= 100 kHz; PM >= 40 deg; GM >= 20 dB","loop_stability_ac","corner=typical; model_corner=tt; temp_c=150; vdd=3.3","PASS","GM_dB","26.0713","","","/home/vadim/work/eda-harness/ph2/ph2/ldo_dao_acceptance_suite/results/acceptance_full_sky130_corners_phase_fix/summary.txt"
"ldo_dao_acceptance_suite","GBW >= 100 kHz; PM >= 40 deg; GM >= 20 dB","loop_stability_ac","corner=typical; model_corner=tt; temp_c=150; vdd=3.3","PASS","GM_mode","0","","","/home/vadim/work/eda-harness/ph2/ph2/ldo_dao_acceptance_suite/results/acceptance_full_sky130_corners_phase_fix/summary.txt"
"ldo_dao_acceptance_suite","GBW >= 100 kHz; PM >= 40 deg; GM >= 20 dB","loop_stability_ac","corner=typical; model_corner=tt; temp_c=150; vdd=3.3","PASS","GBW_Hz","1.65013E+06","","","/home/vadim/work/eda-harness/ph2/ph2/ldo_dao_acceptance_suite/results/acceptance_full_sky130_corners_phase_fix/summary.txt"
"ldo_dao_acceptance_suite","GBW >= 100 kHz; PM >= 40 deg; GM >= 20 dB","loop_stability_ac","corner=typical; model_corner=tt; temp_c=150; vdd=3.3","PASS","PM_deg","42.8884","","","/home/vadim/work/eda-harness/ph2/ph2/ldo_dao_acceptance_suite/results/acceptance_full_sky130_corners_phase_fix/summary.txt"
"ldo_dao_acceptance_suite","GBW >= 100 kHz; PM >= 40 deg; GM >= 20 dB","loop_stability_ac","corner=typical; model_corner=tt; temp_c=150; vdd=3.6","PASS","GM_dB","26.2101","","","/home/vadim/work/eda-harness/ph2/ph2/ldo_dao_acceptance_suite/results/acceptance_full_sky130_corners_phase_fix/summary.txt"
"ldo_dao_acceptance_suite","GBW >= 100 kHz; PM >= 40 deg; GM >= 20 dB","loop_stability_ac","corner=typical; model_corner=tt; temp_c=150; vdd=3.6","PASS","GM_mode","0","","","/home/vadim/work/eda-harness/ph2/ph2/ldo_dao_acceptance_suite/results/acceptance_full_sky130_corners_phase_fix/summary.txt"
"ldo_dao_acceptance_suite","GBW >= 100 kHz; PM >= 40 deg; GM >= 20 dB","loop_stability_ac","corner=typical; model_corner=tt; temp_c=150; vdd=3.6","PASS","GBW_Hz","1.64348E+06","","","/home/vadim/work/eda-harness/ph2/ph2/ldo_dao_acceptance_suite/results/acceptance_full_sky130_corners_phase_fix/summary.txt"
"ldo_dao_acceptance_suite","GBW >= 100 kHz; PM >= 40 deg; GM >= 20 dB","loop_stability_ac","corner=typical; model_corner=tt; temp_c=150; vdd=3.6","PASS","PM_deg","43.8885","","","/home/vadim/work/eda-harness/ph2/ph2/ldo_dao_acceptance_suite/results/acceptance_full_sky130_corners_phase_fix/summary.txt"
"ldo_dao_acceptance_suite","Monte Carlo Vout statistics must be measurable and sigma <= 30 mV","vout_variation_mc","corner=typical; model_corner=tt_mm; sample=1","PASS","Vout_V","1.20072","","","/home/vadim/work/eda-harness/ph2/ph2/ldo_dao_acceptance_suite/results/acceptance_full_sky130_corners_phase_fix/summary.txt"
"ldo_dao_acceptance_suite","Monte Carlo Vout statistics must be measurable and sigma <= 30 mV","vout_variation_mc","corner=typical; model_corner=tt_mm; sample=2","PASS","Vout_V","1.19503","","","/home/vadim/work/eda-harness/ph2/ph2/ldo_dao_acceptance_suite/results/acceptance_full_sky130_corners_phase_fix/summary.txt"
"ldo_dao_acceptance_suite","Monte Carlo Vout statistics must be measurable and sigma <= 30 mV","vout_variation_mc","corner=typical; model_corner=tt_mm; sample=3","PASS","Vout_V","1.1713","","","/home/vadim/work/eda-harness/ph2/ph2/ldo_dao_acceptance_suite/results/acceptance_full_sky130_corners_phase_fix/summary.txt"
"ldo_dao_acceptance_suite","Monte Carlo Vout statistics must be measurable and sigma <= 30 mV","vout_variation_mc","corner=typical; model_corner=tt_mm; sample=4","PASS","Vout_V","1.21206","","","/home/vadim/work/eda-harness/ph2/ph2/ldo_dao_acceptance_suite/results/acceptance_full_sky130_corners_phase_fix/summary.txt"
"ldo_dao_acceptance_suite","Monte Carlo Vout statistics must be measurable and sigma <= 30 mV","vout_variation_mc","corner=typical; model_corner=tt_mm; sample=5","PASS","Vout_V","1.17443","","","/home/vadim/work/eda-harness/ph2/ph2/ldo_dao_acceptance_suite/results/acceptance_full_sky130_corners_phase_fix/summary.txt"
"ldo_dao_acceptance_suite","Monte Carlo Vout statistics must be measurable and sigma <= 30 mV","vout_variation_mc","corner=typical; model_corner=tt_mm; sample=6","PASS","Vout_V","1.21965","","","/home/vadim/work/eda-harness/ph2/ph2/ldo_dao_acceptance_suite/results/acceptance_full_sky130_corners_phase_fix/summary.txt"
"ldo_dao_acceptance_suite","Monte Carlo Vout statistics must be measurable and sigma <= 30 mV","vout_variation_mc","corner=typical; model_corner=tt_mm; sample=7","PASS","Vout_V","1.19573","","","/home/vadim/work/eda-harness/ph2/ph2/ldo_dao_acceptance_suite/results/acceptance_full_sky130_corners_phase_fix/summary.txt"
"ldo_dao_acceptance_suite","Monte Carlo Vout statistics must be measurable and sigma <= 30 mV","vout_variation_mc","corner=typical; model_corner=tt_mm; sample=8","PASS","Vout_V","1.20233","","","/home/vadim/work/eda-harness/ph2/ph2/ldo_dao_acceptance_suite/results/acceptance_full_sky130_corners_phase_fix/summary.txt"
"ldo_dao_acceptance_suite","Monte Carlo Vout statistics must be measurable and sigma <= 30 mV","vout_variation_mc","corner=typical; model_corner=tt_mm; sample=9","PASS","Vout_V","1.20921","","","/home/vadim/work/eda-harness/ph2/ph2/ldo_dao_acceptance_suite/results/acceptance_full_sky130_corners_phase_fix/summary.txt"
"ldo_dao_acceptance_suite","Monte Carlo Vout statistics must be measurable and sigma <= 30 mV","vout_variation_mc","corner=typical; model_corner=tt_mm; sample=10","PASS","Vout_V","1.19525","","","/home/vadim/work/eda-harness/ph2/ph2/ldo_dao_acceptance_suite/results/acceptance_full_sky130_corners_phase_fix/summary.txt"
"ldo_dao_acceptance_suite","Monte Carlo Vout statistics must be measurable and sigma <= 30 mV","vout_variation_mc","corner=typical; model_corner=tt_mm; sample=11","PASS","Vout_V","1.18512","","","/home/vadim/work/eda-harness/ph2/ph2/ldo_dao_acceptance_suite/results/acceptance_full_sky130_corners_phase_fix/summary.txt"
"ldo_dao_acceptance_suite","Monte Carlo Vout statistics must be measurable and sigma <= 30 mV","vout_variation_mc","corner=typical; model_corner=tt_mm; sample=12","PASS","Vout_V","1.1945","","","/home/vadim/work/eda-harness/ph2/ph2/ldo_dao_acceptance_suite/results/acceptance_full_sky130_corners_phase_fix/summary.txt"
"ldo_dao_acceptance_suite","Monte Carlo Vout statistics must be measurable and sigma <= 30 mV","vout_variation_mc","corner=typical; model_corner=tt_mm; sample=13","PASS","Vout_V","1.22613","","","/home/vadim/work/eda-harness/ph2/ph2/ldo_dao_acceptance_suite/results/acceptance_full_sky130_corners_phase_fix/summary.txt"
"ldo_dao_acceptance_suite","Monte Carlo Vout statistics must be measurable and sigma <= 30 mV","vout_variation_mc","corner=typical; model_corner=tt_mm; sample=14","PASS","Vout_V","1.20723","","","/home/vadim/work/eda-harness/ph2/ph2/ldo_dao_acceptance_suite/results/acceptance_full_sky130_corners_phase_fix/summary.txt"
"ldo_dao_acceptance_suite","Monte Carlo Vout statistics must be measurable and sigma <= 30 mV","vout_variation_mc","corner=typical; model_corner=tt_mm; sample=15","PASS","Vout_V","1.19399","","","/home/vadim/work/eda-harness/ph2/ph2/ldo_dao_acceptance_suite/results/acceptance_full_sky130_corners_phase_fix/summary.txt"
"ldo_dao_acceptance_suite","Monte Carlo Vout statistics must be measurable and sigma <= 30 mV","vout_variation_mc","corner=typical; model_corner=tt_mm; sample=16","PASS","Vout_V","1.19221","","","/home/vadim/work/eda-harness/ph2/ph2/ldo_dao_acceptance_suite/results/acceptance_full_sky130_corners_phase_fix/summary.txt"
"ldo_dao_acceptance_suite","Monte Carlo Vout statistics must be measurable and sigma <= 30 mV","vout_variation_mc","corner=typical; model_corner=tt_mm; sample=17","PASS","Vout_V","1.21283","","","/home/vadim/work/eda-harness/ph2/ph2/ldo_dao_acceptance_suite/results/acceptance_full_sky130_corners_phase_fix/summary.txt"
"ldo_dao_acceptance_suite","Monte Carlo Vout statistics must be measurable and sigma <= 30 mV","vout_variation_mc","corner=typical; model_corner=tt_mm; sample=18","PASS","Vout_V","1.19648","","","/home/vadim/work/eda-harness/ph2/ph2/ldo_dao_acceptance_suite/results/acceptance_full_sky130_corners_phase_fix/summary.txt"
"ldo_dao_acceptance_suite","Monte Carlo Vout statistics must be measurable and sigma <= 30 mV","vout_variation_mc","corner=typical; model_corner=tt_mm; sample=19","PASS","Vout_V","1.20363","","","/home/vadim/work/eda-harness/ph2/ph2/ldo_dao_acceptance_suite/results/acceptance_full_sky130_corners_phase_fix/summary.txt"
"ldo_dao_acceptance_suite","Monte Carlo Vout statistics must be measurable and sigma <= 30 mV","vout_variation_mc","corner=typical; model_corner=tt_mm; sample=20","PASS","Vout_V","1.21305","","","/home/vadim/work/eda-harness/ph2/ph2/ldo_dao_acceptance_suite/results/acceptance_full_sky130_corners_phase_fix/summary.txt"
"ldo_dao_acceptance_suite","Monte Carlo Vout statistics must be measurable and sigma <= 30 mV","vout_variation_mc","corner=typical; model_corner=tt_mm; sample=21","PASS","Vout_V","1.22992","","","/home/vadim/work/eda-harness/ph2/ph2/ldo_dao_acceptance_suite/results/acceptance_full_sky130_corners_phase_fix/summary.txt"
"ldo_dao_acceptance_suite","Monte Carlo Vout statistics must be measurable and sigma <= 30 mV","vout_variation_mc","corner=typical; model_corner=tt_mm; sample=22","PASS","Vout_V","1.21225","","","/home/vadim/work/eda-harness/ph2/ph2/ldo_dao_acceptance_suite/results/acceptance_full_sky130_corners_phase_fix/summary.txt"
"ldo_dao_acceptance_suite","Monte Carlo Vout statistics must be measurable and sigma <= 30 mV","vout_variation_mc","corner=typical; model_corner=tt_mm; sample=23","PASS","Vout_V","1.1865","","","/home/vadim/work/eda-harness/ph2/ph2/ldo_dao_acceptance_suite/results/acceptance_full_sky130_corners_phase_fix/summary.txt"
"ldo_dao_acceptance_suite","Monte Carlo Vout statistics must be measurable and sigma <= 30 mV","vout_variation_mc","corner=typical; model_corner=tt_mm; sample=24","PASS","Vout_V","1.19717","","","/home/vadim/work/eda-harness/ph2/ph2/ldo_dao_acceptance_suite/results/acceptance_full_sky130_corners_phase_fix/summary.txt"
"ldo_dao_acceptance_suite","Monte Carlo Vout statistics must be measurable and sigma <= 30 mV","vout_variation_mc","corner=typical; model_corner=tt_mm; sample=25","PASS","Vout_V","1.15834","","","/home/vadim/work/eda-harness/ph2/ph2/ldo_dao_acceptance_suite/results/acceptance_full_sky130_corners_phase_fix/summary.txt"
"ldo_dao_acceptance_suite","Monte Carlo Vout statistics must be measurable and sigma <= 30 mV","vout_variation_mc","corner=typical; model_corner=tt_mm; sample=26","PASS","Vout_V","1.18851","","","/home/vadim/work/eda-harness/ph2/ph2/ldo_dao_acceptance_suite/results/acceptance_full_sky130_corners_phase_fix/summary.txt"
"ldo_dao_acceptance_suite","Monte Carlo Vout statistics must be measurable and sigma <= 30 mV","vout_variation_mc","corner=typical; model_corner=tt_mm; sample=27","PASS","Vout_V","1.1983","","","/home/vadim/work/eda-harness/ph2/ph2/ldo_dao_acceptance_suite/results/acceptance_full_sky130_corners_phase_fix/summary.txt"
"ldo_dao_acceptance_suite","Monte Carlo Vout statistics must be measurable and sigma <= 30 mV","vout_variation_mc","corner=typical; model_corner=tt_mm; sample=28","PASS","Vout_V","1.21126","","","/home/vadim/work/eda-harness/ph2/ph2/ldo_dao_acceptance_suite/results/acceptance_full_sky130_corners_phase_fix/summary.txt"
"ldo_dao_acceptance_suite","Monte Carlo Vout statistics must be measurable and sigma <= 30 mV","vout_variation_mc","corner=typical; model_corner=tt_mm; sample=29","PASS","Vout_V","1.17999","","","/home/vadim/work/eda-harness/ph2/ph2/ldo_dao_acceptance_suite/results/acceptance_full_sky130_corners_phase_fix/summary.txt"
"ldo_dao_acceptance_suite","Monte Carlo Vout statistics must be measurable and sigma <= 30 mV","vout_variation_mc","corner=typical; model_corner=tt_mm; sample=30","PASS","Vout_V","1.17939","","","/home/vadim/work/eda-harness/ph2/ph2/ldo_dao_acceptance_suite/results/acceptance_full_sky130_corners_phase_fix/summary.txt"
"ldo_dao_acceptance_suite","Monte Carlo Vout statistics must be measurable and sigma <= 30 mV","vout_variation_mc","corner=typical; model_corner=tt_mm; sample=31","PASS","Vout_V","1.21721","","","/home/vadim/work/eda-harness/ph2/ph2/ldo_dao_acceptance_suite/results/acceptance_full_sky130_corners_phase_fix/summary.txt"
"ldo_dao_acceptance_suite","Monte Carlo Vout statistics must be measurable and sigma <= 30 mV","vout_variation_mc","corner=typical; model_corner=tt_mm; sample=32","PASS","Vout_V","1.20909","","","/home/vadim/work/eda-harness/ph2/ph2/ldo_dao_acceptance_suite/results/acceptance_full_sky130_corners_phase_fix/summary.txt"
"ldo_dao_acceptance_suite","Monte Carlo Vout statistics must be measurable and sigma <= 30 mV","vout_variation_mc","corner=typical; model_corner=tt_mm; sample=33","PASS","Vout_V","1.18755","","","/home/vadim/work/eda-harness/ph2/ph2/ldo_dao_acceptance_suite/results/acceptance_full_sky130_corners_phase_fix/summary.txt"
"ldo_dao_acceptance_suite","Monte Carlo Vout statistics must be measurable and sigma <= 30 mV","vout_variation_mc","corner=typical; model_corner=tt_mm; sample=34","PASS","Vout_V","1.19529","","","/home/vadim/work/eda-harness/ph2/ph2/ldo_dao_acceptance_suite/results/acceptance_full_sky130_corners_phase_fix/summary.txt"
"ldo_dao_acceptance_suite","Monte Carlo Vout statistics must be measurable and sigma <= 30 mV","vout_variation_mc","corner=typical; model_corner=tt_mm; sample=35","PASS","Vout_V","1.18509","","","/home/vadim/work/eda-harness/ph2/ph2/ldo_dao_acceptance_suite/results/acceptance_full_sky130_corners_phase_fix/summary.txt"
"ldo_dao_acceptance_suite","Monte Carlo Vout statistics must be measurable and sigma <= 30 mV","vout_variation_mc","corner=typical; model_corner=tt_mm; sample=36","PASS","Vout_V","1.22526","","","/home/vadim/work/eda-harness/ph2/ph2/ldo_dao_acceptance_suite/results/acceptance_full_sky130_corners_phase_fix/summary.txt"
"ldo_dao_acceptance_suite","Monte Carlo Vout statistics must be measurable and sigma <= 30 mV","vout_variation_mc","corner=typical; model_corner=tt_mm; sample=37","PASS","Vout_V","1.19827","","","/home/vadim/work/eda-harness/ph2/ph2/ldo_dao_acceptance_suite/results/acceptance_full_sky130_corners_phase_fix/summary.txt"
"ldo_dao_acceptance_suite","Monte Carlo Vout statistics must be measurable and sigma <= 30 mV","vout_variation_mc","corner=typical; model_corner=tt_mm; sample=38","PASS","Vout_V","1.2239","","","/home/vadim/work/eda-harness/ph2/ph2/ldo_dao_acceptance_suite/results/acceptance_full_sky130_corners_phase_fix/summary.txt"
"ldo_dao_acceptance_suite","Monte Carlo Vout statistics must be measurable and sigma <= 30 mV","vout_variation_mc","corner=typical; model_corner=tt_mm; sample=39","PASS","Vout_V","1.1897","","","/home/vadim/work/eda-harness/ph2/ph2/ldo_dao_acceptance_suite/results/acceptance_full_sky130_corners_phase_fix/summary.txt"
"ldo_dao_acceptance_suite","Monte Carlo Vout statistics must be measurable and sigma <= 30 mV","vout_variation_mc","corner=typical; model_corner=tt_mm; sample=40","PASS","Vout_V","1.15555","","","/home/vadim/work/eda-harness/ph2/ph2/ldo_dao_acceptance_suite/results/acceptance_full_sky130_corners_phase_fix/summary.txt"
"ldo_dao_acceptance_suite","Monte Carlo Vout statistics must be measurable and sigma <= 30 mV","vout_variation_mc","corner=typical; model_corner=tt_mm; sample=41","PASS","Vout_V","1.19789","","","/home/vadim/work/eda-harness/ph2/ph2/ldo_dao_acceptance_suite/results/acceptance_full_sky130_corners_phase_fix/summary.txt"
"ldo_dao_acceptance_suite","Monte Carlo Vout statistics must be measurable and sigma <= 30 mV","vout_variation_mc","corner=typical; model_corner=tt_mm; sample=42","PASS","Vout_V","1.19645","","","/home/vadim/work/eda-harness/ph2/ph2/ldo_dao_acceptance_suite/results/acceptance_full_sky130_corners_phase_fix/summary.txt"
"ldo_dao_acceptance_suite","Monte Carlo Vout statistics must be measurable and sigma <= 30 mV","vout_variation_mc","corner=typical; model_corner=tt_mm; sample=43","PASS","Vout_V","1.16445","","","/home/vadim/work/eda-harness/ph2/ph2/ldo_dao_acceptance_suite/results/acceptance_full_sky130_corners_phase_fix/summary.txt"
"ldo_dao_acceptance_suite","Monte Carlo Vout statistics must be measurable and sigma <= 30 mV","vout_variation_mc","corner=typical; model_corner=tt_mm; sample=44","PASS","Vout_V","1.20182","","","/home/vadim/work/eda-harness/ph2/ph2/ldo_dao_acceptance_suite/results/acceptance_full_sky130_corners_phase_fix/summary.txt"
"ldo_dao_acceptance_suite","Monte Carlo Vout statistics must be measurable and sigma <= 30 mV","vout_variation_mc","corner=typical; model_corner=tt_mm; sample=45","PASS","Vout_V","1.16692","","","/home/vadim/work/eda-harness/ph2/ph2/ldo_dao_acceptance_suite/results/acceptance_full_sky130_corners_phase_fix/summary.txt"
"ldo_dao_acceptance_suite","Monte Carlo Vout statistics must be measurable and sigma <= 30 mV","vout_variation_mc","corner=typical; model_corner=tt_mm; sample=46","PASS","Vout_V","1.15923","","","/home/vadim/work/eda-harness/ph2/ph2/ldo_dao_acceptance_suite/results/acceptance_full_sky130_corners_phase_fix/summary.txt"
"ldo_dao_acceptance_suite","Monte Carlo Vout statistics must be measurable and sigma <= 30 mV","vout_variation_mc","corner=typical; model_corner=tt_mm; sample=47","PASS","Vout_V","1.18127","","","/home/vadim/work/eda-harness/ph2/ph2/ldo_dao_acceptance_suite/results/acceptance_full_sky130_corners_phase_fix/summary.txt"
"ldo_dao_acceptance_suite","Monte Carlo Vout statistics must be measurable and sigma <= 30 mV","vout_variation_mc","corner=typical; model_corner=tt_mm; sample=48","PASS","Vout_V","1.18471","","","/home/vadim/work/eda-harness/ph2/ph2/ldo_dao_acceptance_suite/results/acceptance_full_sky130_corners_phase_fix/summary.txt"
"ldo_dao_acceptance_suite","Monte Carlo Vout statistics must be measurable and sigma <= 30 mV","vout_variation_mc","corner=typical; model_corner=tt_mm; sample=49","PASS","Vout_V","1.19906","","","/home/vadim/work/eda-harness/ph2/ph2/ldo_dao_acceptance_suite/results/acceptance_full_sky130_corners_phase_fix/summary.txt"
"ldo_dao_acceptance_suite","Monte Carlo Vout statistics must be measurable and sigma <= 30 mV","vout_variation_mc","corner=typical; model_corner=tt_mm; sample=50","PASS","Vout_V","1.2123","","","/home/vadim/work/eda-harness/ph2/ph2/ldo_dao_acceptance_suite/results/acceptance_full_sky130_corners_phase_fix/summary.txt"
"ldo_dao_acceptance_suite","Monte Carlo Vout statistics must be measurable and sigma <= 30 mV","vout_variation_mc","corner=typical; model_corner=tt_mm; samples=50","PASS","mean_V","1.19587","","","/home/vadim/work/eda-harness/ph2/ph2/ldo_dao_acceptance_suite/results/acceptance_full_sky130_corners_phase_fix/summary.txt"
"ldo_dao_acceptance_suite","Monte Carlo Vout statistics must be measurable and sigma <= 30 mV","vout_variation_mc","corner=typical; model_corner=tt_mm; samples=50","PASS","sigma_mV","17.6995","","","/home/vadim/work/eda-harness/ph2/ph2/ldo_dao_acceptance_suite/results/acceptance_full_sky130_corners_phase_fix/summary.txt"
"ldo_dao_acceptance_suite","1.08 V <= Vout <= 1.32 V; Iq <= 3 uA","dc_iq","corner=fff; model_corner=ff; sweep=PVT; temp_c=-40; vdd=2.0; vref=0.80; ibias_A=400e-9; iload_A=0","PASS","Iin_total_uA","11.0609","","","/home/vadim/work/eda-harness/ph2/ph2/ldo_dao_acceptance_suite/results/acceptance_full_sky130_corners_phase_fix/summary.txt"
"ldo_dao_acceptance_suite","1.08 V <= Vout <= 1.32 V; Iq <= 3 uA","dc_iq","corner=fff; model_corner=ff; sweep=PVT; temp_c=-40; vdd=2.0; vref=0.80; ibias_A=400e-9; iload_A=0","PASS","Vout_V","1.19664","","","/home/vadim/work/eda-harness/ph2/ph2/ldo_dao_acceptance_suite/results/acceptance_full_sky130_corners_phase_fix/summary.txt"
"ldo_dao_acceptance_suite","1.08 V <= Vout <= 1.32 V; Iq <= 3 uA","dc_iq","corner=fff; model_corner=ff; sweep=PVT; temp_c=-40; vdd=2.0; vref=0.80; ibias_A=400e-9; iload_A=0","FAIL","Iq_uA","11.0609","IQ_HIGH","limit_max_uA=3.0","/home/vadim/work/eda-harness/ph2/ph2/ldo_dao_acceptance_suite/results/acceptance_full_sky130_corners_phase_fix/summary.txt"
"ldo_dao_acceptance_suite","1.08 V <= Vout <= 1.32 V; Iq <= 3 uA","dc_iq","corner=fff; model_corner=ff; sweep=PVT; temp_c=-40; vdd=2.0; vref=0.80; ibias_A=400e-9; iload_A=1.5E-05","PASS","Iin_total_uA","26.0427","","","/home/vadim/work/eda-harness/ph2/ph2/ldo_dao_acceptance_suite/results/acceptance_full_sky130_corners_phase_fix/summary.txt"
"ldo_dao_acceptance_suite","1.08 V <= Vout <= 1.32 V; Iq <= 3 uA","dc_iq","corner=fff; model_corner=ff; sweep=PVT; temp_c=-40; vdd=2.0; vref=0.80; ibias_A=400e-9; iload_A=1.5E-05","PASS","Vout_V","1.1945","","","/home/vadim/work/eda-harness/ph2/ph2/ldo_dao_acceptance_suite/results/acceptance_full_sky130_corners_phase_fix/summary.txt"
"ldo_dao_acceptance_suite","1.08 V <= Vout <= 1.32 V; Iq <= 3 uA","dc_iq","corner=fff; model_corner=ff; sweep=PVT; temp_c=-40; vdd=2.0; vref=0.80; ibias_A=400e-9; iload_A=1.5E-05","PASS","Iq_uA","11.0427","","","/home/vadim/work/eda-harness/ph2/ph2/ldo_dao_acceptance_suite/results/acceptance_full_sky130_corners_phase_fix/summary.txt"
"ldo_dao_acceptance_suite","1.08 V <= Vout <= 1.32 V; Iq <= 3 uA","dc_iq","corner=fff; model_corner=ff; sweep=PVT; temp_c=-40; vdd=3.3; vref=0.80; ibias_A=400e-9; iload_A=0","PASS","Iin_total_uA","11.0713","","","/home/vadim/work/eda-harness/ph2/ph2/ldo_dao_acceptance_suite/results/acceptance_full_sky130_corners_phase_fix/summary.txt"
"ldo_dao_acceptance_suite","1.08 V <= Vout <= 1.32 V; Iq <= 3 uA","dc_iq","corner=fff; model_corner=ff; sweep=PVT; temp_c=-40; vdd=3.3; vref=0.80; ibias_A=400e-9; iload_A=0","PASS","Vout_V","1.19715","","","/home/vadim/work/eda-harness/ph2/ph2/ldo_dao_acceptance_suite/results/acceptance_full_sky130_corners_phase_fix/summary.txt"
"ldo_dao_acceptance_suite","1.08 V <= Vout <= 1.32 V; Iq <= 3 uA","dc_iq","corner=fff; model_corner=ff; sweep=PVT; temp_c=-40; vdd=3.3; vref=0.80; ibias_A=400e-9; iload_A=0","FAIL","Iq_uA","11.0713","IQ_HIGH","limit_max_uA=3.0","/home/vadim/work/eda-harness/ph2/ph2/ldo_dao_acceptance_suite/results/acceptance_full_sky130_corners_phase_fix/summary.txt"
"ldo_dao_acceptance_suite","1.08 V <= Vout <= 1.32 V; Iq <= 3 uA","dc_iq","corner=fff; model_corner=ff; sweep=PVT; temp_c=-40; vdd=3.3; vref=0.80; ibias_A=400e-9; iload_A=1.5E-05","PASS","Iin_total_uA","26.0547","","","/home/vadim/work/eda-harness/ph2/ph2/ldo_dao_acceptance_suite/results/acceptance_full_sky130_corners_phase_fix/summary.txt"
"ldo_dao_acceptance_suite","1.08 V <= Vout <= 1.32 V; Iq <= 3 uA","dc_iq","corner=fff; model_corner=ff; sweep=PVT; temp_c=-40; vdd=3.3; vref=0.80; ibias_A=400e-9; iload_A=1.5E-05","PASS","Vout_V","1.19522","","","/home/vadim/work/eda-harness/ph2/ph2/ldo_dao_acceptance_suite/results/acceptance_full_sky130_corners_phase_fix/summary.txt"
"ldo_dao_acceptance_suite","1.08 V <= Vout <= 1.32 V; Iq <= 3 uA","dc_iq","corner=fff; model_corner=ff; sweep=PVT; temp_c=-40; vdd=3.3; vref=0.80; ibias_A=400e-9; iload_A=1.5E-05","PASS","Iq_uA","11.0547","","","/home/vadim/work/eda-harness/ph2/ph2/ldo_dao_acceptance_suite/results/acceptance_full_sky130_corners_phase_fix/summary.txt"
"ldo_dao_acceptance_suite","1.08 V <= Vout <= 1.32 V; Iq <= 3 uA","dc_iq","corner=fff; model_corner=ff; sweep=PVT; temp_c=-40; vdd=3.6; vref=0.80; ibias_A=400e-9; iload_A=0","PASS","Iin_total_uA","11.0764","","","/home/vadim/work/eda-harness/ph2/ph2/ldo_dao_acceptance_suite/results/acceptance_full_sky130_corners_phase_fix/summary.txt"
"ldo_dao_acceptance_suite","1.08 V <= Vout <= 1.32 V; Iq <= 3 uA","dc_iq","corner=fff; model_corner=ff; sweep=PVT; temp_c=-40; vdd=3.6; vref=0.80; ibias_A=400e-9; iload_A=0","PASS","Vout_V","1.19717","","","/home/vadim/work/eda-harness/ph2/ph2/ldo_dao_acceptance_suite/results/acceptance_full_sky130_corners_phase_fix/summary.txt"
"ldo_dao_acceptance_suite","1.08 V <= Vout <= 1.32 V; Iq <= 3 uA","dc_iq","corner=fff; model_corner=ff; sweep=PVT; temp_c=-40; vdd=3.6; vref=0.80; ibias_A=400e-9; iload_A=0","FAIL","Iq_uA","11.0764","IQ_HIGH","limit_max_uA=3.0","/home/vadim/work/eda-harness/ph2/ph2/ldo_dao_acceptance_suite/results/acceptance_full_sky130_corners_phase_fix/summary.txt"
"ldo_dao_acceptance_suite","1.08 V <= Vout <= 1.32 V; Iq <= 3 uA","dc_iq","corner=fff; model_corner=ff; sweep=PVT; temp_c=-40; vdd=3.6; vref=0.80; ibias_A=400e-9; iload_A=1.5E-05","PASS","Iin_total_uA","26.0594","","","/home/vadim/work/eda-harness/ph2/ph2/ldo_dao_acceptance_suite/results/acceptance_full_sky130_corners_phase_fix/summary.txt"
"ldo_dao_acceptance_suite","1.08 V <= Vout <= 1.32 V; Iq <= 3 uA","dc_iq","corner=fff; model_corner=ff; sweep=PVT; temp_c=-40; vdd=3.6; vref=0.80; ibias_A=400e-9; iload_A=1.5E-05","PASS","Vout_V","1.19523","","","/home/vadim/work/eda-harness/ph2/ph2/ldo_dao_acceptance_suite/results/acceptance_full_sky130_corners_phase_fix/summary.txt"
"ldo_dao_acceptance_suite","1.08 V <= Vout <= 1.32 V; Iq <= 3 uA","dc_iq","corner=fff; model_corner=ff; sweep=PVT; temp_c=-40; vdd=3.6; vref=0.80; ibias_A=400e-9; iload_A=1.5E-05","PASS","Iq_uA","11.0594","","","/home/vadim/work/eda-harness/ph2/ph2/ldo_dao_acceptance_suite/results/acceptance_full_sky130_corners_phase_fix/summary.txt"
"ldo_dao_acceptance_suite","1.08 V <= Vout <= 1.32 V; Iq <= 3 uA","dc_iq","corner=fff; model_corner=ff; sweep=PVT; temp_c=27; vdd=2.0; vref=0.80; ibias_A=400e-9; iload_A=0","PASS","Iin_total_uA","11.092","","","/home/vadim/work/eda-harness/ph2/ph2/ldo_dao_acceptance_suite/results/acceptance_full_sky130_corners_phase_fix/summary.txt"
"ldo_dao_acceptance_suite","1.08 V <= Vout <= 1.32 V; Iq <= 3 uA","dc_iq","corner=fff; model_corner=ff; sweep=PVT; temp_c=27; vdd=2.0; vref=0.80; ibias_A=400e-9; iload_A=0","PASS","Vout_V","1.19596","","","/home/vadim/work/eda-harness/ph2/ph2/ldo_dao_acceptance_suite/results/acceptance_full_sky130_corners_phase_fix/summary.txt"
"ldo_dao_acceptance_suite","1.08 V <= Vout <= 1.32 V; Iq <= 3 uA","dc_iq","corner=fff; model_corner=ff; sweep=PVT; temp_c=27; vdd=2.0; vref=0.80; ibias_A=400e-9; iload_A=0","FAIL","Iq_uA","11.092","IQ_HIGH","limit_max_uA=3.0","/home/vadim/work/eda-harness/ph2/ph2/ldo_dao_acceptance_suite/results/acceptance_full_sky130_corners_phase_fix/summary.txt"
"ldo_dao_acceptance_suite","1.08 V <= Vout <= 1.32 V; Iq <= 3 uA","dc_iq","corner=fff; model_corner=ff; sweep=PVT; temp_c=27; vdd=2.0; vref=0.80; ibias_A=400e-9; iload_A=1.5E-05","PASS","Iin_total_uA","26.0711","","","/home/vadim/work/eda-harness/ph2/ph2/ldo_dao_acceptance_suite/results/acceptance_full_sky130_corners_phase_fix/summary.txt"
"ldo_dao_acceptance_suite","1.08 V <= Vout <= 1.32 V; Iq <= 3 uA","dc_iq","corner=fff; model_corner=ff; sweep=PVT; temp_c=27; vdd=2.0; vref=0.80; ibias_A=400e-9; iload_A=1.5E-05","PASS","Vout_V","1.19349","","","/home/vadim/work/eda-harness/ph2/ph2/ldo_dao_acceptance_suite/results/acceptance_full_sky130_corners_phase_fix/summary.txt"
"ldo_dao_acceptance_suite","1.08 V <= Vout <= 1.32 V; Iq <= 3 uA","dc_iq","corner=fff; model_corner=ff; sweep=PVT; temp_c=27; vdd=2.0; vref=0.80; ibias_A=400e-9; iload_A=1.5E-05","PASS","Iq_uA","11.0711","","","/home/vadim/work/eda-harness/ph2/ph2/ldo_dao_acceptance_suite/results/acceptance_full_sky130_corners_phase_fix/summary.txt"
"ldo_dao_acceptance_suite","1.08 V <= Vout <= 1.32 V; Iq <= 3 uA","dc_iq","corner=fff; model_corner=ff; sweep=PVT; temp_c=27; vdd=3.3; vref=0.80; ibias_A=400e-9; iload_A=0","PASS","Iin_total_uA","11.1025","","","/home/vadim/work/eda-harness/ph2/ph2/ldo_dao_acceptance_suite/results/acceptance_full_sky130_corners_phase_fix/summary.txt"
"ldo_dao_acceptance_suite","1.08 V <= Vout <= 1.32 V; Iq <= 3 uA","dc_iq","corner=fff; model_corner=ff; sweep=PVT; temp_c=27; vdd=3.3; vref=0.80; ibias_A=400e-9; iload_A=0","PASS","Vout_V","1.1965","","","/home/vadim/work/eda-harness/ph2/ph2/ldo_dao_acceptance_suite/results/acceptance_full_sky130_corners_phase_fix/summary.txt"
"ldo_dao_acceptance_suite","1.08 V <= Vout <= 1.32 V; Iq <= 3 uA","dc_iq","corner=fff; model_corner=ff; sweep=PVT; temp_c=27; vdd=3.3; vref=0.80; ibias_A=400e-9; iload_A=0","FAIL","Iq_uA","11.1025","IQ_HIGH","limit_max_uA=3.0","/home/vadim/work/eda-harness/ph2/ph2/ldo_dao_acceptance_suite/results/acceptance_full_sky130_corners_phase_fix/summary.txt"
"ldo_dao_acceptance_suite","1.08 V <= Vout <= 1.32 V; Iq <= 3 uA","dc_iq","corner=fff; model_corner=ff; sweep=PVT; temp_c=27; vdd=3.3; vref=0.80; ibias_A=400e-9; iload_A=1.5E-05","PASS","Iin_total_uA","26.0832","","","/home/vadim/work/eda-harness/ph2/ph2/ldo_dao_acceptance_suite/results/acceptance_full_sky130_corners_phase_fix/summary.txt"
"ldo_dao_acceptance_suite","1.08 V <= Vout <= 1.32 V; Iq <= 3 uA","dc_iq","corner=fff; model_corner=ff; sweep=PVT; temp_c=27; vdd=3.3; vref=0.80; ibias_A=400e-9; iload_A=1.5E-05","PASS","Vout_V","1.19426","","","/home/vadim/work/eda-harness/ph2/ph2/ldo_dao_acceptance_suite/results/acceptance_full_sky130_corners_phase_fix/summary.txt"
"ldo_dao_acceptance_suite","1.08 V <= Vout <= 1.32 V; Iq <= 3 uA","dc_iq","corner=fff; model_corner=ff; sweep=PVT; temp_c=27; vdd=3.3; vref=0.80; ibias_A=400e-9; iload_A=1.5E-05","PASS","Iq_uA","11.0832","","","/home/vadim/work/eda-harness/ph2/ph2/ldo_dao_acceptance_suite/results/acceptance_full_sky130_corners_phase_fix/summary.txt"
"ldo_dao_acceptance_suite","1.08 V <= Vout <= 1.32 V; Iq <= 3 uA","dc_iq","corner=fff; model_corner=ff; sweep=PVT; temp_c=27; vdd=3.6; vref=0.80; ibias_A=400e-9; iload_A=0","PASS","Iin_total_uA","11.1081","","","/home/vadim/work/eda-harness/ph2/ph2/ldo_dao_acceptance_suite/results/acceptance_full_sky130_corners_phase_fix/summary.txt"
"ldo_dao_acceptance_suite","1.08 V <= Vout <= 1.32 V; Iq <= 3 uA","dc_iq","corner=fff; model_corner=ff; sweep=PVT; temp_c=27; vdd=3.6; vref=0.80; ibias_A=400e-9; iload_A=0","PASS","Vout_V","1.1965","","","/home/vadim/work/eda-harness/ph2/ph2/ldo_dao_acceptance_suite/results/acceptance_full_sky130_corners_phase_fix/summary.txt"
"ldo_dao_acceptance_suite","1.08 V <= Vout <= 1.32 V; Iq <= 3 uA","dc_iq","corner=fff; model_corner=ff; sweep=PVT; temp_c=27; vdd=3.6; vref=0.80; ibias_A=400e-9; iload_A=0","FAIL","Iq_uA","11.1081","IQ_HIGH","limit_max_uA=3.0","/home/vadim/work/eda-harness/ph2/ph2/ldo_dao_acceptance_suite/results/acceptance_full_sky130_corners_phase_fix/summary.txt"
"ldo_dao_acceptance_suite","1.08 V <= Vout <= 1.32 V; Iq <= 3 uA","dc_iq","corner=fff; model_corner=ff; sweep=PVT; temp_c=27; vdd=3.6; vref=0.80; ibias_A=400e-9; iload_A=1.5E-05","PASS","Iin_total_uA","26.0881","","","/home/vadim/work/eda-harness/ph2/ph2/ldo_dao_acceptance_suite/results/acceptance_full_sky130_corners_phase_fix/summary.txt"
"ldo_dao_acceptance_suite","1.08 V <= Vout <= 1.32 V; Iq <= 3 uA","dc_iq","corner=fff; model_corner=ff; sweep=PVT; temp_c=27; vdd=3.6; vref=0.80; ibias_A=400e-9; iload_A=1.5E-05","PASS","Vout_V","1.19423","","","/home/vadim/work/eda-harness/ph2/ph2/ldo_dao_acceptance_suite/results/acceptance_full_sky130_corners_phase_fix/summary.txt"
"ldo_dao_acceptance_suite","1.08 V <= Vout <= 1.32 V; Iq <= 3 uA","dc_iq","corner=fff; model_corner=ff; sweep=PVT; temp_c=27; vdd=3.6; vref=0.80; ibias_A=400e-9; iload_A=1.5E-05","PASS","Iq_uA","11.0881","","","/home/vadim/work/eda-harness/ph2/ph2/ldo_dao_acceptance_suite/results/acceptance_full_sky130_corners_phase_fix/summary.txt"
"ldo_dao_acceptance_suite","1.08 V <= Vout <= 1.32 V; Iq <= 3 uA","dc_iq","corner=fff; model_corner=ff; sweep=PVT; temp_c=150; vdd=2.0; vref=0.80; ibias_A=400e-9; iload_A=0","PASS","Iin_total_uA","11.1181","","","/home/vadim/work/eda-harness/ph2/ph2/ldo_dao_acceptance_suite/results/acceptance_full_sky130_corners_phase_fix/summary.txt"
"ldo_dao_acceptance_suite","1.08 V <= Vout <= 1.32 V; Iq <= 3 uA","dc_iq","corner=fff; model_corner=ff; sweep=PVT; temp_c=150; vdd=2.0; vref=0.80; ibias_A=400e-9; iload_A=0","PASS","Vout_V","1.19432","","","/home/vadim/work/eda-harness/ph2/ph2/ldo_dao_acceptance_suite/results/acceptance_full_sky130_corners_phase_fix/summary.txt"
"ldo_dao_acceptance_suite","1.08 V <= Vout <= 1.32 V; Iq <= 3 uA","dc_iq","corner=fff; model_corner=ff; sweep=PVT; temp_c=150; vdd=2.0; vref=0.80; ibias_A=400e-9; iload_A=0","FAIL","Iq_uA","11.1181","IQ_HIGH","limit_max_uA=3.0","/home/vadim/work/eda-harness/ph2/ph2/ldo_dao_acceptance_suite/results/acceptance_full_sky130_corners_phase_fix/summary.txt"
"ldo_dao_acceptance_suite","1.08 V <= Vout <= 1.32 V; Iq <= 3 uA","dc_iq","corner=fff; model_corner=ff; sweep=PVT; temp_c=150; vdd=2.0; vref=0.80; ibias_A=400e-9; iload_A=1.5E-05","PASS","Iin_total_uA","26.0904","","","/home/vadim/work/eda-harness/ph2/ph2/ldo_dao_acceptance_suite/results/acceptance_full_sky130_corners_phase_fix/summary.txt"
"ldo_dao_acceptance_suite","1.08 V <= Vout <= 1.32 V; Iq <= 3 uA","dc_iq","corner=fff; model_corner=ff; sweep=PVT; temp_c=150; vdd=2.0; vref=0.80; ibias_A=400e-9; iload_A=1.5E-05","PASS","Vout_V","1.19103","","","/home/vadim/work/eda-harness/ph2/ph2/ldo_dao_acceptance_suite/results/acceptance_full_sky130_corners_phase_fix/summary.txt"
"ldo_dao_acceptance_suite","1.08 V <= Vout <= 1.32 V; Iq <= 3 uA","dc_iq","corner=fff; model_corner=ff; sweep=PVT; temp_c=150; vdd=2.0; vref=0.80; ibias_A=400e-9; iload_A=1.5E-05","PASS","Iq_uA","11.0904","","","/home/vadim/work/eda-harness/ph2/ph2/ldo_dao_acceptance_suite/results/acceptance_full_sky130_corners_phase_fix/summary.txt"
"ldo_dao_acceptance_suite","1.08 V <= Vout <= 1.32 V; Iq <= 3 uA","dc_iq","corner=fff; model_corner=ff; sweep=PVT; temp_c=150; vdd=3.3; vref=0.80; ibias_A=400e-9; iload_A=0","PASS","Iin_total_uA","11.1304","","","/home/vadim/work/eda-harness/ph2/ph2/ldo_dao_acceptance_suite/results/acceptance_full_sky130_corners_phase_fix/summary.txt"
"ldo_dao_acceptance_suite","1.08 V <= Vout <= 1.32 V; Iq <= 3 uA","dc_iq","corner=fff; model_corner=ff; sweep=PVT; temp_c=150; vdd=3.3; vref=0.80; ibias_A=400e-9; iload_A=0","PASS","Vout_V","1.1949","","","/home/vadim/work/eda-harness/ph2/ph2/ldo_dao_acceptance_suite/results/acceptance_full_sky130_corners_phase_fix/summary.txt"
"ldo_dao_acceptance_suite","1.08 V <= Vout <= 1.32 V; Iq <= 3 uA","dc_iq","corner=fff; model_corner=ff; sweep=PVT; temp_c=150; vdd=3.3; vref=0.80; ibias_A=400e-9; iload_A=0","FAIL","Iq_uA","11.1304","IQ_HIGH","limit_max_uA=3.0","/home/vadim/work/eda-harness/ph2/ph2/ldo_dao_acceptance_suite/results/acceptance_full_sky130_corners_phase_fix/summary.txt"
"ldo_dao_acceptance_suite","1.08 V <= Vout <= 1.32 V; Iq <= 3 uA","dc_iq","corner=fff; model_corner=ff; sweep=PVT; temp_c=150; vdd=3.3; vref=0.80; ibias_A=400e-9; iload_A=1.5E-05","PASS","Iin_total_uA","26.1041","","","/home/vadim/work/eda-harness/ph2/ph2/ldo_dao_acceptance_suite/results/acceptance_full_sky130_corners_phase_fix/summary.txt"
"ldo_dao_acceptance_suite","1.08 V <= Vout <= 1.32 V; Iq <= 3 uA","dc_iq","corner=fff; model_corner=ff; sweep=PVT; temp_c=150; vdd=3.3; vref=0.80; ibias_A=400e-9; iload_A=1.5E-05","PASS","Vout_V","1.19185","","","/home/vadim/work/eda-harness/ph2/ph2/ldo_dao_acceptance_suite/results/acceptance_full_sky130_corners_phase_fix/summary.txt"
"ldo_dao_acceptance_suite","1.08 V <= Vout <= 1.32 V; Iq <= 3 uA","dc_iq","corner=fff; model_corner=ff; sweep=PVT; temp_c=150; vdd=3.3; vref=0.80; ibias_A=400e-9; iload_A=1.5E-05","PASS","Iq_uA","11.1041","","","/home/vadim/work/eda-harness/ph2/ph2/ldo_dao_acceptance_suite/results/acceptance_full_sky130_corners_phase_fix/summary.txt"
"ldo_dao_acceptance_suite","1.08 V <= Vout <= 1.32 V; Iq <= 3 uA","dc_iq","corner=fff; model_corner=ff; sweep=PVT; temp_c=150; vdd=3.6; vref=0.80; ibias_A=400e-9; iload_A=0","PASS","Iin_total_uA","11.1374","","","/home/vadim/work/eda-harness/ph2/ph2/ldo_dao_acceptance_suite/results/acceptance_full_sky130_corners_phase_fix/summary.txt"
"ldo_dao_acceptance_suite","1.08 V <= Vout <= 1.32 V; Iq <= 3 uA","dc_iq","corner=fff; model_corner=ff; sweep=PVT; temp_c=150; vdd=3.6; vref=0.80; ibias_A=400e-9; iload_A=0","PASS","Vout_V","1.19484","","","/home/vadim/work/eda-harness/ph2/ph2/ldo_dao_acceptance_suite/results/acceptance_full_sky130_corners_phase_fix/summary.txt"
"ldo_dao_acceptance_suite","1.08 V <= Vout <= 1.32 V; Iq <= 3 uA","dc_iq","corner=fff; model_corner=ff; sweep=PVT; temp_c=150; vdd=3.6; vref=0.80; ibias_A=400e-9; iload_A=0","FAIL","Iq_uA","11.1374","IQ_HIGH","limit_max_uA=3.0","/home/vadim/work/eda-harness/ph2/ph2/ldo_dao_acceptance_suite/results/acceptance_full_sky130_corners_phase_fix/summary.txt"
"ldo_dao_acceptance_suite","1.08 V <= Vout <= 1.32 V; Iq <= 3 uA","dc_iq","corner=fff; model_corner=ff; sweep=PVT; temp_c=150; vdd=3.6; vref=0.80; ibias_A=400e-9; iload_A=1.5E-05","PASS","Iin_total_uA","26.1098","","","/home/vadim/work/eda-harness/ph2/ph2/ldo_dao_acceptance_suite/results/acceptance_full_sky130_corners_phase_fix/summary.txt"
"ldo_dao_acceptance_suite","1.08 V <= Vout <= 1.32 V; Iq <= 3 uA","dc_iq","corner=fff; model_corner=ff; sweep=PVT; temp_c=150; vdd=3.6; vref=0.80; ibias_A=400e-9; iload_A=1.5E-05","PASS","Vout_V","1.19171","","","/home/vadim/work/eda-harness/ph2/ph2/ldo_dao_acceptance_suite/results/acceptance_full_sky130_corners_phase_fix/summary.txt"
"ldo_dao_acceptance_suite","1.08 V <= Vout <= 1.32 V; Iq <= 3 uA","dc_iq","corner=fff; model_corner=ff; sweep=PVT; temp_c=150; vdd=3.6; vref=0.80; ibias_A=400e-9; iload_A=1.5E-05","PASS","Iq_uA","11.1098","","","/home/vadim/work/eda-harness/ph2/ph2/ldo_dao_acceptance_suite/results/acceptance_full_sky130_corners_phase_fix/summary.txt"
"ldo_dao_acceptance_suite","1.08 V <= Vout <= 1.32 V; Iq <= 3 uA","dc_iq","corner=fff; model_corner=ff; sweep=VREF; temp_c=27; vdd=3.3; vref=0.72; ibias_A=400e-9; iload_A=0","PASS","Iin_total_uA","10.0817","","","/home/vadim/work/eda-harness/ph2/ph2/ldo_dao_acceptance_suite/results/acceptance_full_sky130_corners_phase_fix/summary.txt"
"ldo_dao_acceptance_suite","1.08 V <= Vout <= 1.32 V; Iq <= 3 uA","dc_iq","corner=fff; model_corner=ff; sweep=VREF; temp_c=27; vdd=3.3; vref=0.72; ibias_A=400e-9; iload_A=0","FAIL","Vout_V","1.07669","VOUT_LOW","limit_min_V=1.08","/home/vadim/work/eda-harness/ph2/ph2/ldo_dao_acceptance_suite/results/acceptance_full_sky130_corners_phase_fix/summary.txt"
"ldo_dao_acceptance_suite","1.08 V <= Vout <= 1.32 V; Iq <= 3 uA","dc_iq","corner=fff; model_corner=ff; sweep=VREF; temp_c=27; vdd=3.3; vref=0.72; ibias_A=400e-9; iload_A=0","FAIL","Iq_uA","10.0817","IQ_HIGH","limit_max_uA=3.0","/home/vadim/work/eda-harness/ph2/ph2/ldo_dao_acceptance_suite/results/acceptance_full_sky130_corners_phase_fix/summary.txt"
"ldo_dao_acceptance_suite","1.08 V <= Vout <= 1.32 V; Iq <= 3 uA","dc_iq","corner=fff; model_corner=ff; sweep=VREF; temp_c=27; vdd=3.3; vref=0.72; ibias_A=400e-9; iload_A=1.5E-05","PASS","Iin_total_uA","25.0611","","","/home/vadim/work/eda-harness/ph2/ph2/ldo_dao_acceptance_suite/results/acceptance_full_sky130_corners_phase_fix/summary.txt"
"ldo_dao_acceptance_suite","1.08 V <= Vout <= 1.32 V; Iq <= 3 uA","dc_iq","corner=fff; model_corner=ff; sweep=VREF; temp_c=27; vdd=3.3; vref=0.72; ibias_A=400e-9; iload_A=1.5E-05","FAIL","Vout_V","1.07433","VOUT_LOW","limit_min_V=1.08","/home/vadim/work/eda-harness/ph2/ph2/ldo_dao_acceptance_suite/results/acceptance_full_sky130_corners_phase_fix/summary.txt"
"ldo_dao_acceptance_suite","1.08 V <= Vout <= 1.32 V; Iq <= 3 uA","dc_iq","corner=fff; model_corner=ff; sweep=VREF; temp_c=27; vdd=3.3; vref=0.72; ibias_A=400e-9; iload_A=1.5E-05","PASS","Iq_uA","10.0611","","","/home/vadim/work/eda-harness/ph2/ph2/ldo_dao_acceptance_suite/results/acceptance_full_sky130_corners_phase_fix/summary.txt"
"ldo_dao_acceptance_suite","1.08 V <= Vout <= 1.32 V; Iq <= 3 uA","dc_iq","corner=fff; model_corner=ff; sweep=VREF; temp_c=27; vdd=3.3; vref=0.88; ibias_A=400e-9; iload_A=0","PASS","Iin_total_uA","12.1157","","","/home/vadim/work/eda-harness/ph2/ph2/ldo_dao_acceptance_suite/results/acceptance_full_sky130_corners_phase_fix/summary.txt"
"ldo_dao_acceptance_suite","1.08 V <= Vout <= 1.32 V; Iq <= 3 uA","dc_iq","corner=fff; model_corner=ff; sweep=VREF; temp_c=27; vdd=3.3; vref=0.88; ibias_A=400e-9; iload_A=0","PASS","Vout_V","1.31631","","","/home/vadim/work/eda-harness/ph2/ph2/ldo_dao_acceptance_suite/results/acceptance_full_sky130_corners_phase_fix/summary.txt"
"ldo_dao_acceptance_suite","1.08 V <= Vout <= 1.32 V; Iq <= 3 uA","dc_iq","corner=fff; model_corner=ff; sweep=VREF; temp_c=27; vdd=3.3; vref=0.88; ibias_A=400e-9; iload_A=0","FAIL","Iq_uA","12.1157","IQ_HIGH","limit_max_uA=3.0","/home/vadim/work/eda-harness/ph2/ph2/ldo_dao_acceptance_suite/results/acceptance_full_sky130_corners_phase_fix/summary.txt"
"ldo_dao_acceptance_suite","1.08 V <= Vout <= 1.32 V; Iq <= 3 uA","dc_iq","corner=fff; model_corner=ff; sweep=VREF; temp_c=27; vdd=3.3; vref=0.88; ibias_A=400e-9; iload_A=1.5E-05","PASS","Iin_total_uA","27.0974","","","/home/vadim/work/eda-harness/ph2/ph2/ldo_dao_acceptance_suite/results/acceptance_full_sky130_corners_phase_fix/summary.txt"
"ldo_dao_acceptance_suite","1.08 V <= Vout <= 1.32 V; Iq <= 3 uA","dc_iq","corner=fff; model_corner=ff; sweep=VREF; temp_c=27; vdd=3.3; vref=0.88; ibias_A=400e-9; iload_A=1.5E-05","PASS","Vout_V","1.31417","","","/home/vadim/work/eda-harness/ph2/ph2/ldo_dao_acceptance_suite/results/acceptance_full_sky130_corners_phase_fix/summary.txt"
"ldo_dao_acceptance_suite","1.08 V <= Vout <= 1.32 V; Iq <= 3 uA","dc_iq","corner=fff; model_corner=ff; sweep=VREF; temp_c=27; vdd=3.3; vref=0.88; ibias_A=400e-9; iload_A=1.5E-05","PASS","Iq_uA","12.0974","","","/home/vadim/work/eda-harness/ph2/ph2/ldo_dao_acceptance_suite/results/acceptance_full_sky130_corners_phase_fix/summary.txt"
"ldo_dao_acceptance_suite","1.08 V <= Vout <= 1.32 V; Iq <= 3 uA","dc_iq","corner=fff; model_corner=ff; sweep=IBIAS; temp_c=27; vdd=3.3; vref=0.80; ibias_A=3E-07; iload_A=0","PASS","Iin_total_uA","10.8164","","","/home/vadim/work/eda-harness/ph2/ph2/ldo_dao_acceptance_suite/results/acceptance_full_sky130_corners_phase_fix/summary.txt"
"ldo_dao_acceptance_suite","1.08 V <= Vout <= 1.32 V; Iq <= 3 uA","dc_iq","corner=fff; model_corner=ff; sweep=IBIAS; temp_c=27; vdd=3.3; vref=0.80; ibias_A=3E-07; iload_A=0","PASS","Vout_V","1.19603","","","/home/vadim/work/eda-harness/ph2/ph2/ldo_dao_acceptance_suite/results/acceptance_full_sky130_corners_phase_fix/summary.txt"
"ldo_dao_acceptance_suite","1.08 V <= Vout <= 1.32 V; Iq <= 3 uA","dc_iq","corner=fff; model_corner=ff; sweep=IBIAS; temp_c=27; vdd=3.3; vref=0.80; ibias_A=3E-07; iload_A=0","FAIL","Iq_uA","10.8164","IQ_HIGH","limit_max_uA=3.0","/home/vadim/work/eda-harness/ph2/ph2/ldo_dao_acceptance_suite/results/acceptance_full_sky130_corners_phase_fix/summary.txt"
"ldo_dao_acceptance_suite","1.08 V <= Vout <= 1.32 V; Iq <= 3 uA","dc_iq","corner=fff; model_corner=ff; sweep=IBIAS; temp_c=27; vdd=3.3; vref=0.80; ibias_A=3E-07; iload_A=1.5E-05","PASS","Iin_total_uA","25.7972","","","/home/vadim/work/eda-harness/ph2/ph2/ldo_dao_acceptance_suite/results/acceptance_full_sky130_corners_phase_fix/summary.txt"
"ldo_dao_acceptance_suite","1.08 V <= Vout <= 1.32 V; Iq <= 3 uA","dc_iq","corner=fff; model_corner=ff; sweep=IBIAS; temp_c=27; vdd=3.3; vref=0.80; ibias_A=3E-07; iload_A=1.5E-05","PASS","Vout_V","1.19378","","","/home/vadim/work/eda-harness/ph2/ph2/ldo_dao_acceptance_suite/results/acceptance_full_sky130_corners_phase_fix/summary.txt"
"ldo_dao_acceptance_suite","1.08 V <= Vout <= 1.32 V; Iq <= 3 uA","dc_iq","corner=fff; model_corner=ff; sweep=IBIAS; temp_c=27; vdd=3.3; vref=0.80; ibias_A=3E-07; iload_A=1.5E-05","PASS","Iq_uA","10.7972","","","/home/vadim/work/eda-harness/ph2/ph2/ldo_dao_acceptance_suite/results/acceptance_full_sky130_corners_phase_fix/summary.txt"
"ldo_dao_acceptance_suite","1.08 V <= Vout <= 1.32 V; Iq <= 3 uA","dc_iq","corner=fff; model_corner=ff; sweep=IBIAS; temp_c=27; vdd=3.3; vref=0.80; ibias_A=5E-07; iload_A=0","PASS","Iin_total_uA","11.3872","","","/home/vadim/work/eda-harness/ph2/ph2/ldo_dao_acceptance_suite/results/acceptance_full_sky130_corners_phase_fix/summary.txt"
"ldo_dao_acceptance_suite","1.08 V <= Vout <= 1.32 V; Iq <= 3 uA","dc_iq","corner=fff; model_corner=ff; sweep=IBIAS; temp_c=27; vdd=3.3; vref=0.80; ibias_A=5E-07; iload_A=0","PASS","Vout_V","1.19686","","","/home/vadim/work/eda-harness/ph2/ph2/ldo_dao_acceptance_suite/results/acceptance_full_sky130_corners_phase_fix/summary.txt"
"ldo_dao_acceptance_suite","1.08 V <= Vout <= 1.32 V; Iq <= 3 uA","dc_iq","corner=fff; model_corner=ff; sweep=IBIAS; temp_c=27; vdd=3.3; vref=0.80; ibias_A=5E-07; iload_A=0","FAIL","Iq_uA","11.3872","IQ_HIGH","limit_max_uA=3.0","/home/vadim/work/eda-harness/ph2/ph2/ldo_dao_acceptance_suite/results/acceptance_full_sky130_corners_phase_fix/summary.txt"
"ldo_dao_acceptance_suite","1.08 V <= Vout <= 1.32 V; Iq <= 3 uA","dc_iq","corner=fff; model_corner=ff; sweep=IBIAS; temp_c=27; vdd=3.3; vref=0.80; ibias_A=5E-07; iload_A=1.5E-05","PASS","Iin_total_uA","26.3678","","","/home/vadim/work/eda-harness/ph2/ph2/ldo_dao_acceptance_suite/results/acceptance_full_sky130_corners_phase_fix/summary.txt"
"ldo_dao_acceptance_suite","1.08 V <= Vout <= 1.32 V; Iq <= 3 uA","dc_iq","corner=fff; model_corner=ff; sweep=IBIAS; temp_c=27; vdd=3.3; vref=0.80; ibias_A=5E-07; iload_A=1.5E-05","PASS","Vout_V","1.19463","","","/home/vadim/work/eda-harness/ph2/ph2/ldo_dao_acceptance_suite/results/acceptance_full_sky130_corners_phase_fix/summary.txt"
"ldo_dao_acceptance_suite","1.08 V <= Vout <= 1.32 V; Iq <= 3 uA","dc_iq","corner=fff; model_corner=ff; sweep=IBIAS; temp_c=27; vdd=3.3; vref=0.80; ibias_A=5E-07; iload_A=1.5E-05","PASS","Iq_uA","11.3678","","","/home/vadim/work/eda-harness/ph2/ph2/ldo_dao_acceptance_suite/results/acceptance_full_sky130_corners_phase_fix/summary.txt"
"ldo_dao_acceptance_suite","dynamic-load regulation: valid pre/post Vout; drop <= 50 mV; overshoot <= 20 mV; average drop <= 25 mV","dynamic_load_tran","corner=fff; model_corner=ff; temp_c=-40; vdd=2.0","PASS","Vout_pre_V","1.1945","","","/home/vadim/work/eda-harness/ph2/ph2/ldo_dao_acceptance_suite/results/acceptance_full_sky130_corners_phase_fix/summary.txt"
"ldo_dao_acceptance_suite","dynamic-load regulation: valid pre/post Vout; drop <= 50 mV; overshoot <= 20 mV; average drop <= 25 mV","dynamic_load_tran","corner=fff; model_corner=ff; temp_c=-40; vdd=2.0","PASS","drop_mV","14.899","","","/home/vadim/work/eda-harness/ph2/ph2/ldo_dao_acceptance_suite/results/acceptance_full_sky130_corners_phase_fix/summary.txt"
"ldo_dao_acceptance_suite","dynamic-load regulation: valid pre/post Vout; drop <= 50 mV; overshoot <= 20 mV; average drop <= 25 mV","dynamic_load_tran","corner=fff; model_corner=ff; temp_c=-40; vdd=2.0","PASS","Vout_max_V","1.19813","","","/home/vadim/work/eda-harness/ph2/ph2/ldo_dao_acceptance_suite/results/acceptance_full_sky130_corners_phase_fix/summary.txt"
"ldo_dao_acceptance_suite","dynamic-load regulation: valid pre/post Vout; drop <= 50 mV; overshoot <= 20 mV; average drop <= 25 mV","dynamic_load_tran","corner=fff; model_corner=ff; temp_c=-40; vdd=2.0","PASS","Vout_min_V","1.1796","","","/home/vadim/work/eda-harness/ph2/ph2/ldo_dao_acceptance_suite/results/acceptance_full_sky130_corners_phase_fix/summary.txt"
"ldo_dao_acceptance_suite","dynamic-load regulation: valid pre/post Vout; drop <= 50 mV; overshoot <= 20 mV; average drop <= 25 mV","dynamic_load_tran","corner=fff; model_corner=ff; temp_c=-40; vdd=2.0","PASS","avg_drop_mV","5.172","","","/home/vadim/work/eda-harness/ph2/ph2/ldo_dao_acceptance_suite/results/acceptance_full_sky130_corners_phase_fix/summary.txt"
"ldo_dao_acceptance_suite","dynamic-load regulation: valid pre/post Vout; drop <= 50 mV; overshoot <= 20 mV; average drop <= 25 mV","dynamic_load_tran","corner=fff; model_corner=ff; temp_c=-40; vdd=2.0","PASS","Vout_dyn_avg_V","1.18933","","","/home/vadim/work/eda-harness/ph2/ph2/ldo_dao_acceptance_suite/results/acceptance_full_sky130_corners_phase_fix/summary.txt"
"ldo_dao_acceptance_suite","dynamic-load regulation: valid pre/post Vout; drop <= 50 mV; overshoot <= 20 mV; average drop <= 25 mV","dynamic_load_tran","corner=fff; model_corner=ff; temp_c=-40; vdd=2.0","PASS","overshoot_mV","3.632","","","/home/vadim/work/eda-harness/ph2/ph2/ldo_dao_acceptance_suite/results/acceptance_full_sky130_corners_phase_fix/summary.txt"
"ldo_dao_acceptance_suite","dynamic-load regulation: valid pre/post Vout; drop <= 50 mV; overshoot <= 20 mV; average drop <= 25 mV","dynamic_load_tran","corner=fff; model_corner=ff; temp_c=-40; vdd=3.3","PASS","Vout_pre_V","1.19521","","","/home/vadim/work/eda-harness/ph2/ph2/ldo_dao_acceptance_suite/results/acceptance_full_sky130_corners_phase_fix/summary.txt"
"ldo_dao_acceptance_suite","dynamic-load regulation: valid pre/post Vout; drop <= 50 mV; overshoot <= 20 mV; average drop <= 25 mV","dynamic_load_tran","corner=fff; model_corner=ff; temp_c=-40; vdd=3.3","PASS","drop_mV","14.702","","","/home/vadim/work/eda-harness/ph2/ph2/ldo_dao_acceptance_suite/results/acceptance_full_sky130_corners_phase_fix/summary.txt"
"ldo_dao_acceptance_suite","dynamic-load regulation: valid pre/post Vout; drop <= 50 mV; overshoot <= 20 mV; average drop <= 25 mV","dynamic_load_tran","corner=fff; model_corner=ff; temp_c=-40; vdd=3.3","PASS","Vout_max_V","1.20002","","","/home/vadim/work/eda-harness/ph2/ph2/ldo_dao_acceptance_suite/results/acceptance_full_sky130_corners_phase_fix/summary.txt"
"ldo_dao_acceptance_suite","dynamic-load regulation: valid pre/post Vout; drop <= 50 mV; overshoot <= 20 mV; average drop <= 25 mV","dynamic_load_tran","corner=fff; model_corner=ff; temp_c=-40; vdd=3.3","PASS","Vout_min_V","1.18051","","","/home/vadim/work/eda-harness/ph2/ph2/ldo_dao_acceptance_suite/results/acceptance_full_sky130_corners_phase_fix/summary.txt"
"ldo_dao_acceptance_suite","dynamic-load regulation: valid pre/post Vout; drop <= 50 mV; overshoot <= 20 mV; average drop <= 25 mV","dynamic_load_tran","corner=fff; model_corner=ff; temp_c=-40; vdd=3.3","PASS","avg_drop_mV","4.439","","","/home/vadim/work/eda-harness/ph2/ph2/ldo_dao_acceptance_suite/results/acceptance_full_sky130_corners_phase_fix/summary.txt"
"ldo_dao_acceptance_suite","dynamic-load regulation: valid pre/post Vout; drop <= 50 mV; overshoot <= 20 mV; average drop <= 25 mV","dynamic_load_tran","corner=fff; model_corner=ff; temp_c=-40; vdd=3.3","PASS","Vout_dyn_avg_V","1.19077","","","/home/vadim/work/eda-harness/ph2/ph2/ldo_dao_acceptance_suite/results/acceptance_full_sky130_corners_phase_fix/summary.txt"
"ldo_dao_acceptance_suite","dynamic-load regulation: valid pre/post Vout; drop <= 50 mV; overshoot <= 20 mV; average drop <= 25 mV","dynamic_load_tran","corner=fff; model_corner=ff; temp_c=-40; vdd=3.3","PASS","overshoot_mV","4.803","","","/home/vadim/work/eda-harness/ph2/ph2/ldo_dao_acceptance_suite/results/acceptance_full_sky130_corners_phase_fix/summary.txt"
"ldo_dao_acceptance_suite","dynamic-load regulation: valid pre/post Vout; drop <= 50 mV; overshoot <= 20 mV; average drop <= 25 mV","dynamic_load_tran","corner=fff; model_corner=ff; temp_c=-40; vdd=3.6","PASS","Vout_pre_V","1.19523","","","/home/vadim/work/eda-harness/ph2/ph2/ldo_dao_acceptance_suite/results/acceptance_full_sky130_corners_phase_fix/summary.txt"
"ldo_dao_acceptance_suite","dynamic-load regulation: valid pre/post Vout; drop <= 50 mV; overshoot <= 20 mV; average drop <= 25 mV","dynamic_load_tran","corner=fff; model_corner=ff; temp_c=-40; vdd=3.6","PASS","drop_mV","14.699","","","/home/vadim/work/eda-harness/ph2/ph2/ldo_dao_acceptance_suite/results/acceptance_full_sky130_corners_phase_fix/summary.txt"
"ldo_dao_acceptance_suite","dynamic-load regulation: valid pre/post Vout; drop <= 50 mV; overshoot <= 20 mV; average drop <= 25 mV","dynamic_load_tran","corner=fff; model_corner=ff; temp_c=-40; vdd=3.6","PASS","Vout_max_V","1.19997","","","/home/vadim/work/eda-harness/ph2/ph2/ldo_dao_acceptance_suite/results/acceptance_full_sky130_corners_phase_fix/summary.txt"
"ldo_dao_acceptance_suite","dynamic-load regulation: valid pre/post Vout; drop <= 50 mV; overshoot <= 20 mV; average drop <= 25 mV","dynamic_load_tran","corner=fff; model_corner=ff; temp_c=-40; vdd=3.6","PASS","Vout_min_V","1.18053","","","/home/vadim/work/eda-harness/ph2/ph2/ldo_dao_acceptance_suite/results/acceptance_full_sky130_corners_phase_fix/summary.txt"
"ldo_dao_acceptance_suite","dynamic-load regulation: valid pre/post Vout; drop <= 50 mV; overshoot <= 20 mV; average drop <= 25 mV","dynamic_load_tran","corner=fff; model_corner=ff; temp_c=-40; vdd=3.6","PASS","avg_drop_mV","4.465","","","/home/vadim/work/eda-harness/ph2/ph2/ldo_dao_acceptance_suite/results/acceptance_full_sky130_corners_phase_fix/summary.txt"
"ldo_dao_acceptance_suite","dynamic-load regulation: valid pre/post Vout; drop <= 50 mV; overshoot <= 20 mV; average drop <= 25 mV","dynamic_load_tran","corner=fff; model_corner=ff; temp_c=-40; vdd=3.6","PASS","Vout_dyn_avg_V","1.19076","","","/home/vadim/work/eda-harness/ph2/ph2/ldo_dao_acceptance_suite/results/acceptance_full_sky130_corners_phase_fix/summary.txt"
"ldo_dao_acceptance_suite","dynamic-load regulation: valid pre/post Vout; drop <= 50 mV; overshoot <= 20 mV; average drop <= 25 mV","dynamic_load_tran","corner=fff; model_corner=ff; temp_c=-40; vdd=3.6","PASS","overshoot_mV","4.737","","","/home/vadim/work/eda-harness/ph2/ph2/ldo_dao_acceptance_suite/results/acceptance_full_sky130_corners_phase_fix/summary.txt"
"ldo_dao_acceptance_suite","dynamic-load regulation: valid pre/post Vout; drop <= 50 mV; overshoot <= 20 mV; average drop <= 25 mV","dynamic_load_tran","corner=fff; model_corner=ff; temp_c=27; vdd=2.0","PASS","Vout_pre_V","1.19349","","","/home/vadim/work/eda-harness/ph2/ph2/ldo_dao_acceptance_suite/results/acceptance_full_sky130_corners_phase_fix/summary.txt"
"ldo_dao_acceptance_suite","dynamic-load regulation: valid pre/post Vout; drop <= 50 mV; overshoot <= 20 mV; average drop <= 25 mV","dynamic_load_tran","corner=fff; model_corner=ff; temp_c=27; vdd=2.0","PASS","drop_mV","16.819","","","/home/vadim/work/eda-harness/ph2/ph2/ldo_dao_acceptance_suite/results/acceptance_full_sky130_corners_phase_fix/summary.txt"
"ldo_dao_acceptance_suite","dynamic-load regulation: valid pre/post Vout; drop <= 50 mV; overshoot <= 20 mV; average drop <= 25 mV","dynamic_load_tran","corner=fff; model_corner=ff; temp_c=27; vdd=2.0","PASS","Vout_max_V","1.19647","","","/home/vadim/work/eda-harness/ph2/ph2/ldo_dao_acceptance_suite/results/acceptance_full_sky130_corners_phase_fix/summary.txt"
"ldo_dao_acceptance_suite","dynamic-load regulation: valid pre/post Vout; drop <= 50 mV; overshoot <= 20 mV; average drop <= 25 mV","dynamic_load_tran","corner=fff; model_corner=ff; temp_c=27; vdd=2.0","PASS","Vout_min_V","1.17667","","","/home/vadim/work/eda-harness/ph2/ph2/ldo_dao_acceptance_suite/results/acceptance_full_sky130_corners_phase_fix/summary.txt"
"ldo_dao_acceptance_suite","dynamic-load regulation: valid pre/post Vout; drop <= 50 mV; overshoot <= 20 mV; average drop <= 25 mV","dynamic_load_tran","corner=fff; model_corner=ff; temp_c=27; vdd=2.0","PASS","avg_drop_mV","5.72","","","/home/vadim/work/eda-harness/ph2/ph2/ldo_dao_acceptance_suite/results/acceptance_full_sky130_corners_phase_fix/summary.txt"
"ldo_dao_acceptance_suite","dynamic-load regulation: valid pre/post Vout; drop <= 50 mV; overshoot <= 20 mV; average drop <= 25 mV","dynamic_load_tran","corner=fff; model_corner=ff; temp_c=27; vdd=2.0","PASS","Vout_dyn_avg_V","1.18777","","","/home/vadim/work/eda-harness/ph2/ph2/ldo_dao_acceptance_suite/results/acceptance_full_sky130_corners_phase_fix/summary.txt"
"ldo_dao_acceptance_suite","dynamic-load regulation: valid pre/post Vout; drop <= 50 mV; overshoot <= 20 mV; average drop <= 25 mV","dynamic_load_tran","corner=fff; model_corner=ff; temp_c=27; vdd=2.0","PASS","overshoot_mV","2.988","","","/home/vadim/work/eda-harness/ph2/ph2/ldo_dao_acceptance_suite/results/acceptance_full_sky130_corners_phase_fix/summary.txt"
"ldo_dao_acceptance_suite","dynamic-load regulation: valid pre/post Vout; drop <= 50 mV; overshoot <= 20 mV; average drop <= 25 mV","dynamic_load_tran","corner=fff; model_corner=ff; temp_c=27; vdd=3.3","PASS","Vout_pre_V","1.19426","","","/home/vadim/work/eda-harness/ph2/ph2/ldo_dao_acceptance_suite/results/acceptance_full_sky130_corners_phase_fix/summary.txt"
"ldo_dao_acceptance_suite","dynamic-load regulation: valid pre/post Vout; drop <= 50 mV; overshoot <= 20 mV; average drop <= 25 mV","dynamic_load_tran","corner=fff; model_corner=ff; temp_c=27; vdd=3.3","PASS","drop_mV","15.698","","","/home/vadim/work/eda-harness/ph2/ph2/ldo_dao_acceptance_suite/results/acceptance_full_sky130_corners_phase_fix/summary.txt"
"ldo_dao_acceptance_suite","dynamic-load regulation: valid pre/post Vout; drop <= 50 mV; overshoot <= 20 mV; average drop <= 25 mV","dynamic_load_tran","corner=fff; model_corner=ff; temp_c=27; vdd=3.3","PASS","Vout_max_V","1.1989","","","/home/vadim/work/eda-harness/ph2/ph2/ldo_dao_acceptance_suite/results/acceptance_full_sky130_corners_phase_fix/summary.txt"
"ldo_dao_acceptance_suite","dynamic-load regulation: valid pre/post Vout; drop <= 50 mV; overshoot <= 20 mV; average drop <= 25 mV","dynamic_load_tran","corner=fff; model_corner=ff; temp_c=27; vdd=3.3","PASS","Vout_min_V","1.17856","","","/home/vadim/work/eda-harness/ph2/ph2/ldo_dao_acceptance_suite/results/acceptance_full_sky130_corners_phase_fix/summary.txt"
"ldo_dao_acceptance_suite","dynamic-load regulation: valid pre/post Vout; drop <= 50 mV; overshoot <= 20 mV; average drop <= 25 mV","dynamic_load_tran","corner=fff; model_corner=ff; temp_c=27; vdd=3.3","PASS","avg_drop_mV","4.877","","","/home/vadim/work/eda-harness/ph2/ph2/ldo_dao_acceptance_suite/results/acceptance_full_sky130_corners_phase_fix/summary.txt"
"ldo_dao_acceptance_suite","dynamic-load regulation: valid pre/post Vout; drop <= 50 mV; overshoot <= 20 mV; average drop <= 25 mV","dynamic_load_tran","corner=fff; model_corner=ff; temp_c=27; vdd=3.3","PASS","Vout_dyn_avg_V","1.18938","","","/home/vadim/work/eda-harness/ph2/ph2/ldo_dao_acceptance_suite/results/acceptance_full_sky130_corners_phase_fix/summary.txt"
"ldo_dao_acceptance_suite","dynamic-load regulation: valid pre/post Vout; drop <= 50 mV; overshoot <= 20 mV; average drop <= 25 mV","dynamic_load_tran","corner=fff; model_corner=ff; temp_c=27; vdd=3.3","PASS","overshoot_mV","4.643","","","/home/vadim/work/eda-harness/ph2/ph2/ldo_dao_acceptance_suite/results/acceptance_full_sky130_corners_phase_fix/summary.txt"
"ldo_dao_acceptance_suite","dynamic-load regulation: valid pre/post Vout; drop <= 50 mV; overshoot <= 20 mV; average drop <= 25 mV","dynamic_load_tran","corner=fff; model_corner=ff; temp_c=27; vdd=3.6","PASS","Vout_pre_V","1.19423","","","/home/vadim/work/eda-harness/ph2/ph2/ldo_dao_acceptance_suite/results/acceptance_full_sky130_corners_phase_fix/summary.txt"
"ldo_dao_acceptance_suite","dynamic-load regulation: valid pre/post Vout; drop <= 50 mV; overshoot <= 20 mV; average drop <= 25 mV","dynamic_load_tran","corner=fff; model_corner=ff; temp_c=27; vdd=3.6","PASS","drop_mV","15.669","","","/home/vadim/work/eda-harness/ph2/ph2/ldo_dao_acceptance_suite/results/acceptance_full_sky130_corners_phase_fix/summary.txt"
"ldo_dao_acceptance_suite","dynamic-load regulation: valid pre/post Vout; drop <= 50 mV; overshoot <= 20 mV; average drop <= 25 mV","dynamic_load_tran","corner=fff; model_corner=ff; temp_c=27; vdd=3.6","PASS","Vout_max_V","1.19881","","","/home/vadim/work/eda-harness/ph2/ph2/ldo_dao_acceptance_suite/results/acceptance_full_sky130_corners_phase_fix/summary.txt"
"ldo_dao_acceptance_suite","dynamic-load regulation: valid pre/post Vout; drop <= 50 mV; overshoot <= 20 mV; average drop <= 25 mV","dynamic_load_tran","corner=fff; model_corner=ff; temp_c=27; vdd=3.6","PASS","Vout_min_V","1.17856","","","/home/vadim/work/eda-harness/ph2/ph2/ldo_dao_acceptance_suite/results/acceptance_full_sky130_corners_phase_fix/summary.txt"
"ldo_dao_acceptance_suite","dynamic-load regulation: valid pre/post Vout; drop <= 50 mV; overshoot <= 20 mV; average drop <= 25 mV","dynamic_load_tran","corner=fff; model_corner=ff; temp_c=27; vdd=3.6","PASS","avg_drop_mV","4.915","","","/home/vadim/work/eda-harness/ph2/ph2/ldo_dao_acceptance_suite/results/acceptance_full_sky130_corners_phase_fix/summary.txt"
"ldo_dao_acceptance_suite","dynamic-load regulation: valid pre/post Vout; drop <= 50 mV; overshoot <= 20 mV; average drop <= 25 mV","dynamic_load_tran","corner=fff; model_corner=ff; temp_c=27; vdd=3.6","PASS","Vout_dyn_avg_V","1.18931","","","/home/vadim/work/eda-harness/ph2/ph2/ldo_dao_acceptance_suite/results/acceptance_full_sky130_corners_phase_fix/summary.txt"
"ldo_dao_acceptance_suite","dynamic-load regulation: valid pre/post Vout; drop <= 50 mV; overshoot <= 20 mV; average drop <= 25 mV","dynamic_load_tran","corner=fff; model_corner=ff; temp_c=27; vdd=3.6","PASS","overshoot_mV","4.578","","","/home/vadim/work/eda-harness/ph2/ph2/ldo_dao_acceptance_suite/results/acceptance_full_sky130_corners_phase_fix/summary.txt"
"ldo_dao_acceptance_suite","dynamic-load regulation: valid pre/post Vout; drop <= 50 mV; overshoot <= 20 mV; average drop <= 25 mV","dynamic_load_tran","corner=fff; model_corner=ff; temp_c=150; vdd=2.0","PASS","Vout_pre_V","1.19103","","","/home/vadim/work/eda-harness/ph2/ph2/ldo_dao_acceptance_suite/results/acceptance_full_sky130_corners_phase_fix/summary.txt"
"ldo_dao_acceptance_suite","dynamic-load regulation: valid pre/post Vout; drop <= 50 mV; overshoot <= 20 mV; average drop <= 25 mV","dynamic_load_tran","corner=fff; model_corner=ff; temp_c=150; vdd=2.0","PASS","drop_mV","20.01","","","/home/vadim/work/eda-harness/ph2/ph2/ldo_dao_acceptance_suite/results/acceptance_full_sky130_corners_phase_fix/summary.txt"
"ldo_dao_acceptance_suite","dynamic-load regulation: valid pre/post Vout; drop <= 50 mV; overshoot <= 20 mV; average drop <= 25 mV","dynamic_load_tran","corner=fff; model_corner=ff; temp_c=150; vdd=2.0","PASS","Vout_max_V","1.19103","","","/home/vadim/work/eda-harness/ph2/ph2/ldo_dao_acceptance_suite/results/acceptance_full_sky130_corners_phase_fix/summary.txt"
"ldo_dao_acceptance_suite","dynamic-load regulation: valid pre/post Vout; drop <= 50 mV; overshoot <= 20 mV; average drop <= 25 mV","dynamic_load_tran","corner=fff; model_corner=ff; temp_c=150; vdd=2.0","PASS","Vout_min_V","1.17102","","","/home/vadim/work/eda-harness/ph2/ph2/ldo_dao_acceptance_suite/results/acceptance_full_sky130_corners_phase_fix/summary.txt"
"ldo_dao_acceptance_suite","dynamic-load regulation: valid pre/post Vout; drop <= 50 mV; overshoot <= 20 mV; average drop <= 25 mV","dynamic_load_tran","corner=fff; model_corner=ff; temp_c=150; vdd=2.0","PASS","avg_drop_mV","7.107","","","/home/vadim/work/eda-harness/ph2/ph2/ldo_dao_acceptance_suite/results/acceptance_full_sky130_corners_phase_fix/summary.txt"
"ldo_dao_acceptance_suite","dynamic-load regulation: valid pre/post Vout; drop <= 50 mV; overshoot <= 20 mV; average drop <= 25 mV","dynamic_load_tran","corner=fff; model_corner=ff; temp_c=150; vdd=2.0","PASS","Vout_dyn_avg_V","1.18393","","","/home/vadim/work/eda-harness/ph2/ph2/ldo_dao_acceptance_suite/results/acceptance_full_sky130_corners_phase_fix/summary.txt"
"ldo_dao_acceptance_suite","dynamic-load regulation: valid pre/post Vout; drop <= 50 mV; overshoot <= 20 mV; average drop <= 25 mV","dynamic_load_tran","corner=fff; model_corner=ff; temp_c=150; vdd=2.0","PASS","overshoot_mV","0","","","/home/vadim/work/eda-harness/ph2/ph2/ldo_dao_acceptance_suite/results/acceptance_full_sky130_corners_phase_fix/summary.txt"
"ldo_dao_acceptance_suite","dynamic-load regulation: valid pre/post Vout; drop <= 50 mV; overshoot <= 20 mV; average drop <= 25 mV","dynamic_load_tran","corner=fff; model_corner=ff; temp_c=150; vdd=3.3","PASS","Vout_pre_V","1.19185","","","/home/vadim/work/eda-harness/ph2/ph2/ldo_dao_acceptance_suite/results/acceptance_full_sky130_corners_phase_fix/summary.txt"
"ldo_dao_acceptance_suite","dynamic-load regulation: valid pre/post Vout; drop <= 50 mV; overshoot <= 20 mV; average drop <= 25 mV","dynamic_load_tran","corner=fff; model_corner=ff; temp_c=150; vdd=3.3","PASS","drop_mV","19.238","","","/home/vadim/work/eda-harness/ph2/ph2/ldo_dao_acceptance_suite/results/acceptance_full_sky130_corners_phase_fix/summary.txt"
"ldo_dao_acceptance_suite","dynamic-load regulation: valid pre/post Vout; drop <= 50 mV; overshoot <= 20 mV; average drop <= 25 mV","dynamic_load_tran","corner=fff; model_corner=ff; temp_c=150; vdd=3.3","PASS","Vout_max_V","1.19382","","","/home/vadim/work/eda-harness/ph2/ph2/ldo_dao_acceptance_suite/results/acceptance_full_sky130_corners_phase_fix/summary.txt"
"ldo_dao_acceptance_suite","dynamic-load regulation: valid pre/post Vout; drop <= 50 mV; overshoot <= 20 mV; average drop <= 25 mV","dynamic_load_tran","corner=fff; model_corner=ff; temp_c=150; vdd=3.3","PASS","Vout_min_V","1.17261","","","/home/vadim/work/eda-harness/ph2/ph2/ldo_dao_acceptance_suite/results/acceptance_full_sky130_corners_phase_fix/summary.txt"
"ldo_dao_acceptance_suite","dynamic-load regulation: valid pre/post Vout; drop <= 50 mV; overshoot <= 20 mV; average drop <= 25 mV","dynamic_load_tran","corner=fff; model_corner=ff; temp_c=150; vdd=3.3","PASS","avg_drop_mV","6.007","","","/home/vadim/work/eda-harness/ph2/ph2/ldo_dao_acceptance_suite/results/acceptance_full_sky130_corners_phase_fix/summary.txt"
"ldo_dao_acceptance_suite","dynamic-load regulation: valid pre/post Vout; drop <= 50 mV; overshoot <= 20 mV; average drop <= 25 mV","dynamic_load_tran","corner=fff; model_corner=ff; temp_c=150; vdd=3.3","PASS","Vout_dyn_avg_V","1.18584","","","/home/vadim/work/eda-harness/ph2/ph2/ldo_dao_acceptance_suite/results/acceptance_full_sky130_corners_phase_fix/summary.txt"
"ldo_dao_acceptance_suite","dynamic-load regulation: valid pre/post Vout; drop <= 50 mV; overshoot <= 20 mV; average drop <= 25 mV","dynamic_load_tran","corner=fff; model_corner=ff; temp_c=150; vdd=3.3","PASS","overshoot_mV","1.978","","","/home/vadim/work/eda-harness/ph2/ph2/ldo_dao_acceptance_suite/results/acceptance_full_sky130_corners_phase_fix/summary.txt"
"ldo_dao_acceptance_suite","dynamic-load regulation: valid pre/post Vout; drop <= 50 mV; overshoot <= 20 mV; average drop <= 25 mV","dynamic_load_tran","corner=fff; model_corner=ff; temp_c=150; vdd=3.6","PASS","Vout_pre_V","1.19171","","","/home/vadim/work/eda-harness/ph2/ph2/ldo_dao_acceptance_suite/results/acceptance_full_sky130_corners_phase_fix/summary.txt"
"ldo_dao_acceptance_suite","dynamic-load regulation: valid pre/post Vout; drop <= 50 mV; overshoot <= 20 mV; average drop <= 25 mV","dynamic_load_tran","corner=fff; model_corner=ff; temp_c=150; vdd=3.6","PASS","drop_mV","19.233","","","/home/vadim/work/eda-harness/ph2/ph2/ldo_dao_acceptance_suite/results/acceptance_full_sky130_corners_phase_fix/summary.txt"
"ldo_dao_acceptance_suite","dynamic-load regulation: valid pre/post Vout; drop <= 50 mV; overshoot <= 20 mV; average drop <= 25 mV","dynamic_load_tran","corner=fff; model_corner=ff; temp_c=150; vdd=3.6","PASS","Vout_max_V","1.19358","","","/home/vadim/work/eda-harness/ph2/ph2/ldo_dao_acceptance_suite/results/acceptance_full_sky130_corners_phase_fix/summary.txt"
"ldo_dao_acceptance_suite","dynamic-load regulation: valid pre/post Vout; drop <= 50 mV; overshoot <= 20 mV; average drop <= 25 mV","dynamic_load_tran","corner=fff; model_corner=ff; temp_c=150; vdd=3.6","PASS","Vout_min_V","1.17247","","","/home/vadim/work/eda-harness/ph2/ph2/ldo_dao_acceptance_suite/results/acceptance_full_sky130_corners_phase_fix/summary.txt"
"ldo_dao_acceptance_suite","dynamic-load regulation: valid pre/post Vout; drop <= 50 mV; overshoot <= 20 mV; average drop <= 25 mV","dynamic_load_tran","corner=fff; model_corner=ff; temp_c=150; vdd=3.6","PASS","avg_drop_mV","6.111","","","/home/vadim/work/eda-harness/ph2/ph2/ldo_dao_acceptance_suite/results/acceptance_full_sky130_corners_phase_fix/summary.txt"
"ldo_dao_acceptance_suite","dynamic-load regulation: valid pre/post Vout; drop <= 50 mV; overshoot <= 20 mV; average drop <= 25 mV","dynamic_load_tran","corner=fff; model_corner=ff; temp_c=150; vdd=3.6","PASS","Vout_dyn_avg_V","1.1856","","","/home/vadim/work/eda-harness/ph2/ph2/ldo_dao_acceptance_suite/results/acceptance_full_sky130_corners_phase_fix/summary.txt"
"ldo_dao_acceptance_suite","dynamic-load regulation: valid pre/post Vout; drop <= 50 mV; overshoot <= 20 mV; average drop <= 25 mV","dynamic_load_tran","corner=fff; model_corner=ff; temp_c=150; vdd=3.6","PASS","overshoot_mV","1.868","","","/home/vadim/work/eda-harness/ph2/ph2/ldo_dao_acceptance_suite/results/acceptance_full_sky130_corners_phase_fix/summary.txt"
"ldo_dao_acceptance_suite","PSRR_min >= 40 dB","psrr_ac","corner=fff; model_corner=ff; temp_c=-40; vdd=2.0","PASS","PSRR_min_dB","43.7101","","","/home/vadim/work/eda-harness/ph2/ph2/ldo_dao_acceptance_suite/results/acceptance_full_sky130_corners_phase_fix/summary.txt"
"ldo_dao_acceptance_suite","PSRR_min >= 40 dB","psrr_ac","corner=fff; model_corner=ff; temp_c=-40; vdd=3.3","PASS","PSRR_min_dB","43.2967","","","/home/vadim/work/eda-harness/ph2/ph2/ldo_dao_acceptance_suite/results/acceptance_full_sky130_corners_phase_fix/summary.txt"
"ldo_dao_acceptance_suite","PSRR_min >= 40 dB","psrr_ac","corner=fff; model_corner=ff; temp_c=-40; vdd=3.6","PASS","PSRR_min_dB","43.3983","","","/home/vadim/work/eda-harness/ph2/ph2/ldo_dao_acceptance_suite/results/acceptance_full_sky130_corners_phase_fix/summary.txt"
"ldo_dao_acceptance_suite","PSRR_min >= 40 dB","psrr_ac","corner=fff; model_corner=ff; temp_c=27; vdd=2.0","PASS","PSRR_min_dB","43.7037","","","/home/vadim/work/eda-harness/ph2/ph2/ldo_dao_acceptance_suite/results/acceptance_full_sky130_corners_phase_fix/summary.txt"
"ldo_dao_acceptance_suite","PSRR_min >= 40 dB","psrr_ac","corner=fff; model_corner=ff; temp_c=27; vdd=3.3","PASS","PSRR_min_dB","43.3981","","","/home/vadim/work/eda-harness/ph2/ph2/ldo_dao_acceptance_suite/results/acceptance_full_sky130_corners_phase_fix/summary.txt"
"ldo_dao_acceptance_suite","PSRR_min >= 40 dB","psrr_ac","corner=fff; model_corner=ff; temp_c=27; vdd=3.6","PASS","PSRR_min_dB","43.5302","","","/home/vadim/work/eda-harness/ph2/ph2/ldo_dao_acceptance_suite/results/acceptance_full_sky130_corners_phase_fix/summary.txt"
"ldo_dao_acceptance_suite","PSRR_min >= 40 dB","psrr_ac","corner=fff; model_corner=ff; temp_c=150; vdd=2.0","PASS","PSRR_min_dB","43.7049","","","/home/vadim/work/eda-harness/ph2/ph2/ldo_dao_acceptance_suite/results/acceptance_full_sky130_corners_phase_fix/summary.txt"
"ldo_dao_acceptance_suite","PSRR_min >= 40 dB","psrr_ac","corner=fff; model_corner=ff; temp_c=150; vdd=3.3","PASS","PSRR_min_dB","43.6549","","","/home/vadim/work/eda-harness/ph2/ph2/ldo_dao_acceptance_suite/results/acceptance_full_sky130_corners_phase_fix/summary.txt"
"ldo_dao_acceptance_suite","PSRR_min >= 40 dB","psrr_ac","corner=fff; model_corner=ff; temp_c=150; vdd=3.6","PASS","PSRR_min_dB","43.8336","","","/home/vadim/work/eda-harness/ph2/ph2/ldo_dao_acceptance_suite/results/acceptance_full_sky130_corners_phase_fix/summary.txt"
"ldo_dao_acceptance_suite","GBW >= 100 kHz; PM >= 40 deg; GM >= 20 dB","loop_stability_ac","corner=fff; model_corner=ff; temp_c=-40; vdd=2.0","PASS","GM_dB","24.6309","","","/home/vadim/work/eda-harness/ph2/ph2/ldo_dao_acceptance_suite/results/acceptance_full_sky130_corners_phase_fix/summary.txt"
"ldo_dao_acceptance_suite","GBW >= 100 kHz; PM >= 40 deg; GM >= 20 dB","loop_stability_ac","corner=fff; model_corner=ff; temp_c=-40; vdd=2.0","PASS","GM_mode","0","","","/home/vadim/work/eda-harness/ph2/ph2/ldo_dao_acceptance_suite/results/acceptance_full_sky130_corners_phase_fix/summary.txt"
"ldo_dao_acceptance_suite","GBW >= 100 kHz; PM >= 40 deg; GM >= 20 dB","loop_stability_ac","corner=fff; model_corner=ff; temp_c=-40; vdd=2.0","PASS","GBW_Hz","2.21785E+06","","","/home/vadim/work/eda-harness/ph2/ph2/ldo_dao_acceptance_suite/results/acceptance_full_sky130_corners_phase_fix/summary.txt"
"ldo_dao_acceptance_suite","GBW >= 100 kHz; PM >= 40 deg; GM >= 20 dB","loop_stability_ac","corner=fff; model_corner=ff; temp_c=-40; vdd=2.0","PASS","PM_deg","44.7283","","","/home/vadim/work/eda-harness/ph2/ph2/ldo_dao_acceptance_suite/results/acceptance_full_sky130_corners_phase_fix/summary.txt"
"ldo_dao_acceptance_suite","GBW >= 100 kHz; PM >= 40 deg; GM >= 20 dB","loop_stability_ac","corner=fff; model_corner=ff; temp_c=-40; vdd=3.3","PASS","GM_dB","24.0516","","","/home/vadim/work/eda-harness/ph2/ph2/ldo_dao_acceptance_suite/results/acceptance_full_sky130_corners_phase_fix/summary.txt"
"ldo_dao_acceptance_suite","GBW >= 100 kHz; PM >= 40 deg; GM >= 20 dB","loop_stability_ac","corner=fff; model_corner=ff; temp_c=-40; vdd=3.3","PASS","GM_mode","0","","","/home/vadim/work/eda-harness/ph2/ph2/ldo_dao_acceptance_suite/results/acceptance_full_sky130_corners_phase_fix/summary.txt"
"ldo_dao_acceptance_suite","GBW >= 100 kHz; PM >= 40 deg; GM >= 20 dB","loop_stability_ac","corner=fff; model_corner=ff; temp_c=-40; vdd=3.3","PASS","GBW_Hz","2.3342E+06","","","/home/vadim/work/eda-harness/ph2/ph2/ldo_dao_acceptance_suite/results/acceptance_full_sky130_corners_phase_fix/summary.txt"
"ldo_dao_acceptance_suite","GBW >= 100 kHz; PM >= 40 deg; GM >= 20 dB","loop_stability_ac","corner=fff; model_corner=ff; temp_c=-40; vdd=3.3","PASS","PM_deg","40.8981","","","/home/vadim/work/eda-harness/ph2/ph2/ldo_dao_acceptance_suite/results/acceptance_full_sky130_corners_phase_fix/summary.txt"
"ldo_dao_acceptance_suite","GBW >= 100 kHz; PM >= 40 deg; GM >= 20 dB","loop_stability_ac","corner=fff; model_corner=ff; temp_c=-40; vdd=3.6","PASS","GM_dB","24.1083","","","/home/vadim/work/eda-harness/ph2/ph2/ldo_dao_acceptance_suite/results/acceptance_full_sky130_corners_phase_fix/summary.txt"
"ldo_dao_acceptance_suite","GBW >= 100 kHz; PM >= 40 deg; GM >= 20 dB","loop_stability_ac","corner=fff; model_corner=ff; temp_c=-40; vdd=3.6","PASS","GM_mode","0","","","/home/vadim/work/eda-harness/ph2/ph2/ldo_dao_acceptance_suite/results/acceptance_full_sky130_corners_phase_fix/summary.txt"
"ldo_dao_acceptance_suite","GBW >= 100 kHz; PM >= 40 deg; GM >= 20 dB","loop_stability_ac","corner=fff; model_corner=ff; temp_c=-40; vdd=3.6","PASS","GBW_Hz","2.33599E+06","","","/home/vadim/work/eda-harness/ph2/ph2/ldo_dao_acceptance_suite/results/acceptance_full_sky130_corners_phase_fix/summary.txt"
"ldo_dao_acceptance_suite","GBW >= 100 kHz; PM >= 40 deg; GM >= 20 dB","loop_stability_ac","corner=fff; model_corner=ff; temp_c=-40; vdd=3.6","PASS","PM_deg","41.3078","","","/home/vadim/work/eda-harness/ph2/ph2/ldo_dao_acceptance_suite/results/acceptance_full_sky130_corners_phase_fix/summary.txt"
"ldo_dao_acceptance_suite","GBW >= 100 kHz; PM >= 40 deg; GM >= 20 dB","loop_stability_ac","corner=fff; model_corner=ff; temp_c=27; vdd=2.0","PASS","GM_dB","25.2675","","","/home/vadim/work/eda-harness/ph2/ph2/ldo_dao_acceptance_suite/results/acceptance_full_sky130_corners_phase_fix/summary.txt"
"ldo_dao_acceptance_suite","GBW >= 100 kHz; PM >= 40 deg; GM >= 20 dB","loop_stability_ac","corner=fff; model_corner=ff; temp_c=27; vdd=2.0","PASS","GM_mode","0","","","/home/vadim/work/eda-harness/ph2/ph2/ldo_dao_acceptance_suite/results/acceptance_full_sky130_corners_phase_fix/summary.txt"
"ldo_dao_acceptance_suite","GBW >= 100 kHz; PM >= 40 deg; GM >= 20 dB","loop_stability_ac","corner=fff; model_corner=ff; temp_c=27; vdd=2.0","PASS","GBW_Hz","1.97947E+06","","","/home/vadim/work/eda-harness/ph2/ph2/ldo_dao_acceptance_suite/results/acceptance_full_sky130_corners_phase_fix/summary.txt"
"ldo_dao_acceptance_suite","GBW >= 100 kHz; PM >= 40 deg; GM >= 20 dB","loop_stability_ac","corner=fff; model_corner=ff; temp_c=27; vdd=2.0","PASS","PM_deg","45.7363","","","/home/vadim/work/eda-harness/ph2/ph2/ldo_dao_acceptance_suite/results/acceptance_full_sky130_corners_phase_fix/summary.txt"
"ldo_dao_acceptance_suite","GBW >= 100 kHz; PM >= 40 deg; GM >= 20 dB","loop_stability_ac","corner=fff; model_corner=ff; temp_c=27; vdd=3.3","PASS","GM_dB","24.6961","","","/home/vadim/work/eda-harness/ph2/ph2/ldo_dao_acceptance_suite/results/acceptance_full_sky130_corners_phase_fix/summary.txt"
"ldo_dao_acceptance_suite","GBW >= 100 kHz; PM >= 40 deg; GM >= 20 dB","loop_stability_ac","corner=fff; model_corner=ff; temp_c=27; vdd=3.3","PASS","GM_mode","0","","","/home/vadim/work/eda-harness/ph2/ph2/ldo_dao_acceptance_suite/results/acceptance_full_sky130_corners_phase_fix/summary.txt"
"ldo_dao_acceptance_suite","GBW >= 100 kHz; PM >= 40 deg; GM >= 20 dB","loop_stability_ac","corner=fff; model_corner=ff; temp_c=27; vdd=3.3","PASS","GBW_Hz","2.08254E+06","","","/home/vadim/work/eda-harness/ph2/ph2/ldo_dao_acceptance_suite/results/acceptance_full_sky130_corners_phase_fix/summary.txt"
"ldo_dao_acceptance_suite","GBW >= 100 kHz; PM >= 40 deg; GM >= 20 dB","loop_stability_ac","corner=fff; model_corner=ff; temp_c=27; vdd=3.3","PASS","PM_deg","42.0123","","","/home/vadim/work/eda-harness/ph2/ph2/ldo_dao_acceptance_suite/results/acceptance_full_sky130_corners_phase_fix/summary.txt"
"ldo_dao_acceptance_suite","GBW >= 100 kHz; PM >= 40 deg; GM >= 20 dB","loop_stability_ac","corner=fff; model_corner=ff; temp_c=27; vdd=3.6","PASS","GM_dB","24.7774","","","/home/vadim/work/eda-harness/ph2/ph2/ldo_dao_acceptance_suite/results/acceptance_full_sky130_corners_phase_fix/summary.txt"
"ldo_dao_acceptance_suite","GBW >= 100 kHz; PM >= 40 deg; GM >= 20 dB","loop_stability_ac","corner=fff; model_corner=ff; temp_c=27; vdd=3.6","PASS","GM_mode","0","","","/home/vadim/work/eda-harness/ph2/ph2/ldo_dao_acceptance_suite/results/acceptance_full_sky130_corners_phase_fix/summary.txt"
"ldo_dao_acceptance_suite","GBW >= 100 kHz; PM >= 40 deg; GM >= 20 dB","loop_stability_ac","corner=fff; model_corner=ff; temp_c=27; vdd=3.6","PASS","GBW_Hz","2.08088E+06","","","/home/vadim/work/eda-harness/ph2/ph2/ldo_dao_acceptance_suite/results/acceptance_full_sky130_corners_phase_fix/summary.txt"
"ldo_dao_acceptance_suite","GBW >= 100 kHz; PM >= 40 deg; GM >= 20 dB","loop_stability_ac","corner=fff; model_corner=ff; temp_c=27; vdd=3.6","PASS","PM_deg","42.6058","","","/home/vadim/work/eda-harness/ph2/ph2/ldo_dao_acceptance_suite/results/acceptance_full_sky130_corners_phase_fix/summary.txt"
"ldo_dao_acceptance_suite","GBW >= 100 kHz; PM >= 40 deg; GM >= 20 dB","loop_stability_ac","corner=fff; model_corner=ff; temp_c=150; vdd=2.0","PASS","GM_dB","26.4984","","","/home/vadim/work/eda-harness/ph2/ph2/ldo_dao_acceptance_suite/results/acceptance_full_sky130_corners_phase_fix/summary.txt"
"ldo_dao_acceptance_suite","GBW >= 100 kHz; PM >= 40 deg; GM >= 20 dB","loop_stability_ac","corner=fff; model_corner=ff; temp_c=150; vdd=2.0","PASS","GM_mode","0","","","/home/vadim/work/eda-harness/ph2/ph2/ldo_dao_acceptance_suite/results/acceptance_full_sky130_corners_phase_fix/summary.txt"
"ldo_dao_acceptance_suite","GBW >= 100 kHz; PM >= 40 deg; GM >= 20 dB","loop_stability_ac","corner=fff; model_corner=ff; temp_c=150; vdd=2.0","PASS","GBW_Hz","1.60289E+06","","","/home/vadim/work/eda-harness/ph2/ph2/ldo_dao_acceptance_suite/results/acceptance_full_sky130_corners_phase_fix/summary.txt"
"ldo_dao_acceptance_suite","GBW >= 100 kHz; PM >= 40 deg; GM >= 20 dB","loop_stability_ac","corner=fff; model_corner=ff; temp_c=150; vdd=2.0","PASS","PM_deg","48.9131","","","/home/vadim/work/eda-harness/ph2/ph2/ldo_dao_acceptance_suite/results/acceptance_full_sky130_corners_phase_fix/summary.txt"
"ldo_dao_acceptance_suite","GBW >= 100 kHz; PM >= 40 deg; GM >= 20 dB","loop_stability_ac","corner=fff; model_corner=ff; temp_c=150; vdd=3.3","PASS","GM_dB","26.0248","","","/home/vadim/work/eda-harness/ph2/ph2/ldo_dao_acceptance_suite/results/acceptance_full_sky130_corners_phase_fix/summary.txt"
"ldo_dao_acceptance_suite","GBW >= 100 kHz; PM >= 40 deg; GM >= 20 dB","loop_stability_ac","corner=fff; model_corner=ff; temp_c=150; vdd=3.3","PASS","GM_mode","0","","","/home/vadim/work/eda-harness/ph2/ph2/ldo_dao_acceptance_suite/results/acceptance_full_sky130_corners_phase_fix/summary.txt"
"ldo_dao_acceptance_suite","GBW >= 100 kHz; PM >= 40 deg; GM >= 20 dB","loop_stability_ac","corner=fff; model_corner=ff; temp_c=150; vdd=3.3","PASS","GBW_Hz","1.68179E+06","","","/home/vadim/work/eda-harness/ph2/ph2/ldo_dao_acceptance_suite/results/acceptance_full_sky130_corners_phase_fix/summary.txt"
"ldo_dao_acceptance_suite","GBW >= 100 kHz; PM >= 40 deg; GM >= 20 dB","loop_stability_ac","corner=fff; model_corner=ff; temp_c=150; vdd=3.3","PASS","PM_deg","45.8193","","","/home/vadim/work/eda-harness/ph2/ph2/ldo_dao_acceptance_suite/results/acceptance_full_sky130_corners_phase_fix/summary.txt"
"ldo_dao_acceptance_suite","GBW >= 100 kHz; PM >= 40 deg; GM >= 20 dB","loop_stability_ac","corner=fff; model_corner=ff; temp_c=150; vdd=3.6","PASS","GM_dB","26.1592","","","/home/vadim/work/eda-harness/ph2/ph2/ldo_dao_acceptance_suite/results/acceptance_full_sky130_corners_phase_fix/summary.txt"
"ldo_dao_acceptance_suite","GBW >= 100 kHz; PM >= 40 deg; GM >= 20 dB","loop_stability_ac","corner=fff; model_corner=ff; temp_c=150; vdd=3.6","PASS","GM_mode","0","","","/home/vadim/work/eda-harness/ph2/ph2/ldo_dao_acceptance_suite/results/acceptance_full_sky130_corners_phase_fix/summary.txt"
"ldo_dao_acceptance_suite","GBW >= 100 kHz; PM >= 40 deg; GM >= 20 dB","loop_stability_ac","corner=fff; model_corner=ff; temp_c=150; vdd=3.6","PASS","GBW_Hz","1.67342E+06","","","/home/vadim/work/eda-harness/ph2/ph2/ldo_dao_acceptance_suite/results/acceptance_full_sky130_corners_phase_fix/summary.txt"
"ldo_dao_acceptance_suite","GBW >= 100 kHz; PM >= 40 deg; GM >= 20 dB","loop_stability_ac","corner=fff; model_corner=ff; temp_c=150; vdd=3.6","PASS","PM_deg","46.8241","","","/home/vadim/work/eda-harness/ph2/ph2/ldo_dao_acceptance_suite/results/acceptance_full_sky130_corners_phase_fix/summary.txt"
"ldo_dao_acceptance_suite","Monte Carlo Vout statistics must be measurable and sigma <= 30 mV","vout_variation_mc","corner=fff; model_corner=ff_mm; sample=1","PASS","Vout_V","1.20053","","","/home/vadim/work/eda-harness/ph2/ph2/ldo_dao_acceptance_suite/results/acceptance_full_sky130_corners_phase_fix/summary.txt"
"ldo_dao_acceptance_suite","Monte Carlo Vout statistics must be measurable and sigma <= 30 mV","vout_variation_mc","corner=fff; model_corner=ff_mm; sample=2","PASS","Vout_V","1.19436","","","/home/vadim/work/eda-harness/ph2/ph2/ldo_dao_acceptance_suite/results/acceptance_full_sky130_corners_phase_fix/summary.txt"
"ldo_dao_acceptance_suite","Monte Carlo Vout statistics must be measurable and sigma <= 30 mV","vout_variation_mc","corner=fff; model_corner=ff_mm; sample=3","PASS","Vout_V","1.1717","","","/home/vadim/work/eda-harness/ph2/ph2/ldo_dao_acceptance_suite/results/acceptance_full_sky130_corners_phase_fix/summary.txt"
"ldo_dao_acceptance_suite","Monte Carlo Vout statistics must be measurable and sigma <= 30 mV","vout_variation_mc","corner=fff; model_corner=ff_mm; sample=4","PASS","Vout_V","1.2121","","","/home/vadim/work/eda-harness/ph2/ph2/ldo_dao_acceptance_suite/results/acceptance_full_sky130_corners_phase_fix/summary.txt"
"ldo_dao_acceptance_suite","Monte Carlo Vout statistics must be measurable and sigma <= 30 mV","vout_variation_mc","corner=fff; model_corner=ff_mm; sample=5","PASS","Vout_V","1.17553","","","/home/vadim/work/eda-harness/ph2/ph2/ldo_dao_acceptance_suite/results/acceptance_full_sky130_corners_phase_fix/summary.txt"
"ldo_dao_acceptance_suite","Monte Carlo Vout statistics must be measurable and sigma <= 30 mV","vout_variation_mc","corner=fff; model_corner=ff_mm; sample=6","PASS","Vout_V","1.22","","","/home/vadim/work/eda-harness/ph2/ph2/ldo_dao_acceptance_suite/results/acceptance_full_sky130_corners_phase_fix/summary.txt"
"ldo_dao_acceptance_suite","Monte Carlo Vout statistics must be measurable and sigma <= 30 mV","vout_variation_mc","corner=fff; model_corner=ff_mm; sample=7","PASS","Vout_V","1.19606","","","/home/vadim/work/eda-harness/ph2/ph2/ldo_dao_acceptance_suite/results/acceptance_full_sky130_corners_phase_fix/summary.txt"
"ldo_dao_acceptance_suite","Monte Carlo Vout statistics must be measurable and sigma <= 30 mV","vout_variation_mc","corner=fff; model_corner=ff_mm; sample=8","PASS","Vout_V","1.20295","","","/home/vadim/work/eda-harness/ph2/ph2/ldo_dao_acceptance_suite/results/acceptance_full_sky130_corners_phase_fix/summary.txt"
"ldo_dao_acceptance_suite","Monte Carlo Vout statistics must be measurable and sigma <= 30 mV","vout_variation_mc","corner=fff; model_corner=ff_mm; sample=9","PASS","Vout_V","1.20947","","","/home/vadim/work/eda-harness/ph2/ph2/ldo_dao_acceptance_suite/results/acceptance_full_sky130_corners_phase_fix/summary.txt"
"ldo_dao_acceptance_suite","Monte Carlo Vout statistics must be measurable and sigma <= 30 mV","vout_variation_mc","corner=fff; model_corner=ff_mm; sample=10","PASS","Vout_V","1.19375","","","/home/vadim/work/eda-harness/ph2/ph2/ldo_dao_acceptance_suite/results/acceptance_full_sky130_corners_phase_fix/summary.txt"
"ldo_dao_acceptance_suite","Monte Carlo Vout statistics must be measurable and sigma <= 30 mV","vout_variation_mc","corner=fff; model_corner=ff_mm; sample=11","PASS","Vout_V","1.18483","","","/home/vadim/work/eda-harness/ph2/ph2/ldo_dao_acceptance_suite/results/acceptance_full_sky130_corners_phase_fix/summary.txt"
"ldo_dao_acceptance_suite","Monte Carlo Vout statistics must be measurable and sigma <= 30 mV","vout_variation_mc","corner=fff; model_corner=ff_mm; sample=12","PASS","Vout_V","1.19408","","","/home/vadim/work/eda-harness/ph2/ph2/ldo_dao_acceptance_suite/results/acceptance_full_sky130_corners_phase_fix/summary.txt"
"ldo_dao_acceptance_suite","Monte Carlo Vout statistics must be measurable and sigma <= 30 mV","vout_variation_mc","corner=fff; model_corner=ff_mm; sample=13","PASS","Vout_V","1.22546","","","/home/vadim/work/eda-harness/ph2/ph2/ldo_dao_acceptance_suite/results/acceptance_full_sky130_corners_phase_fix/summary.txt"
"ldo_dao_acceptance_suite","Monte Carlo Vout statistics must be measurable and sigma <= 30 mV","vout_variation_mc","corner=fff; model_corner=ff_mm; sample=14","PASS","Vout_V","1.20692","","","/home/vadim/work/eda-harness/ph2/ph2/ldo_dao_acceptance_suite/results/acceptance_full_sky130_corners_phase_fix/summary.txt"
"ldo_dao_acceptance_suite","Monte Carlo Vout statistics must be measurable and sigma <= 30 mV","vout_variation_mc","corner=fff; model_corner=ff_mm; sample=15","PASS","Vout_V","1.19436","","","/home/vadim/work/eda-harness/ph2/ph2/ldo_dao_acceptance_suite/results/acceptance_full_sky130_corners_phase_fix/summary.txt"
"ldo_dao_acceptance_suite","Monte Carlo Vout statistics must be measurable and sigma <= 30 mV","vout_variation_mc","corner=fff; model_corner=ff_mm; sample=16","PASS","Vout_V","1.19163","","","/home/vadim/work/eda-harness/ph2/ph2/ldo_dao_acceptance_suite/results/acceptance_full_sky130_corners_phase_fix/summary.txt"
"ldo_dao_acceptance_suite","Monte Carlo Vout statistics must be measurable and sigma <= 30 mV","vout_variation_mc","corner=fff; model_corner=ff_mm; sample=17","PASS","Vout_V","1.21229","","","/home/vadim/work/eda-harness/ph2/ph2/ldo_dao_acceptance_suite/results/acceptance_full_sky130_corners_phase_fix/summary.txt"
"ldo_dao_acceptance_suite","Monte Carlo Vout statistics must be measurable and sigma <= 30 mV","vout_variation_mc","corner=fff; model_corner=ff_mm; sample=18","PASS","Vout_V","1.19696","","","/home/vadim/work/eda-harness/ph2/ph2/ldo_dao_acceptance_suite/results/acceptance_full_sky130_corners_phase_fix/summary.txt"
"ldo_dao_acceptance_suite","Monte Carlo Vout statistics must be measurable and sigma <= 30 mV","vout_variation_mc","corner=fff; model_corner=ff_mm; sample=19","PASS","Vout_V","1.20162","","","/home/vadim/work/eda-harness/ph2/ph2/ldo_dao_acceptance_suite/results/acceptance_full_sky130_corners_phase_fix/summary.txt"
"ldo_dao_acceptance_suite","Monte Carlo Vout statistics must be measurable and sigma <= 30 mV","vout_variation_mc","corner=fff; model_corner=ff_mm; sample=20","PASS","Vout_V","1.21298","","","/home/vadim/work/eda-harness/ph2/ph2/ldo_dao_acceptance_suite/results/acceptance_full_sky130_corners_phase_fix/summary.txt"
"ldo_dao_acceptance_suite","Monte Carlo Vout statistics must be measurable and sigma <= 30 mV","vout_variation_mc","corner=fff; model_corner=ff_mm; sample=21","PASS","Vout_V","1.2305","","","/home/vadim/work/eda-harness/ph2/ph2/ldo_dao_acceptance_suite/results/acceptance_full_sky130_corners_phase_fix/summary.txt"
"ldo_dao_acceptance_suite","Monte Carlo Vout statistics must be measurable and sigma <= 30 mV","vout_variation_mc","corner=fff; model_corner=ff_mm; sample=22","PASS","Vout_V","1.2119","","","/home/vadim/work/eda-harness/ph2/ph2/ldo_dao_acceptance_suite/results/acceptance_full_sky130_corners_phase_fix/summary.txt"
"ldo_dao_acceptance_suite","Monte Carlo Vout statistics must be measurable and sigma <= 30 mV","vout_variation_mc","corner=fff; model_corner=ff_mm; sample=23","PASS","Vout_V","1.18613","","","/home/vadim/work/eda-harness/ph2/ph2/ldo_dao_acceptance_suite/results/acceptance_full_sky130_corners_phase_fix/summary.txt"
"ldo_dao_acceptance_suite","Monte Carlo Vout statistics must be measurable and sigma <= 30 mV","vout_variation_mc","corner=fff; model_corner=ff_mm; sample=24","PASS","Vout_V","1.19757","","","/home/vadim/work/eda-harness/ph2/ph2/ldo_dao_acceptance_suite/results/acceptance_full_sky130_corners_phase_fix/summary.txt"
"ldo_dao_acceptance_suite","Monte Carlo Vout statistics must be measurable and sigma <= 30 mV","vout_variation_mc","corner=fff; model_corner=ff_mm; sample=25","PASS","Vout_V","1.15897","","","/home/vadim/work/eda-harness/ph2/ph2/ldo_dao_acceptance_suite/results/acceptance_full_sky130_corners_phase_fix/summary.txt"
"ldo_dao_acceptance_suite","Monte Carlo Vout statistics must be measurable and sigma <= 30 mV","vout_variation_mc","corner=fff; model_corner=ff_mm; sample=26","PASS","Vout_V","1.18911","","","/home/vadim/work/eda-harness/ph2/ph2/ldo_dao_acceptance_suite/results/acceptance_full_sky130_corners_phase_fix/summary.txt"
"ldo_dao_acceptance_suite","Monte Carlo Vout statistics must be measurable and sigma <= 30 mV","vout_variation_mc","corner=fff; model_corner=ff_mm; sample=27","PASS","Vout_V","1.19845","","","/home/vadim/work/eda-harness/ph2/ph2/ldo_dao_acceptance_suite/results/acceptance_full_sky130_corners_phase_fix/summary.txt"
"ldo_dao_acceptance_suite","Monte Carlo Vout statistics must be measurable and sigma <= 30 mV","vout_variation_mc","corner=fff; model_corner=ff_mm; sample=28","PASS","Vout_V","1.21111","","","/home/vadim/work/eda-harness/ph2/ph2/ldo_dao_acceptance_suite/results/acceptance_full_sky130_corners_phase_fix/summary.txt"
"ldo_dao_acceptance_suite","Monte Carlo Vout statistics must be measurable and sigma <= 30 mV","vout_variation_mc","corner=fff; model_corner=ff_mm; sample=29","PASS","Vout_V","1.17986","","","/home/vadim/work/eda-harness/ph2/ph2/ldo_dao_acceptance_suite/results/acceptance_full_sky130_corners_phase_fix/summary.txt"
"ldo_dao_acceptance_suite","Monte Carlo Vout statistics must be measurable and sigma <= 30 mV","vout_variation_mc","corner=fff; model_corner=ff_mm; sample=30","PASS","Vout_V","1.17866","","","/home/vadim/work/eda-harness/ph2/ph2/ldo_dao_acceptance_suite/results/acceptance_full_sky130_corners_phase_fix/summary.txt"
"ldo_dao_acceptance_suite","Monte Carlo Vout statistics must be measurable and sigma <= 30 mV","vout_variation_mc","corner=fff; model_corner=ff_mm; sample=31","PASS","Vout_V","1.2153","","","/home/vadim/work/eda-harness/ph2/ph2/ldo_dao_acceptance_suite/results/acceptance_full_sky130_corners_phase_fix/summary.txt"
"ldo_dao_acceptance_suite","Monte Carlo Vout statistics must be measurable and sigma <= 30 mV","vout_variation_mc","corner=fff; model_corner=ff_mm; sample=32","PASS","Vout_V","1.20833","","","/home/vadim/work/eda-harness/ph2/ph2/ldo_dao_acceptance_suite/results/acceptance_full_sky130_corners_phase_fix/summary.txt"
"ldo_dao_acceptance_suite","Monte Carlo Vout statistics must be measurable and sigma <= 30 mV","vout_variation_mc","corner=fff; model_corner=ff_mm; sample=33","PASS","Vout_V","1.18751","","","/home/vadim/work/eda-harness/ph2/ph2/ldo_dao_acceptance_suite/results/acceptance_full_sky130_corners_phase_fix/summary.txt"
"ldo_dao_acceptance_suite","Monte Carlo Vout statistics must be measurable and sigma <= 30 mV","vout_variation_mc","corner=fff; model_corner=ff_mm; sample=34","PASS","Vout_V","1.19612","","","/home/vadim/work/eda-harness/ph2/ph2/ldo_dao_acceptance_suite/results/acceptance_full_sky130_corners_phase_fix/summary.txt"
"ldo_dao_acceptance_suite","Monte Carlo Vout statistics must be measurable and sigma <= 30 mV","vout_variation_mc","corner=fff; model_corner=ff_mm; sample=35","PASS","Vout_V","1.18422","","","/home/vadim/work/eda-harness/ph2/ph2/ldo_dao_acceptance_suite/results/acceptance_full_sky130_corners_phase_fix/summary.txt"
"ldo_dao_acceptance_suite","Monte Carlo Vout statistics must be measurable and sigma <= 30 mV","vout_variation_mc","corner=fff; model_corner=ff_mm; sample=36","PASS","Vout_V","1.22415","","","/home/vadim/work/eda-harness/ph2/ph2/ldo_dao_acceptance_suite/results/acceptance_full_sky130_corners_phase_fix/summary.txt"
"ldo_dao_acceptance_suite","Monte Carlo Vout statistics must be measurable and sigma <= 30 mV","vout_variation_mc","corner=fff; model_corner=ff_mm; sample=37","PASS","Vout_V","1.19717","","","/home/vadim/work/eda-harness/ph2/ph2/ldo_dao_acceptance_suite/results/acceptance_full_sky130_corners_phase_fix/summary.txt"
"ldo_dao_acceptance_suite","Monte Carlo Vout statistics must be measurable and sigma <= 30 mV","vout_variation_mc","corner=fff; model_corner=ff_mm; sample=38","PASS","Vout_V","1.22336","","","/home/vadim/work/eda-harness/ph2/ph2/ldo_dao_acceptance_suite/results/acceptance_full_sky130_corners_phase_fix/summary.txt"
"ldo_dao_acceptance_suite","Monte Carlo Vout statistics must be measurable and sigma <= 30 mV","vout_variation_mc","corner=fff; model_corner=ff_mm; sample=39","PASS","Vout_V","1.18864","","","/home/vadim/work/eda-harness/ph2/ph2/ldo_dao_acceptance_suite/results/acceptance_full_sky130_corners_phase_fix/summary.txt"
"ldo_dao_acceptance_suite","Monte Carlo Vout statistics must be measurable and sigma <= 30 mV","vout_variation_mc","corner=fff; model_corner=ff_mm; sample=40","PASS","Vout_V","1.15653","","","/home/vadim/work/eda-harness/ph2/ph2/ldo_dao_acceptance_suite/results/acceptance_full_sky130_corners_phase_fix/summary.txt"
"ldo_dao_acceptance_suite","Monte Carlo Vout statistics must be measurable and sigma <= 30 mV","vout_variation_mc","corner=fff; model_corner=ff_mm; sample=41","PASS","Vout_V","1.19784","","","/home/vadim/work/eda-harness/ph2/ph2/ldo_dao_acceptance_suite/results/acceptance_full_sky130_corners_phase_fix/summary.txt"
"ldo_dao_acceptance_suite","Monte Carlo Vout statistics must be measurable and sigma <= 30 mV","vout_variation_mc","corner=fff; model_corner=ff_mm; sample=42","PASS","Vout_V","1.19552","","","/home/vadim/work/eda-harness/ph2/ph2/ldo_dao_acceptance_suite/results/acceptance_full_sky130_corners_phase_fix/summary.txt"
"ldo_dao_acceptance_suite","Monte Carlo Vout statistics must be measurable and sigma <= 30 mV","vout_variation_mc","corner=fff; model_corner=ff_mm; sample=43","PASS","Vout_V","1.16399","","","/home/vadim/work/eda-harness/ph2/ph2/ldo_dao_acceptance_suite/results/acceptance_full_sky130_corners_phase_fix/summary.txt"
"ldo_dao_acceptance_suite","Monte Carlo Vout statistics must be measurable and sigma <= 30 mV","vout_variation_mc","corner=fff; model_corner=ff_mm; sample=44","PASS","Vout_V","1.20182","","","/home/vadim/work/eda-harness/ph2/ph2/ldo_dao_acceptance_suite/results/acceptance_full_sky130_corners_phase_fix/summary.txt"
"ldo_dao_acceptance_suite","Monte Carlo Vout statistics must be measurable and sigma <= 30 mV","vout_variation_mc","corner=fff; model_corner=ff_mm; sample=45","PASS","Vout_V","1.16807","","","/home/vadim/work/eda-harness/ph2/ph2/ldo_dao_acceptance_suite/results/acceptance_full_sky130_corners_phase_fix/summary.txt"
"ldo_dao_acceptance_suite","Monte Carlo Vout statistics must be measurable and sigma <= 30 mV","vout_variation_mc","corner=fff; model_corner=ff_mm; sample=46","PASS","Vout_V","1.15906","","","/home/vadim/work/eda-harness/ph2/ph2/ldo_dao_acceptance_suite/results/acceptance_full_sky130_corners_phase_fix/summary.txt"
"ldo_dao_acceptance_suite","Monte Carlo Vout statistics must be measurable and sigma <= 30 mV","vout_variation_mc","corner=fff; model_corner=ff_mm; sample=47","PASS","Vout_V","1.18057","","","/home/vadim/work/eda-harness/ph2/ph2/ldo_dao_acceptance_suite/results/acceptance_full_sky130_corners_phase_fix/summary.txt"
"ldo_dao_acceptance_suite","Monte Carlo Vout statistics must be measurable and sigma <= 30 mV","vout_variation_mc","corner=fff; model_corner=ff_mm; sample=48","PASS","Vout_V","1.18441","","","/home/vadim/work/eda-harness/ph2/ph2/ldo_dao_acceptance_suite/results/acceptance_full_sky130_corners_phase_fix/summary.txt"
"ldo_dao_acceptance_suite","Monte Carlo Vout statistics must be measurable and sigma <= 30 mV","vout_variation_mc","corner=fff; model_corner=ff_mm; sample=49","PASS","Vout_V","1.20015","","","/home/vadim/work/eda-harness/ph2/ph2/ldo_dao_acceptance_suite/results/acceptance_full_sky130_corners_phase_fix/summary.txt"
"ldo_dao_acceptance_suite","Monte Carlo Vout statistics must be measurable and sigma <= 30 mV","vout_variation_mc","corner=fff; model_corner=ff_mm; sample=50","PASS","Vout_V","1.21163","","","/home/vadim/work/eda-harness/ph2/ph2/ldo_dao_acceptance_suite/results/acceptance_full_sky130_corners_phase_fix/summary.txt"
"ldo_dao_acceptance_suite","Monte Carlo Vout statistics must be measurable and sigma <= 30 mV","vout_variation_mc","corner=fff; model_corner=ff_mm; samples=50","PASS","mean_V","1.19568","","","/home/vadim/work/eda-harness/ph2/ph2/ldo_dao_acceptance_suite/results/acceptance_full_sky130_corners_phase_fix/summary.txt"
"ldo_dao_acceptance_suite","Monte Carlo Vout statistics must be measurable and sigma <= 30 mV","vout_variation_mc","corner=fff; model_corner=ff_mm; samples=50","PASS","sigma_mV","17.4981","","","/home/vadim/work/eda-harness/ph2/ph2/ldo_dao_acceptance_suite/results/acceptance_full_sky130_corners_phase_fix/summary.txt"
"ldo_dao_acceptance_suite","1.08 V <= Vout <= 1.32 V; Iq <= 3 uA","dc_iq","corner=ssf; model_corner=ss; sweep=PVT; temp_c=-40; vdd=2.0; vref=0.80; ibias_A=400e-9; iload_A=0","PASS","Iin_total_uA","11.0193","","","/home/vadim/work/eda-harness/ph2/ph2/ldo_dao_acceptance_suite/results/acceptance_full_sky130_corners_phase_fix/summary.txt"
"ldo_dao_acceptance_suite","1.08 V <= Vout <= 1.32 V; Iq <= 3 uA","dc_iq","corner=ssf; model_corner=ss; sweep=PVT; temp_c=-40; vdd=2.0; vref=0.80; ibias_A=400e-9; iload_A=0","PASS","Vout_V","1.19687","","","/home/vadim/work/eda-harness/ph2/ph2/ldo_dao_acceptance_suite/results/acceptance_full_sky130_corners_phase_fix/summary.txt"
"ldo_dao_acceptance_suite","1.08 V <= Vout <= 1.32 V; Iq <= 3 uA","dc_iq","corner=ssf; model_corner=ss; sweep=PVT; temp_c=-40; vdd=2.0; vref=0.80; ibias_A=400e-9; iload_A=0","FAIL","Iq_uA","11.0193","IQ_HIGH","limit_max_uA=3.0","/home/vadim/work/eda-harness/ph2/ph2/ldo_dao_acceptance_suite/results/acceptance_full_sky130_corners_phase_fix/summary.txt"
"ldo_dao_acceptance_suite","1.08 V <= Vout <= 1.32 V; Iq <= 3 uA","dc_iq","corner=ssf; model_corner=ss; sweep=PVT; temp_c=-40; vdd=2.0; vref=0.80; ibias_A=400e-9; iload_A=1.5E-05","PASS","Iin_total_uA","26.0009","","","/home/vadim/work/eda-harness/ph2/ph2/ldo_dao_acceptance_suite/results/acceptance_full_sky130_corners_phase_fix/summary.txt"
"ldo_dao_acceptance_suite","1.08 V <= Vout <= 1.32 V; Iq <= 3 uA","dc_iq","corner=ssf; model_corner=ss; sweep=PVT; temp_c=-40; vdd=2.0; vref=0.80; ibias_A=400e-9; iload_A=1.5E-05","PASS","Vout_V","1.19478","","","/home/vadim/work/eda-harness/ph2/ph2/ldo_dao_acceptance_suite/results/acceptance_full_sky130_corners_phase_fix/summary.txt"
"ldo_dao_acceptance_suite","1.08 V <= Vout <= 1.32 V; Iq <= 3 uA","dc_iq","corner=ssf; model_corner=ss; sweep=PVT; temp_c=-40; vdd=2.0; vref=0.80; ibias_A=400e-9; iload_A=1.5E-05","PASS","Iq_uA","11.0009","","","/home/vadim/work/eda-harness/ph2/ph2/ldo_dao_acceptance_suite/results/acceptance_full_sky130_corners_phase_fix/summary.txt"
"ldo_dao_acceptance_suite","1.08 V <= Vout <= 1.32 V; Iq <= 3 uA","dc_iq","corner=ssf; model_corner=ss; sweep=PVT; temp_c=-40; vdd=3.3; vref=0.80; ibias_A=400e-9; iload_A=0","PASS","Iin_total_uA","11.0334","","","/home/vadim/work/eda-harness/ph2/ph2/ldo_dao_acceptance_suite/results/acceptance_full_sky130_corners_phase_fix/summary.txt"
"ldo_dao_acceptance_suite","1.08 V <= Vout <= 1.32 V; Iq <= 3 uA","dc_iq","corner=ssf; model_corner=ss; sweep=PVT; temp_c=-40; vdd=3.3; vref=0.80; ibias_A=400e-9; iload_A=0","PASS","Vout_V","1.19733","","","/home/vadim/work/eda-harness/ph2/ph2/ldo_dao_acceptance_suite/results/acceptance_full_sky130_corners_phase_fix/summary.txt"
"ldo_dao_acceptance_suite","1.08 V <= Vout <= 1.32 V; Iq <= 3 uA","dc_iq","corner=ssf; model_corner=ss; sweep=PVT; temp_c=-40; vdd=3.3; vref=0.80; ibias_A=400e-9; iload_A=0","FAIL","Iq_uA","11.0334","IQ_HIGH","limit_max_uA=3.0","/home/vadim/work/eda-harness/ph2/ph2/ldo_dao_acceptance_suite/results/acceptance_full_sky130_corners_phase_fix/summary.txt"
"ldo_dao_acceptance_suite","1.08 V <= Vout <= 1.32 V; Iq <= 3 uA","dc_iq","corner=ssf; model_corner=ss; sweep=PVT; temp_c=-40; vdd=3.3; vref=0.80; ibias_A=400e-9; iload_A=1.5E-05","PASS","Iin_total_uA","26.0171","","","/home/vadim/work/eda-harness/ph2/ph2/ldo_dao_acceptance_suite/results/acceptance_full_sky130_corners_phase_fix/summary.txt"
"ldo_dao_acceptance_suite","1.08 V <= Vout <= 1.32 V; Iq <= 3 uA","dc_iq","corner=ssf; model_corner=ss; sweep=PVT; temp_c=-40; vdd=3.3; vref=0.80; ibias_A=400e-9; iload_A=1.5E-05","PASS","Vout_V","1.19549","","","/home/vadim/work/eda-harness/ph2/ph2/ldo_dao_acceptance_suite/results/acceptance_full_sky130_corners_phase_fix/summary.txt"
"ldo_dao_acceptance_suite","1.08 V <= Vout <= 1.32 V; Iq <= 3 uA","dc_iq","corner=ssf; model_corner=ss; sweep=PVT; temp_c=-40; vdd=3.3; vref=0.80; ibias_A=400e-9; iload_A=1.5E-05","PASS","Iq_uA","11.0171","","","/home/vadim/work/eda-harness/ph2/ph2/ldo_dao_acceptance_suite/results/acceptance_full_sky130_corners_phase_fix/summary.txt"
"ldo_dao_acceptance_suite","1.08 V <= Vout <= 1.32 V; Iq <= 3 uA","dc_iq","corner=ssf; model_corner=ss; sweep=PVT; temp_c=-40; vdd=3.6; vref=0.80; ibias_A=400e-9; iload_A=0","PASS","Iin_total_uA","11.0387","","","/home/vadim/work/eda-harness/ph2/ph2/ldo_dao_acceptance_suite/results/acceptance_full_sky130_corners_phase_fix/summary.txt"
"ldo_dao_acceptance_suite","1.08 V <= Vout <= 1.32 V; Iq <= 3 uA","dc_iq","corner=ssf; model_corner=ss; sweep=PVT; temp_c=-40; vdd=3.6; vref=0.80; ibias_A=400e-9; iload_A=0","PASS","Vout_V","1.19733","","","/home/vadim/work/eda-harness/ph2/ph2/ldo_dao_acceptance_suite/results/acceptance_full_sky130_corners_phase_fix/summary.txt"
"ldo_dao_acceptance_suite","1.08 V <= Vout <= 1.32 V; Iq <= 3 uA","dc_iq","corner=ssf; model_corner=ss; sweep=PVT; temp_c=-40; vdd=3.6; vref=0.80; ibias_A=400e-9; iload_A=0","FAIL","Iq_uA","11.0387","IQ_HIGH","limit_max_uA=3.0","/home/vadim/work/eda-harness/ph2/ph2/ldo_dao_acceptance_suite/results/acceptance_full_sky130_corners_phase_fix/summary.txt"
"ldo_dao_acceptance_suite","1.08 V <= Vout <= 1.32 V; Iq <= 3 uA","dc_iq","corner=ssf; model_corner=ss; sweep=PVT; temp_c=-40; vdd=3.6; vref=0.80; ibias_A=400e-9; iload_A=1.5E-05","PASS","Iin_total_uA","26.0219","","","/home/vadim/work/eda-harness/ph2/ph2/ldo_dao_acceptance_suite/results/acceptance_full_sky130_corners_phase_fix/summary.txt"
"ldo_dao_acceptance_suite","1.08 V <= Vout <= 1.32 V; Iq <= 3 uA","dc_iq","corner=ssf; model_corner=ss; sweep=PVT; temp_c=-40; vdd=3.6; vref=0.80; ibias_A=400e-9; iload_A=1.5E-05","PASS","Vout_V","1.19547","","","/home/vadim/work/eda-harness/ph2/ph2/ldo_dao_acceptance_suite/results/acceptance_full_sky130_corners_phase_fix/summary.txt"
"ldo_dao_acceptance_suite","1.08 V <= Vout <= 1.32 V; Iq <= 3 uA","dc_iq","corner=ssf; model_corner=ss; sweep=PVT; temp_c=-40; vdd=3.6; vref=0.80; ibias_A=400e-9; iload_A=1.5E-05","PASS","Iq_uA","11.0219","","","/home/vadim/work/eda-harness/ph2/ph2/ldo_dao_acceptance_suite/results/acceptance_full_sky130_corners_phase_fix/summary.txt"
"ldo_dao_acceptance_suite","1.08 V <= Vout <= 1.32 V; Iq <= 3 uA","dc_iq","corner=ssf; model_corner=ss; sweep=PVT; temp_c=27; vdd=2.0; vref=0.80; ibias_A=400e-9; iload_A=0","PASS","Iin_total_uA","11.0661","","","/home/vadim/work/eda-harness/ph2/ph2/ldo_dao_acceptance_suite/results/acceptance_full_sky130_corners_phase_fix/summary.txt"
"ldo_dao_acceptance_suite","1.08 V <= Vout <= 1.32 V; Iq <= 3 uA","dc_iq","corner=ssf; model_corner=ss; sweep=PVT; temp_c=27; vdd=2.0; vref=0.80; ibias_A=400e-9; iload_A=0","PASS","Vout_V","1.19631","","","/home/vadim/work/eda-harness/ph2/ph2/ldo_dao_acceptance_suite/results/acceptance_full_sky130_corners_phase_fix/summary.txt"
"ldo_dao_acceptance_suite","1.08 V <= Vout <= 1.32 V; Iq <= 3 uA","dc_iq","corner=ssf; model_corner=ss; sweep=PVT; temp_c=27; vdd=2.0; vref=0.80; ibias_A=400e-9; iload_A=0","FAIL","Iq_uA","11.0661","IQ_HIGH","limit_max_uA=3.0","/home/vadim/work/eda-harness/ph2/ph2/ldo_dao_acceptance_suite/results/acceptance_full_sky130_corners_phase_fix/summary.txt"
"ldo_dao_acceptance_suite","1.08 V <= Vout <= 1.32 V; Iq <= 3 uA","dc_iq","corner=ssf; model_corner=ss; sweep=PVT; temp_c=27; vdd=2.0; vref=0.80; ibias_A=400e-9; iload_A=1.5E-05","PASS","Iin_total_uA","26.0453","","","/home/vadim/work/eda-harness/ph2/ph2/ldo_dao_acceptance_suite/results/acceptance_full_sky130_corners_phase_fix/summary.txt"
"ldo_dao_acceptance_suite","1.08 V <= Vout <= 1.32 V; Iq <= 3 uA","dc_iq","corner=ssf; model_corner=ss; sweep=PVT; temp_c=27; vdd=2.0; vref=0.80; ibias_A=400e-9; iload_A=1.5E-05","PASS","Vout_V","1.19389","","","/home/vadim/work/eda-harness/ph2/ph2/ldo_dao_acceptance_suite/results/acceptance_full_sky130_corners_phase_fix/summary.txt"
"ldo_dao_acceptance_suite","1.08 V <= Vout <= 1.32 V; Iq <= 3 uA","dc_iq","corner=ssf; model_corner=ss; sweep=PVT; temp_c=27; vdd=2.0; vref=0.80; ibias_A=400e-9; iload_A=1.5E-05","PASS","Iq_uA","11.0453","","","/home/vadim/work/eda-harness/ph2/ph2/ldo_dao_acceptance_suite/results/acceptance_full_sky130_corners_phase_fix/summary.txt"
"ldo_dao_acceptance_suite","1.08 V <= Vout <= 1.32 V; Iq <= 3 uA","dc_iq","corner=ssf; model_corner=ss; sweep=PVT; temp_c=27; vdd=3.3; vref=0.80; ibias_A=400e-9; iload_A=0","PASS","Iin_total_uA","11.077","","","/home/vadim/work/eda-harness/ph2/ph2/ldo_dao_acceptance_suite/results/acceptance_full_sky130_corners_phase_fix/summary.txt"
"ldo_dao_acceptance_suite","1.08 V <= Vout <= 1.32 V; Iq <= 3 uA","dc_iq","corner=ssf; model_corner=ss; sweep=PVT; temp_c=27; vdd=3.3; vref=0.80; ibias_A=400e-9; iload_A=0","PASS","Vout_V","1.1968","","","/home/vadim/work/eda-harness/ph2/ph2/ldo_dao_acceptance_suite/results/acceptance_full_sky130_corners_phase_fix/summary.txt"
"ldo_dao_acceptance_suite","1.08 V <= Vout <= 1.32 V; Iq <= 3 uA","dc_iq","corner=ssf; model_corner=ss; sweep=PVT; temp_c=27; vdd=3.3; vref=0.80; ibias_A=400e-9; iload_A=0","FAIL","Iq_uA","11.077","IQ_HIGH","limit_max_uA=3.0","/home/vadim/work/eda-harness/ph2/ph2/ldo_dao_acceptance_suite/results/acceptance_full_sky130_corners_phase_fix/summary.txt"
"ldo_dao_acceptance_suite","1.08 V <= Vout <= 1.32 V; Iq <= 3 uA","dc_iq","corner=ssf; model_corner=ss; sweep=PVT; temp_c=27; vdd=3.3; vref=0.80; ibias_A=400e-9; iload_A=1.5E-05","PASS","Iin_total_uA","26.0584","","","/home/vadim/work/eda-harness/ph2/ph2/ldo_dao_acceptance_suite/results/acceptance_full_sky130_corners_phase_fix/summary.txt"
"ldo_dao_acceptance_suite","1.08 V <= Vout <= 1.32 V; Iq <= 3 uA","dc_iq","corner=ssf; model_corner=ss; sweep=PVT; temp_c=27; vdd=3.3; vref=0.80; ibias_A=400e-9; iload_A=1.5E-05","PASS","Vout_V","1.19465","","","/home/vadim/work/eda-harness/ph2/ph2/ldo_dao_acceptance_suite/results/acceptance_full_sky130_corners_phase_fix/summary.txt"
"ldo_dao_acceptance_suite","1.08 V <= Vout <= 1.32 V; Iq <= 3 uA","dc_iq","corner=ssf; model_corner=ss; sweep=PVT; temp_c=27; vdd=3.3; vref=0.80; ibias_A=400e-9; iload_A=1.5E-05","PASS","Iq_uA","11.0584","","","/home/vadim/work/eda-harness/ph2/ph2/ldo_dao_acceptance_suite/results/acceptance_full_sky130_corners_phase_fix/summary.txt"
"ldo_dao_acceptance_suite","1.08 V <= Vout <= 1.32 V; Iq <= 3 uA","dc_iq","corner=ssf; model_corner=ss; sweep=PVT; temp_c=27; vdd=3.6; vref=0.80; ibias_A=400e-9; iload_A=0","PASS","Iin_total_uA","11.0823","","","/home/vadim/work/eda-harness/ph2/ph2/ldo_dao_acceptance_suite/results/acceptance_full_sky130_corners_phase_fix/summary.txt"
"ldo_dao_acceptance_suite","1.08 V <= Vout <= 1.32 V; Iq <= 3 uA","dc_iq","corner=ssf; model_corner=ss; sweep=PVT; temp_c=27; vdd=3.6; vref=0.80; ibias_A=400e-9; iload_A=0","PASS","Vout_V","1.19677","","","/home/vadim/work/eda-harness/ph2/ph2/ldo_dao_acceptance_suite/results/acceptance_full_sky130_corners_phase_fix/summary.txt"
"ldo_dao_acceptance_suite","1.08 V <= Vout <= 1.32 V; Iq <= 3 uA","dc_iq","corner=ssf; model_corner=ss; sweep=PVT; temp_c=27; vdd=3.6; vref=0.80; ibias_A=400e-9; iload_A=0","FAIL","Iq_uA","11.0823","IQ_HIGH","limit_max_uA=3.0","/home/vadim/work/eda-harness/ph2/ph2/ldo_dao_acceptance_suite/results/acceptance_full_sky130_corners_phase_fix/summary.txt"
"ldo_dao_acceptance_suite","1.08 V <= Vout <= 1.32 V; Iq <= 3 uA","dc_iq","corner=ssf; model_corner=ss; sweep=PVT; temp_c=27; vdd=3.6; vref=0.80; ibias_A=400e-9; iload_A=1.5E-05","PASS","Iin_total_uA","26.0629","","","/home/vadim/work/eda-harness/ph2/ph2/ldo_dao_acceptance_suite/results/acceptance_full_sky130_corners_phase_fix/summary.txt"
"ldo_dao_acceptance_suite","1.08 V <= Vout <= 1.32 V; Iq <= 3 uA","dc_iq","corner=ssf; model_corner=ss; sweep=PVT; temp_c=27; vdd=3.6; vref=0.80; ibias_A=400e-9; iload_A=1.5E-05","PASS","Vout_V","1.19459","","","/home/vadim/work/eda-harness/ph2/ph2/ldo_dao_acceptance_suite/results/acceptance_full_sky130_corners_phase_fix/summary.txt"
"ldo_dao_acceptance_suite","1.08 V <= Vout <= 1.32 V; Iq <= 3 uA","dc_iq","corner=ssf; model_corner=ss; sweep=PVT; temp_c=27; vdd=3.6; vref=0.80; ibias_A=400e-9; iload_A=1.5E-05","PASS","Iq_uA","11.0629","","","/home/vadim/work/eda-harness/ph2/ph2/ldo_dao_acceptance_suite/results/acceptance_full_sky130_corners_phase_fix/summary.txt"
"ldo_dao_acceptance_suite","1.08 V <= Vout <= 1.32 V; Iq <= 3 uA","dc_iq","corner=ssf; model_corner=ss; sweep=PVT; temp_c=150; vdd=2.0; vref=0.80; ibias_A=400e-9; iload_A=0","PASS","Iin_total_uA","11.103","","","/home/vadim/work/eda-harness/ph2/ph2/ldo_dao_acceptance_suite/results/acceptance_full_sky130_corners_phase_fix/summary.txt"
"ldo_dao_acceptance_suite","1.08 V <= Vout <= 1.32 V; Iq <= 3 uA","dc_iq","corner=ssf; model_corner=ss; sweep=PVT; temp_c=150; vdd=2.0; vref=0.80; ibias_A=400e-9; iload_A=0","PASS","Vout_V","1.19514","","","/home/vadim/work/eda-harness/ph2/ph2/ldo_dao_acceptance_suite/results/acceptance_full_sky130_corners_phase_fix/summary.txt"
"ldo_dao_acceptance_suite","1.08 V <= Vout <= 1.32 V; Iq <= 3 uA","dc_iq","corner=ssf; model_corner=ss; sweep=PVT; temp_c=150; vdd=2.0; vref=0.80; ibias_A=400e-9; iload_A=0","FAIL","Iq_uA","11.103","IQ_HIGH","limit_max_uA=3.0","/home/vadim/work/eda-harness/ph2/ph2/ldo_dao_acceptance_suite/results/acceptance_full_sky130_corners_phase_fix/summary.txt"
"ldo_dao_acceptance_suite","1.08 V <= Vout <= 1.32 V; Iq <= 3 uA","dc_iq","corner=ssf; model_corner=ss; sweep=PVT; temp_c=150; vdd=2.0; vref=0.80; ibias_A=400e-9; iload_A=1.5E-05","PASS","Iin_total_uA","26.0762","","","/home/vadim/work/eda-harness/ph2/ph2/ldo_dao_acceptance_suite/results/acceptance_full_sky130_corners_phase_fix/summary.txt"
"ldo_dao_acceptance_suite","1.08 V <= Vout <= 1.32 V; Iq <= 3 uA","dc_iq","corner=ssf; model_corner=ss; sweep=PVT; temp_c=150; vdd=2.0; vref=0.80; ibias_A=400e-9; iload_A=1.5E-05","PASS","Vout_V","1.19196","","","/home/vadim/work/eda-harness/ph2/ph2/ldo_dao_acceptance_suite/results/acceptance_full_sky130_corners_phase_fix/summary.txt"
"ldo_dao_acceptance_suite","1.08 V <= Vout <= 1.32 V; Iq <= 3 uA","dc_iq","corner=ssf; model_corner=ss; sweep=PVT; temp_c=150; vdd=2.0; vref=0.80; ibias_A=400e-9; iload_A=1.5E-05","PASS","Iq_uA","11.0762","","","/home/vadim/work/eda-harness/ph2/ph2/ldo_dao_acceptance_suite/results/acceptance_full_sky130_corners_phase_fix/summary.txt"
"ldo_dao_acceptance_suite","1.08 V <= Vout <= 1.32 V; Iq <= 3 uA","dc_iq","corner=ssf; model_corner=ss; sweep=PVT; temp_c=150; vdd=3.3; vref=0.80; ibias_A=400e-9; iload_A=0","PASS","Iin_total_uA","11.1141","","","/home/vadim/work/eda-harness/ph2/ph2/ldo_dao_acceptance_suite/results/acceptance_full_sky130_corners_phase_fix/summary.txt"
"ldo_dao_acceptance_suite","1.08 V <= Vout <= 1.32 V; Iq <= 3 uA","dc_iq","corner=ssf; model_corner=ss; sweep=PVT; temp_c=150; vdd=3.3; vref=0.80; ibias_A=400e-9; iload_A=0","PASS","Vout_V","1.19564","","","/home/vadim/work/eda-harness/ph2/ph2/ldo_dao_acceptance_suite/results/acceptance_full_sky130_corners_phase_fix/summary.txt"
"ldo_dao_acceptance_suite","1.08 V <= Vout <= 1.32 V; Iq <= 3 uA","dc_iq","corner=ssf; model_corner=ss; sweep=PVT; temp_c=150; vdd=3.3; vref=0.80; ibias_A=400e-9; iload_A=0","FAIL","Iq_uA","11.1141","IQ_HIGH","limit_max_uA=3.0","/home/vadim/work/eda-harness/ph2/ph2/ldo_dao_acceptance_suite/results/acceptance_full_sky130_corners_phase_fix/summary.txt"
"ldo_dao_acceptance_suite","1.08 V <= Vout <= 1.32 V; Iq <= 3 uA","dc_iq","corner=ssf; model_corner=ss; sweep=PVT; temp_c=150; vdd=3.3; vref=0.80; ibias_A=400e-9; iload_A=1.5E-05","PASS","Iin_total_uA","26.0892","","","/home/vadim/work/eda-harness/ph2/ph2/ldo_dao_acceptance_suite/results/acceptance_full_sky130_corners_phase_fix/summary.txt"
"ldo_dao_acceptance_suite","1.08 V <= Vout <= 1.32 V; Iq <= 3 uA","dc_iq","corner=ssf; model_corner=ss; sweep=PVT; temp_c=150; vdd=3.3; vref=0.80; ibias_A=400e-9; iload_A=1.5E-05","PASS","Vout_V","1.19275","","","/home/vadim/work/eda-harness/ph2/ph2/ldo_dao_acceptance_suite/results/acceptance_full_sky130_corners_phase_fix/summary.txt"
"ldo_dao_acceptance_suite","1.08 V <= Vout <= 1.32 V; Iq <= 3 uA","dc_iq","corner=ssf; model_corner=ss; sweep=PVT; temp_c=150; vdd=3.3; vref=0.80; ibias_A=400e-9; iload_A=1.5E-05","PASS","Iq_uA","11.0892","","","/home/vadim/work/eda-harness/ph2/ph2/ldo_dao_acceptance_suite/results/acceptance_full_sky130_corners_phase_fix/summary.txt"
"ldo_dao_acceptance_suite","1.08 V <= Vout <= 1.32 V; Iq <= 3 uA","dc_iq","corner=ssf; model_corner=ss; sweep=PVT; temp_c=150; vdd=3.6; vref=0.80; ibias_A=400e-9; iload_A=0","PASS","Iin_total_uA","11.1202","","","/home/vadim/work/eda-harness/ph2/ph2/ldo_dao_acceptance_suite/results/acceptance_full_sky130_corners_phase_fix/summary.txt"
"ldo_dao_acceptance_suite","1.08 V <= Vout <= 1.32 V; Iq <= 3 uA","dc_iq","corner=ssf; model_corner=ss; sweep=PVT; temp_c=150; vdd=3.6; vref=0.80; ibias_A=400e-9; iload_A=0","PASS","Vout_V","1.19556","","","/home/vadim/work/eda-harness/ph2/ph2/ldo_dao_acceptance_suite/results/acceptance_full_sky130_corners_phase_fix/summary.txt"
"ldo_dao_acceptance_suite","1.08 V <= Vout <= 1.32 V; Iq <= 3 uA","dc_iq","corner=ssf; model_corner=ss; sweep=PVT; temp_c=150; vdd=3.6; vref=0.80; ibias_A=400e-9; iload_A=0","FAIL","Iq_uA","11.1202","IQ_HIGH","limit_max_uA=3.0","/home/vadim/work/eda-harness/ph2/ph2/ldo_dao_acceptance_suite/results/acceptance_full_sky130_corners_phase_fix/summary.txt"
"ldo_dao_acceptance_suite","1.08 V <= Vout <= 1.32 V; Iq <= 3 uA","dc_iq","corner=ssf; model_corner=ss; sweep=PVT; temp_c=150; vdd=3.6; vref=0.80; ibias_A=400e-9; iload_A=1.5E-05","PASS","Iin_total_uA","26.094","","","/home/vadim/work/eda-harness/ph2/ph2/ldo_dao_acceptance_suite/results/acceptance_full_sky130_corners_phase_fix/summary.txt"
"ldo_dao_acceptance_suite","1.08 V <= Vout <= 1.32 V; Iq <= 3 uA","dc_iq","corner=ssf; model_corner=ss; sweep=PVT; temp_c=150; vdd=3.6; vref=0.80; ibias_A=400e-9; iload_A=1.5E-05","PASS","Vout_V","1.1926","","","/home/vadim/work/eda-harness/ph2/ph2/ldo_dao_acceptance_suite/results/acceptance_full_sky130_corners_phase_fix/summary.txt"
"ldo_dao_acceptance_suite","1.08 V <= Vout <= 1.32 V; Iq <= 3 uA","dc_iq","corner=ssf; model_corner=ss; sweep=PVT; temp_c=150; vdd=3.6; vref=0.80; ibias_A=400e-9; iload_A=1.5E-05","PASS","Iq_uA","11.094","","","/home/vadim/work/eda-harness/ph2/ph2/ldo_dao_acceptance_suite/results/acceptance_full_sky130_corners_phase_fix/summary.txt"
"ldo_dao_acceptance_suite","1.08 V <= Vout <= 1.32 V; Iq <= 3 uA","dc_iq","corner=ssf; model_corner=ss; sweep=VREF; temp_c=27; vdd=3.3; vref=0.72; ibias_A=400e-9; iload_A=0","PASS","Iin_total_uA","10.0027","","","/home/vadim/work/eda-harness/ph2/ph2/ldo_dao_acceptance_suite/results/acceptance_full_sky130_corners_phase_fix/summary.txt"
"ldo_dao_acceptance_suite","1.08 V <= Vout <= 1.32 V; Iq <= 3 uA","dc_iq","corner=ssf; model_corner=ss; sweep=VREF; temp_c=27; vdd=3.3; vref=0.72; ibias_A=400e-9; iload_A=0","FAIL","Vout_V","1.0769","VOUT_LOW","limit_min_V=1.08","/home/vadim/work/eda-harness/ph2/ph2/ldo_dao_acceptance_suite/results/acceptance_full_sky130_corners_phase_fix/summary.txt"
"ldo_dao_acceptance_suite","1.08 V <= Vout <= 1.32 V; Iq <= 3 uA","dc_iq","corner=ssf; model_corner=ss; sweep=VREF; temp_c=27; vdd=3.3; vref=0.72; ibias_A=400e-9; iload_A=0","FAIL","Iq_uA","10.0027","IQ_HIGH","limit_max_uA=3.0","/home/vadim/work/eda-harness/ph2/ph2/ldo_dao_acceptance_suite/results/acceptance_full_sky130_corners_phase_fix/summary.txt"
"ldo_dao_acceptance_suite","1.08 V <= Vout <= 1.32 V; Iq <= 3 uA","dc_iq","corner=ssf; model_corner=ss; sweep=VREF; temp_c=27; vdd=3.3; vref=0.72; ibias_A=400e-9; iload_A=1.5E-05","PASS","Iin_total_uA","24.9811","","","/home/vadim/work/eda-harness/ph2/ph2/ldo_dao_acceptance_suite/results/acceptance_full_sky130_corners_phase_fix/summary.txt"
"ldo_dao_acceptance_suite","1.08 V <= Vout <= 1.32 V; Iq <= 3 uA","dc_iq","corner=ssf; model_corner=ss; sweep=VREF; temp_c=27; vdd=3.3; vref=0.72; ibias_A=400e-9; iload_A=1.5E-05","FAIL","Vout_V","1.07464","VOUT_LOW","limit_min_V=1.08","/home/vadim/work/eda-harness/ph2/ph2/ldo_dao_acceptance_suite/results/acceptance_full_sky130_corners_phase_fix/summary.txt"
"ldo_dao_acceptance_suite","1.08 V <= Vout <= 1.32 V; Iq <= 3 uA","dc_iq","corner=ssf; model_corner=ss; sweep=VREF; temp_c=27; vdd=3.3; vref=0.72; ibias_A=400e-9; iload_A=1.5E-05","PASS","Iq_uA","9.98109","","","/home/vadim/work/eda-harness/ph2/ph2/ldo_dao_acceptance_suite/results/acceptance_full_sky130_corners_phase_fix/summary.txt"
"ldo_dao_acceptance_suite","1.08 V <= Vout <= 1.32 V; Iq <= 3 uA","dc_iq","corner=ssf; model_corner=ss; sweep=VREF; temp_c=27; vdd=3.3; vref=0.88; ibias_A=400e-9; iload_A=0","PASS","Iin_total_uA","12.0974","","","/home/vadim/work/eda-harness/ph2/ph2/ldo_dao_acceptance_suite/results/acceptance_full_sky130_corners_phase_fix/summary.txt"
"ldo_dao_acceptance_suite","1.08 V <= Vout <= 1.32 V; Iq <= 3 uA","dc_iq","corner=ssf; model_corner=ss; sweep=VREF; temp_c=27; vdd=3.3; vref=0.88; ibias_A=400e-9; iload_A=0","PASS","Vout_V","1.31663","","","/home/vadim/work/eda-harness/ph2/ph2/ldo_dao_acceptance_suite/results/acceptance_full_sky130_corners_phase_fix/summary.txt"
"ldo_dao_acceptance_suite","1.08 V <= Vout <= 1.32 V; Iq <= 3 uA","dc_iq","corner=ssf; model_corner=ss; sweep=VREF; temp_c=27; vdd=3.3; vref=0.88; ibias_A=400e-9; iload_A=0","FAIL","Iq_uA","12.0974","IQ_HIGH","limit_max_uA=3.0","/home/vadim/work/eda-harness/ph2/ph2/ldo_dao_acceptance_suite/results/acceptance_full_sky130_corners_phase_fix/summary.txt"
"ldo_dao_acceptance_suite","1.08 V <= Vout <= 1.32 V; Iq <= 3 uA","dc_iq","corner=ssf; model_corner=ss; sweep=VREF; temp_c=27; vdd=3.3; vref=0.88; ibias_A=400e-9; iload_A=1.5E-05","PASS","Iin_total_uA","27.0798","","","/home/vadim/work/eda-harness/ph2/ph2/ldo_dao_acceptance_suite/results/acceptance_full_sky130_corners_phase_fix/summary.txt"
"ldo_dao_acceptance_suite","1.08 V <= Vout <= 1.32 V; Iq <= 3 uA","dc_iq","corner=ssf; model_corner=ss; sweep=VREF; temp_c=27; vdd=3.3; vref=0.88; ibias_A=400e-9; iload_A=1.5E-05","PASS","Vout_V","1.31458","","","/home/vadim/work/eda-harness/ph2/ph2/ldo_dao_acceptance_suite/results/acceptance_full_sky130_corners_phase_fix/summary.txt"
"ldo_dao_acceptance_suite","1.08 V <= Vout <= 1.32 V; Iq <= 3 uA","dc_iq","corner=ssf; model_corner=ss; sweep=VREF; temp_c=27; vdd=3.3; vref=0.88; ibias_A=400e-9; iload_A=1.5E-05","PASS","Iq_uA","12.0798","","","/home/vadim/work/eda-harness/ph2/ph2/ldo_dao_acceptance_suite/results/acceptance_full_sky130_corners_phase_fix/summary.txt"
"ldo_dao_acceptance_suite","1.08 V <= Vout <= 1.32 V; Iq <= 3 uA","dc_iq","corner=ssf; model_corner=ss; sweep=IBIAS; temp_c=27; vdd=3.3; vref=0.80; ibias_A=3E-07; iload_A=0","PASS","Iin_total_uA","10.7998","","","/home/vadim/work/eda-harness/ph2/ph2/ldo_dao_acceptance_suite/results/acceptance_full_sky130_corners_phase_fix/summary.txt"
"ldo_dao_acceptance_suite","1.08 V <= Vout <= 1.32 V; Iq <= 3 uA","dc_iq","corner=ssf; model_corner=ss; sweep=IBIAS; temp_c=27; vdd=3.3; vref=0.80; ibias_A=3E-07; iload_A=0","PASS","Vout_V","1.19639","","","/home/vadim/work/eda-harness/ph2/ph2/ldo_dao_acceptance_suite/results/acceptance_full_sky130_corners_phase_fix/summary.txt"
"ldo_dao_acceptance_suite","1.08 V <= Vout <= 1.32 V; Iq <= 3 uA","dc_iq","corner=ssf; model_corner=ss; sweep=IBIAS; temp_c=27; vdd=3.3; vref=0.80; ibias_A=3E-07; iload_A=0","FAIL","Iq_uA","10.7998","IQ_HIGH","limit_max_uA=3.0","/home/vadim/work/eda-harness/ph2/ph2/ldo_dao_acceptance_suite/results/acceptance_full_sky130_corners_phase_fix/summary.txt"
"ldo_dao_acceptance_suite","1.08 V <= Vout <= 1.32 V; Iq <= 3 uA","dc_iq","corner=ssf; model_corner=ss; sweep=IBIAS; temp_c=27; vdd=3.3; vref=0.80; ibias_A=3E-07; iload_A=1.5E-05","PASS","Iin_total_uA","25.7812","","","/home/vadim/work/eda-harness/ph2/ph2/ldo_dao_acceptance_suite/results/acceptance_full_sky130_corners_phase_fix/summary.txt"
"ldo_dao_acceptance_suite","1.08 V <= Vout <= 1.32 V; Iq <= 3 uA","dc_iq","corner=ssf; model_corner=ss; sweep=IBIAS; temp_c=27; vdd=3.3; vref=0.80; ibias_A=3E-07; iload_A=1.5E-05","PASS","Vout_V","1.19422","","","/home/vadim/work/eda-harness/ph2/ph2/ldo_dao_acceptance_suite/results/acceptance_full_sky130_corners_phase_fix/summary.txt"
"ldo_dao_acceptance_suite","1.08 V <= Vout <= 1.32 V; Iq <= 3 uA","dc_iq","corner=ssf; model_corner=ss; sweep=IBIAS; temp_c=27; vdd=3.3; vref=0.80; ibias_A=3E-07; iload_A=1.5E-05","PASS","Iq_uA","10.7812","","","/home/vadim/work/eda-harness/ph2/ph2/ldo_dao_acceptance_suite/results/acceptance_full_sky130_corners_phase_fix/summary.txt"
"ldo_dao_acceptance_suite","1.08 V <= Vout <= 1.32 V; Iq <= 3 uA","dc_iq","corner=ssf; model_corner=ss; sweep=IBIAS; temp_c=27; vdd=3.3; vref=0.80; ibias_A=5E-07; iload_A=0","PASS","Iin_total_uA","11.3512","","","/home/vadim/work/eda-harness/ph2/ph2/ldo_dao_acceptance_suite/results/acceptance_full_sky130_corners_phase_fix/summary.txt"
"ldo_dao_acceptance_suite","1.08 V <= Vout <= 1.32 V; Iq <= 3 uA","dc_iq","corner=ssf; model_corner=ss; sweep=IBIAS; temp_c=27; vdd=3.3; vref=0.80; ibias_A=5E-07; iload_A=0","PASS","Vout_V","1.19711","","","/home/vadim/work/eda-harness/ph2/ph2/ldo_dao_acceptance_suite/results/acceptance_full_sky130_corners_phase_fix/summary.txt"
"ldo_dao_acceptance_suite","1.08 V <= Vout <= 1.32 V; Iq <= 3 uA","dc_iq","corner=ssf; model_corner=ss; sweep=IBIAS; temp_c=27; vdd=3.3; vref=0.80; ibias_A=5E-07; iload_A=0","FAIL","Iq_uA","11.3512","IQ_HIGH","limit_max_uA=3.0","/home/vadim/work/eda-harness/ph2/ph2/ldo_dao_acceptance_suite/results/acceptance_full_sky130_corners_phase_fix/summary.txt"
"ldo_dao_acceptance_suite","1.08 V <= Vout <= 1.32 V; Iq <= 3 uA","dc_iq","corner=ssf; model_corner=ss; sweep=IBIAS; temp_c=27; vdd=3.3; vref=0.80; ibias_A=5E-07; iload_A=1.5E-05","PASS","Iin_total_uA","26.3324","","","/home/vadim/work/eda-harness/ph2/ph2/ldo_dao_acceptance_suite/results/acceptance_full_sky130_corners_phase_fix/summary.txt"
"ldo_dao_acceptance_suite","1.08 V <= Vout <= 1.32 V; Iq <= 3 uA","dc_iq","corner=ssf; model_corner=ss; sweep=IBIAS; temp_c=27; vdd=3.3; vref=0.80; ibias_A=5E-07; iload_A=1.5E-05","PASS","Vout_V","1.19498","","","/home/vadim/work/eda-harness/ph2/ph2/ldo_dao_acceptance_suite/results/acceptance_full_sky130_corners_phase_fix/summary.txt"
"ldo_dao_acceptance_suite","1.08 V <= Vout <= 1.32 V; Iq <= 3 uA","dc_iq","corner=ssf; model_corner=ss; sweep=IBIAS; temp_c=27; vdd=3.3; vref=0.80; ibias_A=5E-07; iload_A=1.5E-05","PASS","Iq_uA","11.3324","","","/home/vadim/work/eda-harness/ph2/ph2/ldo_dao_acceptance_suite/results/acceptance_full_sky130_corners_phase_fix/summary.txt"
"ldo_dao_acceptance_suite","dynamic-load regulation: valid pre/post Vout; drop <= 50 mV; overshoot <= 20 mV; average drop <= 25 mV","dynamic_load_tran","corner=ssf; model_corner=ss; temp_c=-40; vdd=2.0","PASS","Vout_pre_V","1.19478","","","/home/vadim/work/eda-harness/ph2/ph2/ldo_dao_acceptance_suite/results/acceptance_full_sky130_corners_phase_fix/summary.txt"
"ldo_dao_acceptance_suite","dynamic-load regulation: valid pre/post Vout; drop <= 50 mV; overshoot <= 20 mV; average drop <= 25 mV","dynamic_load_tran","corner=ssf; model_corner=ss; temp_c=-40; vdd=2.0","PASS","drop_mV","16.631","","","/home/vadim/work/eda-harness/ph2/ph2/ldo_dao_acceptance_suite/results/acceptance_full_sky130_corners_phase_fix/summary.txt"
"ldo_dao_acceptance_suite","dynamic-load regulation: valid pre/post Vout; drop <= 50 mV; overshoot <= 20 mV; average drop <= 25 mV","dynamic_load_tran","corner=ssf; model_corner=ss; temp_c=-40; vdd=2.0","PASS","Vout_max_V","1.1987","","","/home/vadim/work/eda-harness/ph2/ph2/ldo_dao_acceptance_suite/results/acceptance_full_sky130_corners_phase_fix/summary.txt"
"ldo_dao_acceptance_suite","dynamic-load regulation: valid pre/post Vout; drop <= 50 mV; overshoot <= 20 mV; average drop <= 25 mV","dynamic_load_tran","corner=ssf; model_corner=ss; temp_c=-40; vdd=2.0","PASS","Vout_min_V","1.17815","","","/home/vadim/work/eda-harness/ph2/ph2/ldo_dao_acceptance_suite/results/acceptance_full_sky130_corners_phase_fix/summary.txt"
"ldo_dao_acceptance_suite","dynamic-load regulation: valid pre/post Vout; drop <= 50 mV; overshoot <= 20 mV; average drop <= 25 mV","dynamic_load_tran","corner=ssf; model_corner=ss; temp_c=-40; vdd=2.0","PASS","avg_drop_mV","5.143","","","/home/vadim/work/eda-harness/ph2/ph2/ldo_dao_acceptance_suite/results/acceptance_full_sky130_corners_phase_fix/summary.txt"
"ldo_dao_acceptance_suite","dynamic-load regulation: valid pre/post Vout; drop <= 50 mV; overshoot <= 20 mV; average drop <= 25 mV","dynamic_load_tran","corner=ssf; model_corner=ss; temp_c=-40; vdd=2.0","PASS","Vout_dyn_avg_V","1.18964","","","/home/vadim/work/eda-harness/ph2/ph2/ldo_dao_acceptance_suite/results/acceptance_full_sky130_corners_phase_fix/summary.txt"
"ldo_dao_acceptance_suite","dynamic-load regulation: valid pre/post Vout; drop <= 50 mV; overshoot <= 20 mV; average drop <= 25 mV","dynamic_load_tran","corner=ssf; model_corner=ss; temp_c=-40; vdd=2.0","PASS","overshoot_mV","3.919","","","/home/vadim/work/eda-harness/ph2/ph2/ldo_dao_acceptance_suite/results/acceptance_full_sky130_corners_phase_fix/summary.txt"
"ldo_dao_acceptance_suite","dynamic-load regulation: valid pre/post Vout; drop <= 50 mV; overshoot <= 20 mV; average drop <= 25 mV","dynamic_load_tran","corner=ssf; model_corner=ss; temp_c=-40; vdd=3.3","PASS","Vout_pre_V","1.19549","","","/home/vadim/work/eda-harness/ph2/ph2/ldo_dao_acceptance_suite/results/acceptance_full_sky130_corners_phase_fix/summary.txt"
"ldo_dao_acceptance_suite","dynamic-load regulation: valid pre/post Vout; drop <= 50 mV; overshoot <= 20 mV; average drop <= 25 mV","dynamic_load_tran","corner=ssf; model_corner=ss; temp_c=-40; vdd=3.3","PASS","drop_mV","15.298","","","/home/vadim/work/eda-harness/ph2/ph2/ldo_dao_acceptance_suite/results/acceptance_full_sky130_corners_phase_fix/summary.txt"
"ldo_dao_acceptance_suite","dynamic-load regulation: valid pre/post Vout; drop <= 50 mV; overshoot <= 20 mV; average drop <= 25 mV","dynamic_load_tran","corner=ssf; model_corner=ss; temp_c=-40; vdd=3.3","PASS","Vout_max_V","1.20147","","","/home/vadim/work/eda-harness/ph2/ph2/ldo_dao_acceptance_suite/results/acceptance_full_sky130_corners_phase_fix/summary.txt"
"ldo_dao_acceptance_suite","dynamic-load regulation: valid pre/post Vout; drop <= 50 mV; overshoot <= 20 mV; average drop <= 25 mV","dynamic_load_tran","corner=ssf; model_corner=ss; temp_c=-40; vdd=3.3","PASS","Vout_min_V","1.18019","","","/home/vadim/work/eda-harness/ph2/ph2/ldo_dao_acceptance_suite/results/acceptance_full_sky130_corners_phase_fix/summary.txt"
"ldo_dao_acceptance_suite","dynamic-load regulation: valid pre/post Vout; drop <= 50 mV; overshoot <= 20 mV; average drop <= 25 mV","dynamic_load_tran","corner=ssf; model_corner=ss; temp_c=-40; vdd=3.3","PASS","avg_drop_mV","4.211","","","/home/vadim/work/eda-harness/ph2/ph2/ldo_dao_acceptance_suite/results/acceptance_full_sky130_corners_phase_fix/summary.txt"
"ldo_dao_acceptance_suite","dynamic-load regulation: valid pre/post Vout; drop <= 50 mV; overshoot <= 20 mV; average drop <= 25 mV","dynamic_load_tran","corner=ssf; model_corner=ss; temp_c=-40; vdd=3.3","PASS","Vout_dyn_avg_V","1.19128","","","/home/vadim/work/eda-harness/ph2/ph2/ldo_dao_acceptance_suite/results/acceptance_full_sky130_corners_phase_fix/summary.txt"
"ldo_dao_acceptance_suite","dynamic-load regulation: valid pre/post Vout; drop <= 50 mV; overshoot <= 20 mV; average drop <= 25 mV","dynamic_load_tran","corner=ssf; model_corner=ss; temp_c=-40; vdd=3.3","PASS","overshoot_mV","5.977","","","/home/vadim/work/eda-harness/ph2/ph2/ldo_dao_acceptance_suite/results/acceptance_full_sky130_corners_phase_fix/summary.txt"
"ldo_dao_acceptance_suite","dynamic-load regulation: valid pre/post Vout; drop <= 50 mV; overshoot <= 20 mV; average drop <= 25 mV","dynamic_load_tran","corner=ssf; model_corner=ss; temp_c=-40; vdd=3.6","PASS","Vout_pre_V","1.19547","","","/home/vadim/work/eda-harness/ph2/ph2/ldo_dao_acceptance_suite/results/acceptance_full_sky130_corners_phase_fix/summary.txt"
"ldo_dao_acceptance_suite","dynamic-load regulation: valid pre/post Vout; drop <= 50 mV; overshoot <= 20 mV; average drop <= 25 mV","dynamic_load_tran","corner=ssf; model_corner=ss; temp_c=-40; vdd=3.6","PASS","drop_mV","15.243","","","/home/vadim/work/eda-harness/ph2/ph2/ldo_dao_acceptance_suite/results/acceptance_full_sky130_corners_phase_fix/summary.txt"
"ldo_dao_acceptance_suite","dynamic-load regulation: valid pre/post Vout; drop <= 50 mV; overshoot <= 20 mV; average drop <= 25 mV","dynamic_load_tran","corner=ssf; model_corner=ss; temp_c=-40; vdd=3.6","PASS","Vout_max_V","1.20141","","","/home/vadim/work/eda-harness/ph2/ph2/ldo_dao_acceptance_suite/results/acceptance_full_sky130_corners_phase_fix/summary.txt"
"ldo_dao_acceptance_suite","dynamic-load regulation: valid pre/post Vout; drop <= 50 mV; overshoot <= 20 mV; average drop <= 25 mV","dynamic_load_tran","corner=ssf; model_corner=ss; temp_c=-40; vdd=3.6","PASS","Vout_min_V","1.18023","","","/home/vadim/work/eda-harness/ph2/ph2/ldo_dao_acceptance_suite/results/acceptance_full_sky130_corners_phase_fix/summary.txt"
"ldo_dao_acceptance_suite","dynamic-load regulation: valid pre/post Vout; drop <= 50 mV; overshoot <= 20 mV; average drop <= 25 mV","dynamic_load_tran","corner=ssf; model_corner=ss; temp_c=-40; vdd=3.6","PASS","avg_drop_mV","4.232","","","/home/vadim/work/eda-harness/ph2/ph2/ldo_dao_acceptance_suite/results/acceptance_full_sky130_corners_phase_fix/summary.txt"
"ldo_dao_acceptance_suite","dynamic-load regulation: valid pre/post Vout; drop <= 50 mV; overshoot <= 20 mV; average drop <= 25 mV","dynamic_load_tran","corner=ssf; model_corner=ss; temp_c=-40; vdd=3.6","PASS","Vout_dyn_avg_V","1.19124","","","/home/vadim/work/eda-harness/ph2/ph2/ldo_dao_acceptance_suite/results/acceptance_full_sky130_corners_phase_fix/summary.txt"
"ldo_dao_acceptance_suite","dynamic-load regulation: valid pre/post Vout; drop <= 50 mV; overshoot <= 20 mV; average drop <= 25 mV","dynamic_load_tran","corner=ssf; model_corner=ss; temp_c=-40; vdd=3.6","PASS","overshoot_mV","5.943","","","/home/vadim/work/eda-harness/ph2/ph2/ldo_dao_acceptance_suite/results/acceptance_full_sky130_corners_phase_fix/summary.txt"
"ldo_dao_acceptance_suite","dynamic-load regulation: valid pre/post Vout; drop <= 50 mV; overshoot <= 20 mV; average drop <= 25 mV","dynamic_load_tran","corner=ssf; model_corner=ss; temp_c=27; vdd=2.0","PASS","Vout_pre_V","1.19389","","","/home/vadim/work/eda-harness/ph2/ph2/ldo_dao_acceptance_suite/results/acceptance_full_sky130_corners_phase_fix/summary.txt"
"ldo_dao_acceptance_suite","dynamic-load regulation: valid pre/post Vout; drop <= 50 mV; overshoot <= 20 mV; average drop <= 25 mV","dynamic_load_tran","corner=ssf; model_corner=ss; temp_c=27; vdd=2.0","PASS","drop_mV","18.587","","","/home/vadim/work/eda-harness/ph2/ph2/ldo_dao_acceptance_suite/results/acceptance_full_sky130_corners_phase_fix/summary.txt"
"ldo_dao_acceptance_suite","dynamic-load regulation: valid pre/post Vout; drop <= 50 mV; overshoot <= 20 mV; average drop <= 25 mV","dynamic_load_tran","corner=ssf; model_corner=ss; temp_c=27; vdd=2.0","PASS","Vout_max_V","1.19617","","","/home/vadim/work/eda-harness/ph2/ph2/ldo_dao_acceptance_suite/results/acceptance_full_sky130_corners_phase_fix/summary.txt"
"ldo_dao_acceptance_suite","dynamic-load regulation: valid pre/post Vout; drop <= 50 mV; overshoot <= 20 mV; average drop <= 25 mV","dynamic_load_tran","corner=ssf; model_corner=ss; temp_c=27; vdd=2.0","PASS","Vout_min_V","1.1753","","","/home/vadim/work/eda-harness/ph2/ph2/ldo_dao_acceptance_suite/results/acceptance_full_sky130_corners_phase_fix/summary.txt"
"ldo_dao_acceptance_suite","dynamic-load regulation: valid pre/post Vout; drop <= 50 mV; overshoot <= 20 mV; average drop <= 25 mV","dynamic_load_tran","corner=ssf; model_corner=ss; temp_c=27; vdd=2.0","PASS","avg_drop_mV","5.798","","","/home/vadim/work/eda-harness/ph2/ph2/ldo_dao_acceptance_suite/results/acceptance_full_sky130_corners_phase_fix/summary.txt"
"ldo_dao_acceptance_suite","dynamic-load regulation: valid pre/post Vout; drop <= 50 mV; overshoot <= 20 mV; average drop <= 25 mV","dynamic_load_tran","corner=ssf; model_corner=ss; temp_c=27; vdd=2.0","PASS","Vout_dyn_avg_V","1.18809","","","/home/vadim/work/eda-harness/ph2/ph2/ldo_dao_acceptance_suite/results/acceptance_full_sky130_corners_phase_fix/summary.txt"
"ldo_dao_acceptance_suite","dynamic-load regulation: valid pre/post Vout; drop <= 50 mV; overshoot <= 20 mV; average drop <= 25 mV","dynamic_load_tran","corner=ssf; model_corner=ss; temp_c=27; vdd=2.0","PASS","overshoot_mV","2.284","","","/home/vadim/work/eda-harness/ph2/ph2/ldo_dao_acceptance_suite/results/acceptance_full_sky130_corners_phase_fix/summary.txt"
"ldo_dao_acceptance_suite","dynamic-load regulation: valid pre/post Vout; drop <= 50 mV; overshoot <= 20 mV; average drop <= 25 mV","dynamic_load_tran","corner=ssf; model_corner=ss; temp_c=27; vdd=3.3","PASS","Vout_pre_V","1.19465","","","/home/vadim/work/eda-harness/ph2/ph2/ldo_dao_acceptance_suite/results/acceptance_full_sky130_corners_phase_fix/summary.txt"
"ldo_dao_acceptance_suite","dynamic-load regulation: valid pre/post Vout; drop <= 50 mV; overshoot <= 20 mV; average drop <= 25 mV","dynamic_load_tran","corner=ssf; model_corner=ss; temp_c=27; vdd=3.3","PASS","drop_mV","17.484","","","/home/vadim/work/eda-harness/ph2/ph2/ldo_dao_acceptance_suite/results/acceptance_full_sky130_corners_phase_fix/summary.txt"
"ldo_dao_acceptance_suite","dynamic-load regulation: valid pre/post Vout; drop <= 50 mV; overshoot <= 20 mV; average drop <= 25 mV","dynamic_load_tran","corner=ssf; model_corner=ss; temp_c=27; vdd=3.3","PASS","Vout_max_V","1.19952","","","/home/vadim/work/eda-harness/ph2/ph2/ldo_dao_acceptance_suite/results/acceptance_full_sky130_corners_phase_fix/summary.txt"
"ldo_dao_acceptance_suite","dynamic-load regulation: valid pre/post Vout; drop <= 50 mV; overshoot <= 20 mV; average drop <= 25 mV","dynamic_load_tran","corner=ssf; model_corner=ss; temp_c=27; vdd=3.3","PASS","Vout_min_V","1.17717","","","/home/vadim/work/eda-harness/ph2/ph2/ldo_dao_acceptance_suite/results/acceptance_full_sky130_corners_phase_fix/summary.txt"
"ldo_dao_acceptance_suite","dynamic-load regulation: valid pre/post Vout; drop <= 50 mV; overshoot <= 20 mV; average drop <= 25 mV","dynamic_load_tran","corner=ssf; model_corner=ss; temp_c=27; vdd=3.3","PASS","avg_drop_mV","4.592","","","/home/vadim/work/eda-harness/ph2/ph2/ldo_dao_acceptance_suite/results/acceptance_full_sky130_corners_phase_fix/summary.txt"
"ldo_dao_acceptance_suite","dynamic-load regulation: valid pre/post Vout; drop <= 50 mV; overshoot <= 20 mV; average drop <= 25 mV","dynamic_load_tran","corner=ssf; model_corner=ss; temp_c=27; vdd=3.3","PASS","Vout_dyn_avg_V","1.19006","","","/home/vadim/work/eda-harness/ph2/ph2/ldo_dao_acceptance_suite/results/acceptance_full_sky130_corners_phase_fix/summary.txt"
"ldo_dao_acceptance_suite","dynamic-load regulation: valid pre/post Vout; drop <= 50 mV; overshoot <= 20 mV; average drop <= 25 mV","dynamic_load_tran","corner=ssf; model_corner=ss; temp_c=27; vdd=3.3","PASS","overshoot_mV","4.866","","","/home/vadim/work/eda-harness/ph2/ph2/ldo_dao_acceptance_suite/results/acceptance_full_sky130_corners_phase_fix/summary.txt"
"ldo_dao_acceptance_suite","dynamic-load regulation: valid pre/post Vout; drop <= 50 mV; overshoot <= 20 mV; average drop <= 25 mV","dynamic_load_tran","corner=ssf; model_corner=ss; temp_c=27; vdd=3.6","PASS","Vout_pre_V","1.19459","","","/home/vadim/work/eda-harness/ph2/ph2/ldo_dao_acceptance_suite/results/acceptance_full_sky130_corners_phase_fix/summary.txt"
"ldo_dao_acceptance_suite","dynamic-load regulation: valid pre/post Vout; drop <= 50 mV; overshoot <= 20 mV; average drop <= 25 mV","dynamic_load_tran","corner=ssf; model_corner=ss; temp_c=27; vdd=3.6","PASS","drop_mV","17.444","","","/home/vadim/work/eda-harness/ph2/ph2/ldo_dao_acceptance_suite/results/acceptance_full_sky130_corners_phase_fix/summary.txt"
"ldo_dao_acceptance_suite","dynamic-load regulation: valid pre/post Vout; drop <= 50 mV; overshoot <= 20 mV; average drop <= 25 mV","dynamic_load_tran","corner=ssf; model_corner=ss; temp_c=27; vdd=3.6","PASS","Vout_max_V","1.19943","","","/home/vadim/work/eda-harness/ph2/ph2/ldo_dao_acceptance_suite/results/acceptance_full_sky130_corners_phase_fix/summary.txt"
"ldo_dao_acceptance_suite","dynamic-load regulation: valid pre/post Vout; drop <= 50 mV; overshoot <= 20 mV; average drop <= 25 mV","dynamic_load_tran","corner=ssf; model_corner=ss; temp_c=27; vdd=3.6","PASS","Vout_min_V","1.17715","","","/home/vadim/work/eda-harness/ph2/ph2/ldo_dao_acceptance_suite/results/acceptance_full_sky130_corners_phase_fix/summary.txt"
"ldo_dao_acceptance_suite","dynamic-load regulation: valid pre/post Vout; drop <= 50 mV; overshoot <= 20 mV; average drop <= 25 mV","dynamic_load_tran","corner=ssf; model_corner=ss; temp_c=27; vdd=3.6","PASS","avg_drop_mV","4.632","","","/home/vadim/work/eda-harness/ph2/ph2/ldo_dao_acceptance_suite/results/acceptance_full_sky130_corners_phase_fix/summary.txt"
"ldo_dao_acceptance_suite","dynamic-load regulation: valid pre/post Vout; drop <= 50 mV; overshoot <= 20 mV; average drop <= 25 mV","dynamic_load_tran","corner=ssf; model_corner=ss; temp_c=27; vdd=3.6","PASS","Vout_dyn_avg_V","1.18996","","","/home/vadim/work/eda-harness/ph2/ph2/ldo_dao_acceptance_suite/results/acceptance_full_sky130_corners_phase_fix/summary.txt"
"ldo_dao_acceptance_suite","dynamic-load regulation: valid pre/post Vout; drop <= 50 mV; overshoot <= 20 mV; average drop <= 25 mV","dynamic_load_tran","corner=ssf; model_corner=ss; temp_c=27; vdd=3.6","PASS","overshoot_mV","4.837","","","/home/vadim/work/eda-harness/ph2/ph2/ldo_dao_acceptance_suite/results/acceptance_full_sky130_corners_phase_fix/summary.txt"
"ldo_dao_acceptance_suite","dynamic-load regulation: valid pre/post Vout; drop <= 50 mV; overshoot <= 20 mV; average drop <= 25 mV","dynamic_load_tran","corner=ssf; model_corner=ss; temp_c=150; vdd=2.0","PASS","Vout_pre_V","1.19196","","","/home/vadim/work/eda-harness/ph2/ph2/ldo_dao_acceptance_suite/results/acceptance_full_sky130_corners_phase_fix/summary.txt"
"ldo_dao_acceptance_suite","dynamic-load regulation: valid pre/post Vout; drop <= 50 mV; overshoot <= 20 mV; average drop <= 25 mV","dynamic_load_tran","corner=ssf; model_corner=ss; temp_c=150; vdd=2.0","PASS","drop_mV","21.567","","","/home/vadim/work/eda-harness/ph2/ph2/ldo_dao_acceptance_suite/results/acceptance_full_sky130_corners_phase_fix/summary.txt"
"ldo_dao_acceptance_suite","dynamic-load regulation: valid pre/post Vout; drop <= 50 mV; overshoot <= 20 mV; average drop <= 25 mV","dynamic_load_tran","corner=ssf; model_corner=ss; temp_c=150; vdd=2.0","PASS","Vout_max_V","1.19196","","","/home/vadim/work/eda-harness/ph2/ph2/ldo_dao_acceptance_suite/results/acceptance_full_sky130_corners_phase_fix/summary.txt"
"ldo_dao_acceptance_suite","dynamic-load regulation: valid pre/post Vout; drop <= 50 mV; overshoot <= 20 mV; average drop <= 25 mV","dynamic_load_tran","corner=ssf; model_corner=ss; temp_c=150; vdd=2.0","PASS","Vout_min_V","1.17039","","","/home/vadim/work/eda-harness/ph2/ph2/ldo_dao_acceptance_suite/results/acceptance_full_sky130_corners_phase_fix/summary.txt"
"ldo_dao_acceptance_suite","dynamic-load regulation: valid pre/post Vout; drop <= 50 mV; overshoot <= 20 mV; average drop <= 25 mV","dynamic_load_tran","corner=ssf; model_corner=ss; temp_c=150; vdd=2.0","PASS","avg_drop_mV","7.619","","","/home/vadim/work/eda-harness/ph2/ph2/ldo_dao_acceptance_suite/results/acceptance_full_sky130_corners_phase_fix/summary.txt"
"ldo_dao_acceptance_suite","dynamic-load regulation: valid pre/post Vout; drop <= 50 mV; overshoot <= 20 mV; average drop <= 25 mV","dynamic_load_tran","corner=ssf; model_corner=ss; temp_c=150; vdd=2.0","PASS","Vout_dyn_avg_V","1.18434","","","/home/vadim/work/eda-harness/ph2/ph2/ldo_dao_acceptance_suite/results/acceptance_full_sky130_corners_phase_fix/summary.txt"
"ldo_dao_acceptance_suite","dynamic-load regulation: valid pre/post Vout; drop <= 50 mV; overshoot <= 20 mV; average drop <= 25 mV","dynamic_load_tran","corner=ssf; model_corner=ss; temp_c=150; vdd=2.0","PASS","overshoot_mV","0","","","/home/vadim/work/eda-harness/ph2/ph2/ldo_dao_acceptance_suite/results/acceptance_full_sky130_corners_phase_fix/summary.txt"
"ldo_dao_acceptance_suite","dynamic-load regulation: valid pre/post Vout; drop <= 50 mV; overshoot <= 20 mV; average drop <= 25 mV","dynamic_load_tran","corner=ssf; model_corner=ss; temp_c=150; vdd=3.3","PASS","Vout_pre_V","1.19276","","","/home/vadim/work/eda-harness/ph2/ph2/ldo_dao_acceptance_suite/results/acceptance_full_sky130_corners_phase_fix/summary.txt"
"ldo_dao_acceptance_suite","dynamic-load regulation: valid pre/post Vout; drop <= 50 mV; overshoot <= 20 mV; average drop <= 25 mV","dynamic_load_tran","corner=ssf; model_corner=ss; temp_c=150; vdd=3.3","PASS","drop_mV","20.837","","","/home/vadim/work/eda-harness/ph2/ph2/ldo_dao_acceptance_suite/results/acceptance_full_sky130_corners_phase_fix/summary.txt"
"ldo_dao_acceptance_suite","dynamic-load regulation: valid pre/post Vout; drop <= 50 mV; overshoot <= 20 mV; average drop <= 25 mV","dynamic_load_tran","corner=ssf; model_corner=ss; temp_c=150; vdd=3.3","PASS","Vout_max_V","1.19297","","","/home/vadim/work/eda-harness/ph2/ph2/ldo_dao_acceptance_suite/results/acceptance_full_sky130_corners_phase_fix/summary.txt"
"ldo_dao_acceptance_suite","dynamic-load regulation: valid pre/post Vout; drop <= 50 mV; overshoot <= 20 mV; average drop <= 25 mV","dynamic_load_tran","corner=ssf; model_corner=ss; temp_c=150; vdd=3.3","PASS","Vout_min_V","1.17192","","","/home/vadim/work/eda-harness/ph2/ph2/ldo_dao_acceptance_suite/results/acceptance_full_sky130_corners_phase_fix/summary.txt"
"ldo_dao_acceptance_suite","dynamic-load regulation: valid pre/post Vout; drop <= 50 mV; overshoot <= 20 mV; average drop <= 25 mV","dynamic_load_tran","corner=ssf; model_corner=ss; temp_c=150; vdd=3.3","PASS","avg_drop_mV","6.037","","","/home/vadim/work/eda-harness/ph2/ph2/ldo_dao_acceptance_suite/results/acceptance_full_sky130_corners_phase_fix/summary.txt"
"ldo_dao_acceptance_suite","dynamic-load regulation: valid pre/post Vout; drop <= 50 mV; overshoot <= 20 mV; average drop <= 25 mV","dynamic_load_tran","corner=ssf; model_corner=ss; temp_c=150; vdd=3.3","PASS","Vout_dyn_avg_V","1.18672","","","/home/vadim/work/eda-harness/ph2/ph2/ldo_dao_acceptance_suite/results/acceptance_full_sky130_corners_phase_fix/summary.txt"
"ldo_dao_acceptance_suite","dynamic-load regulation: valid pre/post Vout; drop <= 50 mV; overshoot <= 20 mV; average drop <= 25 mV","dynamic_load_tran","corner=ssf; model_corner=ss; temp_c=150; vdd=3.3","PASS","overshoot_mV","0.212","","","/home/vadim/work/eda-harness/ph2/ph2/ldo_dao_acceptance_suite/results/acceptance_full_sky130_corners_phase_fix/summary.txt"
"ldo_dao_acceptance_suite","dynamic-load regulation: valid pre/post Vout; drop <= 50 mV; overshoot <= 20 mV; average drop <= 25 mV","dynamic_load_tran","corner=ssf; model_corner=ss; temp_c=150; vdd=3.6","PASS","Vout_pre_V","1.1926","","","/home/vadim/work/eda-harness/ph2/ph2/ldo_dao_acceptance_suite/results/acceptance_full_sky130_corners_phase_fix/summary.txt"
"ldo_dao_acceptance_suite","dynamic-load regulation: valid pre/post Vout; drop <= 50 mV; overshoot <= 20 mV; average drop <= 25 mV","dynamic_load_tran","corner=ssf; model_corner=ss; temp_c=150; vdd=3.6","PASS","drop_mV","20.819","","","/home/vadim/work/eda-harness/ph2/ph2/ldo_dao_acceptance_suite/results/acceptance_full_sky130_corners_phase_fix/summary.txt"
"ldo_dao_acceptance_suite","dynamic-load regulation: valid pre/post Vout; drop <= 50 mV; overshoot <= 20 mV; average drop <= 25 mV","dynamic_load_tran","corner=ssf; model_corner=ss; temp_c=150; vdd=3.6","PASS","Vout_max_V","1.19276","","","/home/vadim/work/eda-harness/ph2/ph2/ldo_dao_acceptance_suite/results/acceptance_full_sky130_corners_phase_fix/summary.txt"
"ldo_dao_acceptance_suite","dynamic-load regulation: valid pre/post Vout; drop <= 50 mV; overshoot <= 20 mV; average drop <= 25 mV","dynamic_load_tran","corner=ssf; model_corner=ss; temp_c=150; vdd=3.6","PASS","Vout_min_V","1.17178","","","/home/vadim/work/eda-harness/ph2/ph2/ldo_dao_acceptance_suite/results/acceptance_full_sky130_corners_phase_fix/summary.txt"
"ldo_dao_acceptance_suite","dynamic-load regulation: valid pre/post Vout; drop <= 50 mV; overshoot <= 20 mV; average drop <= 25 mV","dynamic_load_tran","corner=ssf; model_corner=ss; temp_c=150; vdd=3.6","PASS","avg_drop_mV","6.131","","","/home/vadim/work/eda-harness/ph2/ph2/ldo_dao_acceptance_suite/results/acceptance_full_sky130_corners_phase_fix/summary.txt"
"ldo_dao_acceptance_suite","dynamic-load regulation: valid pre/post Vout; drop <= 50 mV; overshoot <= 20 mV; average drop <= 25 mV","dynamic_load_tran","corner=ssf; model_corner=ss; temp_c=150; vdd=3.6","PASS","Vout_dyn_avg_V","1.18647","","","/home/vadim/work/eda-harness/ph2/ph2/ldo_dao_acceptance_suite/results/acceptance_full_sky130_corners_phase_fix/summary.txt"
"ldo_dao_acceptance_suite","dynamic-load regulation: valid pre/post Vout; drop <= 50 mV; overshoot <= 20 mV; average drop <= 25 mV","dynamic_load_tran","corner=ssf; model_corner=ss; temp_c=150; vdd=3.6","PASS","overshoot_mV","0.16","","","/home/vadim/work/eda-harness/ph2/ph2/ldo_dao_acceptance_suite/results/acceptance_full_sky130_corners_phase_fix/summary.txt"
"ldo_dao_acceptance_suite","PSRR_min >= 40 dB","psrr_ac","corner=ssf; model_corner=ss; temp_c=-40; vdd=2.0","PASS","PSRR_min_dB","42.4672","","","/home/vadim/work/eda-harness/ph2/ph2/ldo_dao_acceptance_suite/results/acceptance_full_sky130_corners_phase_fix/summary.txt"
"ldo_dao_acceptance_suite","PSRR_min >= 40 dB","psrr_ac","corner=ssf; model_corner=ss; temp_c=-40; vdd=3.3","PASS","PSRR_min_dB","41.9758","","","/home/vadim/work/eda-harness/ph2/ph2/ldo_dao_acceptance_suite/results/acceptance_full_sky130_corners_phase_fix/summary.txt"
"ldo_dao_acceptance_suite","PSRR_min >= 40 dB","psrr_ac","corner=ssf; model_corner=ss; temp_c=-40; vdd=3.6","PASS","PSRR_min_dB","42.0929","","","/home/vadim/work/eda-harness/ph2/ph2/ldo_dao_acceptance_suite/results/acceptance_full_sky130_corners_phase_fix/summary.txt"
"ldo_dao_acceptance_suite","PSRR_min >= 40 dB","psrr_ac","corner=ssf; model_corner=ss; temp_c=27; vdd=2.0","PASS","PSRR_min_dB","42.6941","","","/home/vadim/work/eda-harness/ph2/ph2/ldo_dao_acceptance_suite/results/acceptance_full_sky130_corners_phase_fix/summary.txt"
"ldo_dao_acceptance_suite","PSRR_min >= 40 dB","psrr_ac","corner=ssf; model_corner=ss; temp_c=27; vdd=3.3","PASS","PSRR_min_dB","42.3075","","","/home/vadim/work/eda-harness/ph2/ph2/ldo_dao_acceptance_suite/results/acceptance_full_sky130_corners_phase_fix/summary.txt"
"ldo_dao_acceptance_suite","PSRR_min >= 40 dB","psrr_ac","corner=ssf; model_corner=ss; temp_c=27; vdd=3.6","PASS","PSRR_min_dB","42.4466","","","/home/vadim/work/eda-harness/ph2/ph2/ldo_dao_acceptance_suite/results/acceptance_full_sky130_corners_phase_fix/summary.txt"
"ldo_dao_acceptance_suite","PSRR_min >= 40 dB","psrr_ac","corner=ssf; model_corner=ss; temp_c=150; vdd=2.0","PASS","PSRR_min_dB","42.8674","","","/home/vadim/work/eda-harness/ph2/ph2/ldo_dao_acceptance_suite/results/acceptance_full_sky130_corners_phase_fix/summary.txt"
"ldo_dao_acceptance_suite","PSRR_min >= 40 dB","psrr_ac","corner=ssf; model_corner=ss; temp_c=150; vdd=3.3","PASS","PSRR_min_dB","42.7562","","","/home/vadim/work/eda-harness/ph2/ph2/ldo_dao_acceptance_suite/results/acceptance_full_sky130_corners_phase_fix/summary.txt"
"ldo_dao_acceptance_suite","PSRR_min >= 40 dB","psrr_ac","corner=ssf; model_corner=ss; temp_c=150; vdd=3.6","PASS","PSRR_min_dB","42.9351","","","/home/vadim/work/eda-harness/ph2/ph2/ldo_dao_acceptance_suite/results/acceptance_full_sky130_corners_phase_fix/summary.txt"
"ldo_dao_acceptance_suite","GBW >= 100 kHz; PM >= 40 deg; GM >= 20 dB","loop_stability_ac","corner=ssf; model_corner=ss; temp_c=-40; vdd=2.0","PASS","GM_dB","24.6635","","","/home/vadim/work/eda-harness/ph2/ph2/ldo_dao_acceptance_suite/results/acceptance_full_sky130_corners_phase_fix/summary.txt"
"ldo_dao_acceptance_suite","GBW >= 100 kHz; PM >= 40 deg; GM >= 20 dB","loop_stability_ac","corner=ssf; model_corner=ss; temp_c=-40; vdd=2.0","PASS","GM_mode","0","","","/home/vadim/work/eda-harness/ph2/ph2/ldo_dao_acceptance_suite/results/acceptance_full_sky130_corners_phase_fix/summary.txt"
"ldo_dao_acceptance_suite","GBW >= 100 kHz; PM >= 40 deg; GM >= 20 dB","loop_stability_ac","corner=ssf; model_corner=ss; temp_c=-40; vdd=2.0","PASS","GBW_Hz","2.04357E+06","","","/home/vadim/work/eda-harness/ph2/ph2/ldo_dao_acceptance_suite/results/acceptance_full_sky130_corners_phase_fix/summary.txt"
"ldo_dao_acceptance_suite","GBW >= 100 kHz; PM >= 40 deg; GM >= 20 dB","loop_stability_ac","corner=ssf; model_corner=ss; temp_c=-40; vdd=2.0","PASS","PM_deg","40.0497","","","/home/vadim/work/eda-harness/ph2/ph2/ldo_dao_acceptance_suite/results/acceptance_full_sky130_corners_phase_fix/summary.txt"
"ldo_dao_acceptance_suite","GBW >= 100 kHz; PM >= 40 deg; GM >= 20 dB","loop_stability_ac","corner=ssf; model_corner=ss; temp_c=-40; vdd=3.3","PASS","GM_dB","23.9655","","","/home/vadim/work/eda-harness/ph2/ph2/ldo_dao_acceptance_suite/results/acceptance_full_sky130_corners_phase_fix/summary.txt"
"ldo_dao_acceptance_suite","GBW >= 100 kHz; PM >= 40 deg; GM >= 20 dB","loop_stability_ac","corner=ssf; model_corner=ss; temp_c=-40; vdd=3.3","PASS","GM_mode","0","","","/home/vadim/work/eda-harness/ph2/ph2/ldo_dao_acceptance_suite/results/acceptance_full_sky130_corners_phase_fix/summary.txt"
"ldo_dao_acceptance_suite","GBW >= 100 kHz; PM >= 40 deg; GM >= 20 dB","loop_stability_ac","corner=ssf; model_corner=ss; temp_c=-40; vdd=3.3","PASS","GBW_Hz","2.15338E+06","","","/home/vadim/work/eda-harness/ph2/ph2/ldo_dao_acceptance_suite/results/acceptance_full_sky130_corners_phase_fix/summary.txt"
"ldo_dao_acceptance_suite","GBW >= 100 kHz; PM >= 40 deg; GM >= 20 dB","loop_stability_ac","corner=ssf; model_corner=ss; temp_c=-40; vdd=3.3","FAIL","PM_deg","35.7024","PM_LOW","limit_min_deg=40","/home/vadim/work/eda-harness/ph2/ph2/ldo_dao_acceptance_suite/results/acceptance_full_sky130_corners_phase_fix/summary.txt"
"ldo_dao_acceptance_suite","GBW >= 100 kHz; PM >= 40 deg; GM >= 20 dB","loop_stability_ac","corner=ssf; model_corner=ss; temp_c=-40; vdd=3.6","PASS","GM_dB","24.0375","","","/home/vadim/work/eda-harness/ph2/ph2/ldo_dao_acceptance_suite/results/acceptance_full_sky130_corners_phase_fix/summary.txt"
"ldo_dao_acceptance_suite","GBW >= 100 kHz; PM >= 40 deg; GM >= 20 dB","loop_stability_ac","corner=ssf; model_corner=ss; temp_c=-40; vdd=3.6","PASS","GM_mode","0","","","/home/vadim/work/eda-harness/ph2/ph2/ldo_dao_acceptance_suite/results/acceptance_full_sky130_corners_phase_fix/summary.txt"
"ldo_dao_acceptance_suite","GBW >= 100 kHz; PM >= 40 deg; GM >= 20 dB","loop_stability_ac","corner=ssf; model_corner=ss; temp_c=-40; vdd=3.6","PASS","GBW_Hz","2.15621E+06","","","/home/vadim/work/eda-harness/ph2/ph2/ldo_dao_acceptance_suite/results/acceptance_full_sky130_corners_phase_fix/summary.txt"
"ldo_dao_acceptance_suite","GBW >= 100 kHz; PM >= 40 deg; GM >= 20 dB","loop_stability_ac","corner=ssf; model_corner=ss; temp_c=-40; vdd=3.6","FAIL","PM_deg","36.1271","PM_LOW","limit_min_deg=40","/home/vadim/work/eda-harness/ph2/ph2/ldo_dao_acceptance_suite/results/acceptance_full_sky130_corners_phase_fix/summary.txt"
"ldo_dao_acceptance_suite","GBW >= 100 kHz; PM >= 40 deg; GM >= 20 dB","loop_stability_ac","corner=ssf; model_corner=ss; temp_c=27; vdd=2.0","PASS","GM_dB","25.5006","","","/home/vadim/work/eda-harness/ph2/ph2/ldo_dao_acceptance_suite/results/acceptance_full_sky130_corners_phase_fix/summary.txt"
"ldo_dao_acceptance_suite","GBW >= 100 kHz; PM >= 40 deg; GM >= 20 dB","loop_stability_ac","corner=ssf; model_corner=ss; temp_c=27; vdd=2.0","PASS","GM_mode","0","","","/home/vadim/work/eda-harness/ph2/ph2/ldo_dao_acceptance_suite/results/acceptance_full_sky130_corners_phase_fix/summary.txt"
"ldo_dao_acceptance_suite","GBW >= 100 kHz; PM >= 40 deg; GM >= 20 dB","loop_stability_ac","corner=ssf; model_corner=ss; temp_c=27; vdd=2.0","PASS","GBW_Hz","1.83066E+06","","","/home/vadim/work/eda-harness/ph2/ph2/ldo_dao_acceptance_suite/results/acceptance_full_sky130_corners_phase_fix/summary.txt"
"ldo_dao_acceptance_suite","GBW >= 100 kHz; PM >= 40 deg; GM >= 20 dB","loop_stability_ac","corner=ssf; model_corner=ss; temp_c=27; vdd=2.0","PASS","PM_deg","41.5608","","","/home/vadim/work/eda-harness/ph2/ph2/ldo_dao_acceptance_suite/results/acceptance_full_sky130_corners_phase_fix/summary.txt"
"ldo_dao_acceptance_suite","GBW >= 100 kHz; PM >= 40 deg; GM >= 20 dB","loop_stability_ac","corner=ssf; model_corner=ss; temp_c=27; vdd=3.3","PASS","GM_dB","24.7924","","","/home/vadim/work/eda-harness/ph2/ph2/ldo_dao_acceptance_suite/results/acceptance_full_sky130_corners_phase_fix/summary.txt"
"ldo_dao_acceptance_suite","GBW >= 100 kHz; PM >= 40 deg; GM >= 20 dB","loop_stability_ac","corner=ssf; model_corner=ss; temp_c=27; vdd=3.3","PASS","GM_mode","0","","","/home/vadim/work/eda-harness/ph2/ph2/ldo_dao_acceptance_suite/results/acceptance_full_sky130_corners_phase_fix/summary.txt"
"ldo_dao_acceptance_suite","GBW >= 100 kHz; PM >= 40 deg; GM >= 20 dB","loop_stability_ac","corner=ssf; model_corner=ss; temp_c=27; vdd=3.3","PASS","GBW_Hz","1.93039E+06","","","/home/vadim/work/eda-harness/ph2/ph2/ldo_dao_acceptance_suite/results/acceptance_full_sky130_corners_phase_fix/summary.txt"
"ldo_dao_acceptance_suite","GBW >= 100 kHz; PM >= 40 deg; GM >= 20 dB","loop_stability_ac","corner=ssf; model_corner=ss; temp_c=27; vdd=3.3","FAIL","PM_deg","37.1981","PM_LOW","limit_min_deg=40","/home/vadim/work/eda-harness/ph2/ph2/ldo_dao_acceptance_suite/results/acceptance_full_sky130_corners_phase_fix/summary.txt"
"ldo_dao_acceptance_suite","GBW >= 100 kHz; PM >= 40 deg; GM >= 20 dB","loop_stability_ac","corner=ssf; model_corner=ss; temp_c=27; vdd=3.6","PASS","GM_dB","24.8853","","","/home/vadim/work/eda-harness/ph2/ph2/ldo_dao_acceptance_suite/results/acceptance_full_sky130_corners_phase_fix/summary.txt"
"ldo_dao_acceptance_suite","GBW >= 100 kHz; PM >= 40 deg; GM >= 20 dB","loop_stability_ac","corner=ssf; model_corner=ss; temp_c=27; vdd=3.6","PASS","GM_mode","0","","","/home/vadim/work/eda-harness/ph2/ph2/ldo_dao_acceptance_suite/results/acceptance_full_sky130_corners_phase_fix/summary.txt"
"ldo_dao_acceptance_suite","GBW >= 100 kHz; PM >= 40 deg; GM >= 20 dB","loop_stability_ac","corner=ssf; model_corner=ss; temp_c=27; vdd=3.6","PASS","GBW_Hz","1.93031E+06","","","/home/vadim/work/eda-harness/ph2/ph2/ldo_dao_acceptance_suite/results/acceptance_full_sky130_corners_phase_fix/summary.txt"
"ldo_dao_acceptance_suite","GBW >= 100 kHz; PM >= 40 deg; GM >= 20 dB","loop_stability_ac","corner=ssf; model_corner=ss; temp_c=27; vdd=3.6","FAIL","PM_deg","37.7923","PM_LOW","limit_min_deg=40","/home/vadim/work/eda-harness/ph2/ph2/ldo_dao_acceptance_suite/results/acceptance_full_sky130_corners_phase_fix/summary.txt"
"ldo_dao_acceptance_suite","GBW >= 100 kHz; PM >= 40 deg; GM >= 20 dB","loop_stability_ac","corner=ssf; model_corner=ss; temp_c=150; vdd=2.0","PASS","GM_dB","26.9461","","","/home/vadim/work/eda-harness/ph2/ph2/ldo_dao_acceptance_suite/results/acceptance_full_sky130_corners_phase_fix/summary.txt"
"ldo_dao_acceptance_suite","GBW >= 100 kHz; PM >= 40 deg; GM >= 20 dB","loop_stability_ac","corner=ssf; model_corner=ss; temp_c=150; vdd=2.0","PASS","GM_mode","0","","","/home/vadim/work/eda-harness/ph2/ph2/ldo_dao_acceptance_suite/results/acceptance_full_sky130_corners_phase_fix/summary.txt"
"ldo_dao_acceptance_suite","GBW >= 100 kHz; PM >= 40 deg; GM >= 20 dB","loop_stability_ac","corner=ssf; model_corner=ss; temp_c=150; vdd=2.0","PASS","GBW_Hz","1.50073E+06","","","/home/vadim/work/eda-harness/ph2/ph2/ldo_dao_acceptance_suite/results/acceptance_full_sky130_corners_phase_fix/summary.txt"
"ldo_dao_acceptance_suite","GBW >= 100 kHz; PM >= 40 deg; GM >= 20 dB","loop_stability_ac","corner=ssf; model_corner=ss; temp_c=150; vdd=2.0","PASS","PM_deg","45.1155","","","/home/vadim/work/eda-harness/ph2/ph2/ldo_dao_acceptance_suite/results/acceptance_full_sky130_corners_phase_fix/summary.txt"
"ldo_dao_acceptance_suite","GBW >= 100 kHz; PM >= 40 deg; GM >= 20 dB","loop_stability_ac","corner=ssf; model_corner=ss; temp_c=150; vdd=3.3","PASS","GM_dB","26.3298","","","/home/vadim/work/eda-harness/ph2/ph2/ldo_dao_acceptance_suite/results/acceptance_full_sky130_corners_phase_fix/summary.txt"
"ldo_dao_acceptance_suite","GBW >= 100 kHz; PM >= 40 deg; GM >= 20 dB","loop_stability_ac","corner=ssf; model_corner=ss; temp_c=150; vdd=3.3","PASS","GM_mode","0","","","/home/vadim/work/eda-harness/ph2/ph2/ldo_dao_acceptance_suite/results/acceptance_full_sky130_corners_phase_fix/summary.txt"
"ldo_dao_acceptance_suite","GBW >= 100 kHz; PM >= 40 deg; GM >= 20 dB","loop_stability_ac","corner=ssf; model_corner=ss; temp_c=150; vdd=3.3","PASS","GBW_Hz","1.58386E+06","","","/home/vadim/work/eda-harness/ph2/ph2/ldo_dao_acceptance_suite/results/acceptance_full_sky130_corners_phase_fix/summary.txt"
"ldo_dao_acceptance_suite","GBW >= 100 kHz; PM >= 40 deg; GM >= 20 dB","loop_stability_ac","corner=ssf; model_corner=ss; temp_c=150; vdd=3.3","PASS","PM_deg","41.2857","","","/home/vadim/work/eda-harness/ph2/ph2/ldo_dao_acceptance_suite/results/acceptance_full_sky130_corners_phase_fix/summary.txt"
"ldo_dao_acceptance_suite","GBW >= 100 kHz; PM >= 40 deg; GM >= 20 dB","loop_stability_ac","corner=ssf; model_corner=ss; temp_c=150; vdd=3.6","PASS","GM_dB","26.4695","","","/home/vadim/work/eda-harness/ph2/ph2/ldo_dao_acceptance_suite/results/acceptance_full_sky130_corners_phase_fix/summary.txt"
"ldo_dao_acceptance_suite","GBW >= 100 kHz; PM >= 40 deg; GM >= 20 dB","loop_stability_ac","corner=ssf; model_corner=ss; temp_c=150; vdd=3.6","PASS","GM_mode","0","","","/home/vadim/work/eda-harness/ph2/ph2/ldo_dao_acceptance_suite/results/acceptance_full_sky130_corners_phase_fix/summary.txt"
"ldo_dao_acceptance_suite","GBW >= 100 kHz; PM >= 40 deg; GM >= 20 dB","loop_stability_ac","corner=ssf; model_corner=ss; temp_c=150; vdd=3.6","PASS","GBW_Hz","1.57857E+06","","","/home/vadim/work/eda-harness/ph2/ph2/ldo_dao_acceptance_suite/results/acceptance_full_sky130_corners_phase_fix/summary.txt"
"ldo_dao_acceptance_suite","GBW >= 100 kHz; PM >= 40 deg; GM >= 20 dB","loop_stability_ac","corner=ssf; model_corner=ss; temp_c=150; vdd=3.6","PASS","PM_deg","42.2682","","","/home/vadim/work/eda-harness/ph2/ph2/ldo_dao_acceptance_suite/results/acceptance_full_sky130_corners_phase_fix/summary.txt"
"ldo_dao_acceptance_suite","Monte Carlo Vout statistics must be measurable and sigma <= 30 mV","vout_variation_mc","corner=ssf; model_corner=ss_mm; sample=1","PASS","Vout_V","1.20132","","","/home/vadim/work/eda-harness/ph2/ph2/ldo_dao_acceptance_suite/results/acceptance_full_sky130_corners_phase_fix/summary.txt"
"ldo_dao_acceptance_suite","Monte Carlo Vout statistics must be measurable and sigma <= 30 mV","vout_variation_mc","corner=ssf; model_corner=ss_mm; sample=2","PASS","Vout_V","1.19603","","","/home/vadim/work/eda-harness/ph2/ph2/ldo_dao_acceptance_suite/results/acceptance_full_sky130_corners_phase_fix/summary.txt"
"ldo_dao_acceptance_suite","Monte Carlo Vout statistics must be measurable and sigma <= 30 mV","vout_variation_mc","corner=ssf; model_corner=ss_mm; sample=3","PASS","Vout_V","1.17076","","","/home/vadim/work/eda-harness/ph2/ph2/ldo_dao_acceptance_suite/results/acceptance_full_sky130_corners_phase_fix/summary.txt"
"ldo_dao_acceptance_suite","Monte Carlo Vout statistics must be measurable and sigma <= 30 mV","vout_variation_mc","corner=ssf; model_corner=ss_mm; sample=4","PASS","Vout_V","1.21137","","","/home/vadim/work/eda-harness/ph2/ph2/ldo_dao_acceptance_suite/results/acceptance_full_sky130_corners_phase_fix/summary.txt"
"ldo_dao_acceptance_suite","Monte Carlo Vout statistics must be measurable and sigma <= 30 mV","vout_variation_mc","corner=ssf; model_corner=ss_mm; sample=5","PASS","Vout_V","1.17326","","","/home/vadim/work/eda-harness/ph2/ph2/ldo_dao_acceptance_suite/results/acceptance_full_sky130_corners_phase_fix/summary.txt"
"ldo_dao_acceptance_suite","Monte Carlo Vout statistics must be measurable and sigma <= 30 mV","vout_variation_mc","corner=ssf; model_corner=ss_mm; sample=6","PASS","Vout_V","1.2184","","","/home/vadim/work/eda-harness/ph2/ph2/ldo_dao_acceptance_suite/results/acceptance_full_sky130_corners_phase_fix/summary.txt"
"ldo_dao_acceptance_suite","Monte Carlo Vout statistics must be measurable and sigma <= 30 mV","vout_variation_mc","corner=ssf; model_corner=ss_mm; sample=7","PASS","Vout_V","1.19541","","","/home/vadim/work/eda-harness/ph2/ph2/ldo_dao_acceptance_suite/results/acceptance_full_sky130_corners_phase_fix/summary.txt"
"ldo_dao_acceptance_suite","Monte Carlo Vout statistics must be measurable and sigma <= 30 mV","vout_variation_mc","corner=ssf; model_corner=ss_mm; sample=8","PASS","Vout_V","1.20104","","","/home/vadim/work/eda-harness/ph2/ph2/ldo_dao_acceptance_suite/results/acceptance_full_sky130_corners_phase_fix/summary.txt"
"ldo_dao_acceptance_suite","Monte Carlo Vout statistics must be measurable and sigma <= 30 mV","vout_variation_mc","corner=ssf; model_corner=ss_mm; sample=9","PASS","Vout_V","1.20879","","","/home/vadim/work/eda-harness/ph2/ph2/ldo_dao_acceptance_suite/results/acceptance_full_sky130_corners_phase_fix/summary.txt"
"ldo_dao_acceptance_suite","Monte Carlo Vout statistics must be measurable and sigma <= 30 mV","vout_variation_mc","corner=ssf; model_corner=ss_mm; sample=10","PASS","Vout_V","1.19576","","","/home/vadim/work/eda-harness/ph2/ph2/ldo_dao_acceptance_suite/results/acceptance_full_sky130_corners_phase_fix/summary.txt"
"ldo_dao_acceptance_suite","Monte Carlo Vout statistics must be measurable and sigma <= 30 mV","vout_variation_mc","corner=ssf; model_corner=ss_mm; sample=11","PASS","Vout_V","1.18487","","","/home/vadim/work/eda-harness/ph2/ph2/ldo_dao_acceptance_suite/results/acceptance_full_sky130_corners_phase_fix/summary.txt"
"ldo_dao_acceptance_suite","Monte Carlo Vout statistics must be measurable and sigma <= 30 mV","vout_variation_mc","corner=ssf; model_corner=ss_mm; sample=12","PASS","Vout_V","1.19433","","","/home/vadim/work/eda-harness/ph2/ph2/ldo_dao_acceptance_suite/results/acceptance_full_sky130_corners_phase_fix/summary.txt"
"ldo_dao_acceptance_suite","Monte Carlo Vout statistics must be measurable and sigma <= 30 mV","vout_variation_mc","corner=ssf; model_corner=ss_mm; sample=13","PASS","Vout_V","1.2267","","","/home/vadim/work/eda-harness/ph2/ph2/ldo_dao_acceptance_suite/results/acceptance_full_sky130_corners_phase_fix/summary.txt"
"ldo_dao_acceptance_suite","Monte Carlo Vout statistics must be measurable and sigma <= 30 mV","vout_variation_mc","corner=ssf; model_corner=ss_mm; sample=14","PASS","Vout_V","1.20712","","","/home/vadim/work/eda-harness/ph2/ph2/ldo_dao_acceptance_suite/results/acceptance_full_sky130_corners_phase_fix/summary.txt"
"ldo_dao_acceptance_suite","Monte Carlo Vout statistics must be measurable and sigma <= 30 mV","vout_variation_mc","corner=ssf; model_corner=ss_mm; sample=15","PASS","Vout_V","1.193","","","/home/vadim/work/eda-harness/ph2/ph2/ldo_dao_acceptance_suite/results/acceptance_full_sky130_corners_phase_fix/summary.txt"
"ldo_dao_acceptance_suite","Monte Carlo Vout statistics must be measurable and sigma <= 30 mV","vout_variation_mc","corner=ssf; model_corner=ss_mm; sample=16","PASS","Vout_V","1.19261","","","/home/vadim/work/eda-harness/ph2/ph2/ldo_dao_acceptance_suite/results/acceptance_full_sky130_corners_phase_fix/summary.txt"
"ldo_dao_acceptance_suite","Monte Carlo Vout statistics must be measurable and sigma <= 30 mV","vout_variation_mc","corner=ssf; model_corner=ss_mm; sample=17","PASS","Vout_V","1.21327","","","/home/vadim/work/eda-harness/ph2/ph2/ldo_dao_acceptance_suite/results/acceptance_full_sky130_corners_phase_fix/summary.txt"
"ldo_dao_acceptance_suite","Monte Carlo Vout statistics must be measurable and sigma <= 30 mV","vout_variation_mc","corner=ssf; model_corner=ss_mm; sample=18","PASS","Vout_V","1.19568","","","/home/vadim/work/eda-harness/ph2/ph2/ldo_dao_acceptance_suite/results/acceptance_full_sky130_corners_phase_fix/summary.txt"
"ldo_dao_acceptance_suite","Monte Carlo Vout statistics must be measurable and sigma <= 30 mV","vout_variation_mc","corner=ssf; model_corner=ss_mm; sample=19","PASS","Vout_V","1.20542","","","/home/vadim/work/eda-harness/ph2/ph2/ldo_dao_acceptance_suite/results/acceptance_full_sky130_corners_phase_fix/summary.txt"
"ldo_dao_acceptance_suite","Monte Carlo Vout statistics must be measurable and sigma <= 30 mV","vout_variation_mc","corner=ssf; model_corner=ss_mm; sample=20","PASS","Vout_V","1.21314","","","/home/vadim/work/eda-harness/ph2/ph2/ldo_dao_acceptance_suite/results/acceptance_full_sky130_corners_phase_fix/summary.txt"
"ldo_dao_acceptance_suite","Monte Carlo Vout statistics must be measurable and sigma <= 30 mV","vout_variation_mc","corner=ssf; model_corner=ss_mm; sample=21","PASS","Vout_V","1.22845","","","/home/vadim/work/eda-harness/ph2/ph2/ldo_dao_acceptance_suite/results/acceptance_full_sky130_corners_phase_fix/summary.txt"
"ldo_dao_acceptance_suite","Monte Carlo Vout statistics must be measurable and sigma <= 30 mV","vout_variation_mc","corner=ssf; model_corner=ss_mm; sample=22","PASS","Vout_V","1.21239","","","/home/vadim/work/eda-harness/ph2/ph2/ldo_dao_acceptance_suite/results/acceptance_full_sky130_corners_phase_fix/summary.txt"
"ldo_dao_acceptance_suite","Monte Carlo Vout statistics must be measurable and sigma <= 30 mV","vout_variation_mc","corner=ssf; model_corner=ss_mm; sample=23","PASS","Vout_V","1.18721","","","/home/vadim/work/eda-harness/ph2/ph2/ldo_dao_acceptance_suite/results/acceptance_full_sky130_corners_phase_fix/summary.txt"
"ldo_dao_acceptance_suite","Monte Carlo Vout statistics must be measurable and sigma <= 30 mV","vout_variation_mc","corner=ssf; model_corner=ss_mm; sample=24","PASS","Vout_V","1.19641","","","/home/vadim/work/eda-harness/ph2/ph2/ldo_dao_acceptance_suite/results/acceptance_full_sky130_corners_phase_fix/summary.txt"
"ldo_dao_acceptance_suite","Monte Carlo Vout statistics must be measurable and sigma <= 30 mV","vout_variation_mc","corner=ssf; model_corner=ss_mm; sample=25","PASS","Vout_V","1.15825","","","/home/vadim/work/eda-harness/ph2/ph2/ldo_dao_acceptance_suite/results/acceptance_full_sky130_corners_phase_fix/summary.txt"
"ldo_dao_acceptance_suite","Monte Carlo Vout statistics must be measurable and sigma <= 30 mV","vout_variation_mc","corner=ssf; model_corner=ss_mm; sample=26","PASS","Vout_V","1.18768","","","/home/vadim/work/eda-harness/ph2/ph2/ldo_dao_acceptance_suite/results/acceptance_full_sky130_corners_phase_fix/summary.txt"
"ldo_dao_acceptance_suite","Monte Carlo Vout statistics must be measurable and sigma <= 30 mV","vout_variation_mc","corner=ssf; model_corner=ss_mm; sample=27","PASS","Vout_V","1.19775","","","/home/vadim/work/eda-harness/ph2/ph2/ldo_dao_acceptance_suite/results/acceptance_full_sky130_corners_phase_fix/summary.txt"
"ldo_dao_acceptance_suite","Monte Carlo Vout statistics must be measurable and sigma <= 30 mV","vout_variation_mc","corner=ssf; model_corner=ss_mm; sample=28","PASS","Vout_V","1.21085","","","/home/vadim/work/eda-harness/ph2/ph2/ldo_dao_acceptance_suite/results/acceptance_full_sky130_corners_phase_fix/summary.txt"
"ldo_dao_acceptance_suite","Monte Carlo Vout statistics must be measurable and sigma <= 30 mV","vout_variation_mc","corner=ssf; model_corner=ss_mm; sample=29","PASS","Vout_V","1.17967","","","/home/vadim/work/eda-harness/ph2/ph2/ldo_dao_acceptance_suite/results/acceptance_full_sky130_corners_phase_fix/summary.txt"
"ldo_dao_acceptance_suite","Monte Carlo Vout statistics must be measurable and sigma <= 30 mV","vout_variation_mc","corner=ssf; model_corner=ss_mm; sample=30","PASS","Vout_V","1.18018","","","/home/vadim/work/eda-harness/ph2/ph2/ldo_dao_acceptance_suite/results/acceptance_full_sky130_corners_phase_fix/summary.txt"
"ldo_dao_acceptance_suite","Monte Carlo Vout statistics must be measurable and sigma <= 30 mV","vout_variation_mc","corner=ssf; model_corner=ss_mm; sample=31","PASS","Vout_V","1.21889","","","/home/vadim/work/eda-harness/ph2/ph2/ldo_dao_acceptance_suite/results/acceptance_full_sky130_corners_phase_fix/summary.txt"
"ldo_dao_acceptance_suite","Monte Carlo Vout statistics must be measurable and sigma <= 30 mV","vout_variation_mc","corner=ssf; model_corner=ss_mm; sample=32","PASS","Vout_V","1.20873","","","/home/vadim/work/eda-harness/ph2/ph2/ldo_dao_acceptance_suite/results/acceptance_full_sky130_corners_phase_fix/summary.txt"
"ldo_dao_acceptance_suite","Monte Carlo Vout statistics must be measurable and sigma <= 30 mV","vout_variation_mc","corner=ssf; model_corner=ss_mm; sample=33","PASS","Vout_V","1.18707","","","/home/vadim/work/eda-harness/ph2/ph2/ldo_dao_acceptance_suite/results/acceptance_full_sky130_corners_phase_fix/summary.txt"
"ldo_dao_acceptance_suite","Monte Carlo Vout statistics must be measurable and sigma <= 30 mV","vout_variation_mc","corner=ssf; model_corner=ss_mm; sample=34","PASS","Vout_V","1.19452","","","/home/vadim/work/eda-harness/ph2/ph2/ldo_dao_acceptance_suite/results/acceptance_full_sky130_corners_phase_fix/summary.txt"
"ldo_dao_acceptance_suite","Monte Carlo Vout statistics must be measurable and sigma <= 30 mV","vout_variation_mc","corner=ssf; model_corner=ss_mm; sample=35","PASS","Vout_V","1.18544","","","/home/vadim/work/eda-harness/ph2/ph2/ldo_dao_acceptance_suite/results/acceptance_full_sky130_corners_phase_fix/summary.txt"
"ldo_dao_acceptance_suite","Monte Carlo Vout statistics must be measurable and sigma <= 30 mV","vout_variation_mc","corner=ssf; model_corner=ss_mm; sample=36","PASS","Vout_V","1.22655","","","/home/vadim/work/eda-harness/ph2/ph2/ldo_dao_acceptance_suite/results/acceptance_full_sky130_corners_phase_fix/summary.txt"
"ldo_dao_acceptance_suite","Monte Carlo Vout statistics must be measurable and sigma <= 30 mV","vout_variation_mc","corner=ssf; model_corner=ss_mm; sample=37","PASS","Vout_V","1.19948","","","/home/vadim/work/eda-harness/ph2/ph2/ldo_dao_acceptance_suite/results/acceptance_full_sky130_corners_phase_fix/summary.txt"
"ldo_dao_acceptance_suite","Monte Carlo Vout statistics must be measurable and sigma <= 30 mV","vout_variation_mc","corner=ssf; model_corner=ss_mm; sample=38","PASS","Vout_V","1.22413","","","/home/vadim/work/eda-harness/ph2/ph2/ldo_dao_acceptance_suite/results/acceptance_full_sky130_corners_phase_fix/summary.txt"
"ldo_dao_acceptance_suite","Monte Carlo Vout statistics must be measurable and sigma <= 30 mV","vout_variation_mc","corner=ssf; model_corner=ss_mm; sample=39","PASS","Vout_V","1.19088","","","/home/vadim/work/eda-harness/ph2/ph2/ldo_dao_acceptance_suite/results/acceptance_full_sky130_corners_phase_fix/summary.txt"
"ldo_dao_acceptance_suite","Monte Carlo Vout statistics must be measurable and sigma <= 30 mV","vout_variation_mc","corner=ssf; model_corner=ss_mm; sample=40","PASS","Vout_V","1.15473","","","/home/vadim/work/eda-harness/ph2/ph2/ldo_dao_acceptance_suite/results/acceptance_full_sky130_corners_phase_fix/summary.txt"
"ldo_dao_acceptance_suite","Monte Carlo Vout statistics must be measurable and sigma <= 30 mV","vout_variation_mc","corner=ssf; model_corner=ss_mm; sample=41","PASS","Vout_V","1.19783","","","/home/vadim/work/eda-harness/ph2/ph2/ldo_dao_acceptance_suite/results/acceptance_full_sky130_corners_phase_fix/summary.txt"
"ldo_dao_acceptance_suite","Monte Carlo Vout statistics must be measurable and sigma <= 30 mV","vout_variation_mc","corner=ssf; model_corner=ss_mm; sample=42","PASS","Vout_V","1.19715","","","/home/vadim/work/eda-harness/ph2/ph2/ldo_dao_acceptance_suite/results/acceptance_full_sky130_corners_phase_fix/summary.txt"
"ldo_dao_acceptance_suite","Monte Carlo Vout statistics must be measurable and sigma <= 30 mV","vout_variation_mc","corner=ssf; model_corner=ss_mm; sample=43","PASS","Vout_V","1.16529","","","/home/vadim/work/eda-harness/ph2/ph2/ldo_dao_acceptance_suite/results/acceptance_full_sky130_corners_phase_fix/summary.txt"
"ldo_dao_acceptance_suite","Monte Carlo Vout statistics must be measurable and sigma <= 30 mV","vout_variation_mc","corner=ssf; model_corner=ss_mm; sample=44","PASS","Vout_V","1.20192","","","/home/vadim/work/eda-harness/ph2/ph2/ldo_dao_acceptance_suite/results/acceptance_full_sky130_corners_phase_fix/summary.txt"
"ldo_dao_acceptance_suite","Monte Carlo Vout statistics must be measurable and sigma <= 30 mV","vout_variation_mc","corner=ssf; model_corner=ss_mm; sample=45","PASS","Vout_V","1.16589","","","/home/vadim/work/eda-harness/ph2/ph2/ldo_dao_acceptance_suite/results/acceptance_full_sky130_corners_phase_fix/summary.txt"
"ldo_dao_acceptance_suite","Monte Carlo Vout statistics must be measurable and sigma <= 30 mV","vout_variation_mc","corner=ssf; model_corner=ss_mm; sample=46","PASS","Vout_V","1.15907","","","/home/vadim/work/eda-harness/ph2/ph2/ldo_dao_acceptance_suite/results/acceptance_full_sky130_corners_phase_fix/summary.txt"
"ldo_dao_acceptance_suite","Monte Carlo Vout statistics must be measurable and sigma <= 30 mV","vout_variation_mc","corner=ssf; model_corner=ss_mm; sample=47","PASS","Vout_V","1.1806","","","/home/vadim/work/eda-harness/ph2/ph2/ldo_dao_acceptance_suite/results/acceptance_full_sky130_corners_phase_fix/summary.txt"
"ldo_dao_acceptance_suite","Monte Carlo Vout statistics must be measurable and sigma <= 30 mV","vout_variation_mc","corner=ssf; model_corner=ss_mm; sample=48","PASS","Vout_V","1.18501","","","/home/vadim/work/eda-harness/ph2/ph2/ldo_dao_acceptance_suite/results/acceptance_full_sky130_corners_phase_fix/summary.txt"
"ldo_dao_acceptance_suite","Monte Carlo Vout statistics must be measurable and sigma <= 30 mV","vout_variation_mc","corner=ssf; model_corner=ss_mm; sample=49","PASS","Vout_V","1.19762","","","/home/vadim/work/eda-harness/ph2/ph2/ldo_dao_acceptance_suite/results/acceptance_full_sky130_corners_phase_fix/summary.txt"
"ldo_dao_acceptance_suite","Monte Carlo Vout statistics must be measurable and sigma <= 30 mV","vout_variation_mc","corner=ssf; model_corner=ss_mm; sample=50","PASS","Vout_V","1.21257","","","/home/vadim/work/eda-harness/ph2/ph2/ldo_dao_acceptance_suite/results/acceptance_full_sky130_corners_phase_fix/summary.txt"
"ldo_dao_acceptance_suite","Monte Carlo Vout statistics must be measurable and sigma <= 30 mV","vout_variation_mc","corner=ssf; model_corner=ss_mm; samples=50","PASS","mean_V","1.19581","","","/home/vadim/work/eda-harness/ph2/ph2/ldo_dao_acceptance_suite/results/acceptance_full_sky130_corners_phase_fix/summary.txt"
"ldo_dao_acceptance_suite","Monte Carlo Vout statistics must be measurable and sigma <= 30 mV","vout_variation_mc","corner=ssf; model_corner=ss_mm; samples=50","PASS","sigma_mV","17.8155","","","/home/vadim/work/eda-harness/ph2/ph2/ldo_dao_acceptance_suite/results/acceptance_full_sky130_corners_phase_fix/summary.txt"
"ldo_dao_acceptance_suite","1.08 V <= Vout <= 1.32 V; Iq <= 3 uA","dc_iq","corner=fsf; model_corner=fs; sweep=PVT; temp_c=-40; vdd=2.0; vref=0.80; ibias_A=400e-9; iload_A=0","PASS","Iin_total_uA","11.0006","","","/home/vadim/work/eda-harness/ph2/ph2/ldo_dao_acceptance_suite/results/acceptance_full_sky130_corners_phase_fix/summary.txt"
"ldo_dao_acceptance_suite","1.08 V <= Vout <= 1.32 V; Iq <= 3 uA","dc_iq","corner=fsf; model_corner=fs; sweep=PVT; temp_c=-40; vdd=2.0; vref=0.80; ibias_A=400e-9; iload_A=0","PASS","Vout_V","1.19673","","","/home/vadim/work/eda-harness/ph2/ph2/ldo_dao_acceptance_suite/results/acceptance_full_sky130_corners_phase_fix/summary.txt"
"ldo_dao_acceptance_suite","1.08 V <= Vout <= 1.32 V; Iq <= 3 uA","dc_iq","corner=fsf; model_corner=fs; sweep=PVT; temp_c=-40; vdd=2.0; vref=0.80; ibias_A=400e-9; iload_A=0","FAIL","Iq_uA","11.0006","IQ_HIGH","limit_max_uA=3.0","/home/vadim/work/eda-harness/ph2/ph2/ldo_dao_acceptance_suite/results/acceptance_full_sky130_corners_phase_fix/summary.txt"
"ldo_dao_acceptance_suite","1.08 V <= Vout <= 1.32 V; Iq <= 3 uA","dc_iq","corner=fsf; model_corner=fs; sweep=PVT; temp_c=-40; vdd=2.0; vref=0.80; ibias_A=400e-9; iload_A=1.5E-05","PASS","Iin_total_uA","25.9826","","","/home/vadim/work/eda-harness/ph2/ph2/ldo_dao_acceptance_suite/results/acceptance_full_sky130_corners_phase_fix/summary.txt"
"ldo_dao_acceptance_suite","1.08 V <= Vout <= 1.32 V; Iq <= 3 uA","dc_iq","corner=fsf; model_corner=fs; sweep=PVT; temp_c=-40; vdd=2.0; vref=0.80; ibias_A=400e-9; iload_A=1.5E-05","PASS","Vout_V","1.19473","","","/home/vadim/work/eda-harness/ph2/ph2/ldo_dao_acceptance_suite/results/acceptance_full_sky130_corners_phase_fix/summary.txt"
"ldo_dao_acceptance_suite","1.08 V <= Vout <= 1.32 V; Iq <= 3 uA","dc_iq","corner=fsf; model_corner=fs; sweep=PVT; temp_c=-40; vdd=2.0; vref=0.80; ibias_A=400e-9; iload_A=1.5E-05","PASS","Iq_uA","10.9826","","","/home/vadim/work/eda-harness/ph2/ph2/ldo_dao_acceptance_suite/results/acceptance_full_sky130_corners_phase_fix/summary.txt"
"ldo_dao_acceptance_suite","1.08 V <= Vout <= 1.32 V; Iq <= 3 uA","dc_iq","corner=fsf; model_corner=fs; sweep=PVT; temp_c=-40; vdd=3.3; vref=0.80; ibias_A=400e-9; iload_A=0","PASS","Iin_total_uA","11.0184","","","/home/vadim/work/eda-harness/ph2/ph2/ldo_dao_acceptance_suite/results/acceptance_full_sky130_corners_phase_fix/summary.txt"
"ldo_dao_acceptance_suite","1.08 V <= Vout <= 1.32 V; Iq <= 3 uA","dc_iq","corner=fsf; model_corner=fs; sweep=PVT; temp_c=-40; vdd=3.3; vref=0.80; ibias_A=400e-9; iload_A=0","PASS","Vout_V","1.19719","","","/home/vadim/work/eda-harness/ph2/ph2/ldo_dao_acceptance_suite/results/acceptance_full_sky130_corners_phase_fix/summary.txt"
"ldo_dao_acceptance_suite","1.08 V <= Vout <= 1.32 V; Iq <= 3 uA","dc_iq","corner=fsf; model_corner=fs; sweep=PVT; temp_c=-40; vdd=3.3; vref=0.80; ibias_A=400e-9; iload_A=0","FAIL","Iq_uA","11.0184","IQ_HIGH","limit_max_uA=3.0","/home/vadim/work/eda-harness/ph2/ph2/ldo_dao_acceptance_suite/results/acceptance_full_sky130_corners_phase_fix/summary.txt"
"ldo_dao_acceptance_suite","1.08 V <= Vout <= 1.32 V; Iq <= 3 uA","dc_iq","corner=fsf; model_corner=fs; sweep=PVT; temp_c=-40; vdd=3.3; vref=0.80; ibias_A=400e-9; iload_A=1.5E-05","PASS","Iin_total_uA","26.0018","","","/home/vadim/work/eda-harness/ph2/ph2/ldo_dao_acceptance_suite/results/acceptance_full_sky130_corners_phase_fix/summary.txt"
"ldo_dao_acceptance_suite","1.08 V <= Vout <= 1.32 V; Iq <= 3 uA","dc_iq","corner=fsf; model_corner=fs; sweep=PVT; temp_c=-40; vdd=3.3; vref=0.80; ibias_A=400e-9; iload_A=1.5E-05","PASS","Vout_V","1.19536","","","/home/vadim/work/eda-harness/ph2/ph2/ldo_dao_acceptance_suite/results/acceptance_full_sky130_corners_phase_fix/summary.txt"
"ldo_dao_acceptance_suite","1.08 V <= Vout <= 1.32 V; Iq <= 3 uA","dc_iq","corner=fsf; model_corner=fs; sweep=PVT; temp_c=-40; vdd=3.3; vref=0.80; ibias_A=400e-9; iload_A=1.5E-05","PASS","Iq_uA","11.0018","","","/home/vadim/work/eda-harness/ph2/ph2/ldo_dao_acceptance_suite/results/acceptance_full_sky130_corners_phase_fix/summary.txt"
"ldo_dao_acceptance_suite","1.08 V <= Vout <= 1.32 V; Iq <= 3 uA","dc_iq","corner=fsf; model_corner=fs; sweep=PVT; temp_c=-40; vdd=3.6; vref=0.80; ibias_A=400e-9; iload_A=0","PASS","Iin_total_uA","11.0253","","","/home/vadim/work/eda-harness/ph2/ph2/ldo_dao_acceptance_suite/results/acceptance_full_sky130_corners_phase_fix/summary.txt"
"ldo_dao_acceptance_suite","1.08 V <= Vout <= 1.32 V; Iq <= 3 uA","dc_iq","corner=fsf; model_corner=fs; sweep=PVT; temp_c=-40; vdd=3.6; vref=0.80; ibias_A=400e-9; iload_A=0","PASS","Vout_V","1.1972","","","/home/vadim/work/eda-harness/ph2/ph2/ldo_dao_acceptance_suite/results/acceptance_full_sky130_corners_phase_fix/summary.txt"
"ldo_dao_acceptance_suite","1.08 V <= Vout <= 1.32 V; Iq <= 3 uA","dc_iq","corner=fsf; model_corner=fs; sweep=PVT; temp_c=-40; vdd=3.6; vref=0.80; ibias_A=400e-9; iload_A=0","FAIL","Iq_uA","11.0253","IQ_HIGH","limit_max_uA=3.0","/home/vadim/work/eda-harness/ph2/ph2/ldo_dao_acceptance_suite/results/acceptance_full_sky130_corners_phase_fix/summary.txt"
"ldo_dao_acceptance_suite","1.08 V <= Vout <= 1.32 V; Iq <= 3 uA","dc_iq","corner=fsf; model_corner=fs; sweep=PVT; temp_c=-40; vdd=3.6; vref=0.80; ibias_A=400e-9; iload_A=1.5E-05","PASS","Iin_total_uA","26.0082","","","/home/vadim/work/eda-harness/ph2/ph2/ldo_dao_acceptance_suite/results/acceptance_full_sky130_corners_phase_fix/summary.txt"
"ldo_dao_acceptance_suite","1.08 V <= Vout <= 1.32 V; Iq <= 3 uA","dc_iq","corner=fsf; model_corner=fs; sweep=PVT; temp_c=-40; vdd=3.6; vref=0.80; ibias_A=400e-9; iload_A=1.5E-05","PASS","Vout_V","1.19534","","","/home/vadim/work/eda-harness/ph2/ph2/ldo_dao_acceptance_suite/results/acceptance_full_sky130_corners_phase_fix/summary.txt"
"ldo_dao_acceptance_suite","1.08 V <= Vout <= 1.32 V; Iq <= 3 uA","dc_iq","corner=fsf; model_corner=fs; sweep=PVT; temp_c=-40; vdd=3.6; vref=0.80; ibias_A=400e-9; iload_A=1.5E-05","PASS","Iq_uA","11.0082","","","/home/vadim/work/eda-harness/ph2/ph2/ldo_dao_acceptance_suite/results/acceptance_full_sky130_corners_phase_fix/summary.txt"
"ldo_dao_acceptance_suite","1.08 V <= Vout <= 1.32 V; Iq <= 3 uA","dc_iq","corner=fsf; model_corner=fs; sweep=PVT; temp_c=27; vdd=2.0; vref=0.80; ibias_A=400e-9; iload_A=0","PASS","Iin_total_uA","11.0558","","","/home/vadim/work/eda-harness/ph2/ph2/ldo_dao_acceptance_suite/results/acceptance_full_sky130_corners_phase_fix/summary.txt"
"ldo_dao_acceptance_suite","1.08 V <= Vout <= 1.32 V; Iq <= 3 uA","dc_iq","corner=fsf; model_corner=fs; sweep=PVT; temp_c=27; vdd=2.0; vref=0.80; ibias_A=400e-9; iload_A=0","PASS","Vout_V","1.1961","","","/home/vadim/work/eda-harness/ph2/ph2/ldo_dao_acceptance_suite/results/acceptance_full_sky130_corners_phase_fix/summary.txt"
"ldo_dao_acceptance_suite","1.08 V <= Vout <= 1.32 V; Iq <= 3 uA","dc_iq","corner=fsf; model_corner=fs; sweep=PVT; temp_c=27; vdd=2.0; vref=0.80; ibias_A=400e-9; iload_A=0","FAIL","Iq_uA","11.0558","IQ_HIGH","limit_max_uA=3.0","/home/vadim/work/eda-harness/ph2/ph2/ldo_dao_acceptance_suite/results/acceptance_full_sky130_corners_phase_fix/summary.txt"
"ldo_dao_acceptance_suite","1.08 V <= Vout <= 1.32 V; Iq <= 3 uA","dc_iq","corner=fsf; model_corner=fs; sweep=PVT; temp_c=27; vdd=2.0; vref=0.80; ibias_A=400e-9; iload_A=1.5E-05","PASS","Iin_total_uA","26.0359","","","/home/vadim/work/eda-harness/ph2/ph2/ldo_dao_acceptance_suite/results/acceptance_full_sky130_corners_phase_fix/summary.txt"
"ldo_dao_acceptance_suite","1.08 V <= Vout <= 1.32 V; Iq <= 3 uA","dc_iq","corner=fsf; model_corner=fs; sweep=PVT; temp_c=27; vdd=2.0; vref=0.80; ibias_A=400e-9; iload_A=1.5E-05","PASS","Vout_V","1.1938","","","/home/vadim/work/eda-harness/ph2/ph2/ldo_dao_acceptance_suite/results/acceptance_full_sky130_corners_phase_fix/summary.txt"
"ldo_dao_acceptance_suite","1.08 V <= Vout <= 1.32 V; Iq <= 3 uA","dc_iq","corner=fsf; model_corner=fs; sweep=PVT; temp_c=27; vdd=2.0; vref=0.80; ibias_A=400e-9; iload_A=1.5E-05","PASS","Iq_uA","11.0359","","","/home/vadim/work/eda-harness/ph2/ph2/ldo_dao_acceptance_suite/results/acceptance_full_sky130_corners_phase_fix/summary.txt"
"ldo_dao_acceptance_suite","1.08 V <= Vout <= 1.32 V; Iq <= 3 uA","dc_iq","corner=fsf; model_corner=fs; sweep=PVT; temp_c=27; vdd=3.3; vref=0.80; ibias_A=400e-9; iload_A=0","PASS","Iin_total_uA","11.0687","","","/home/vadim/work/eda-harness/ph2/ph2/ldo_dao_acceptance_suite/results/acceptance_full_sky130_corners_phase_fix/summary.txt"
"ldo_dao_acceptance_suite","1.08 V <= Vout <= 1.32 V; Iq <= 3 uA","dc_iq","corner=fsf; model_corner=fs; sweep=PVT; temp_c=27; vdd=3.3; vref=0.80; ibias_A=400e-9; iload_A=0","PASS","Vout_V","1.19657","","","/home/vadim/work/eda-harness/ph2/ph2/ldo_dao_acceptance_suite/results/acceptance_full_sky130_corners_phase_fix/summary.txt"
"ldo_dao_acceptance_suite","1.08 V <= Vout <= 1.32 V; Iq <= 3 uA","dc_iq","corner=fsf; model_corner=fs; sweep=PVT; temp_c=27; vdd=3.3; vref=0.80; ibias_A=400e-9; iload_A=0","FAIL","Iq_uA","11.0687","IQ_HIGH","limit_max_uA=3.0","/home/vadim/work/eda-harness/ph2/ph2/ldo_dao_acceptance_suite/results/acceptance_full_sky130_corners_phase_fix/summary.txt"
"ldo_dao_acceptance_suite","1.08 V <= Vout <= 1.32 V; Iq <= 3 uA","dc_iq","corner=fsf; model_corner=fs; sweep=PVT; temp_c=27; vdd=3.3; vref=0.80; ibias_A=400e-9; iload_A=1.5E-05","PASS","Iin_total_uA","26.0499","","","/home/vadim/work/eda-harness/ph2/ph2/ldo_dao_acceptance_suite/results/acceptance_full_sky130_corners_phase_fix/summary.txt"
"ldo_dao_acceptance_suite","1.08 V <= Vout <= 1.32 V; Iq <= 3 uA","dc_iq","corner=fsf; model_corner=fs; sweep=PVT; temp_c=27; vdd=3.3; vref=0.80; ibias_A=400e-9; iload_A=1.5E-05","PASS","Vout_V","1.19443","","","/home/vadim/work/eda-harness/ph2/ph2/ldo_dao_acceptance_suite/results/acceptance_full_sky130_corners_phase_fix/summary.txt"
"ldo_dao_acceptance_suite","1.08 V <= Vout <= 1.32 V; Iq <= 3 uA","dc_iq","corner=fsf; model_corner=fs; sweep=PVT; temp_c=27; vdd=3.3; vref=0.80; ibias_A=400e-9; iload_A=1.5E-05","PASS","Iq_uA","11.0499","","","/home/vadim/work/eda-harness/ph2/ph2/ldo_dao_acceptance_suite/results/acceptance_full_sky130_corners_phase_fix/summary.txt"
"ldo_dao_acceptance_suite","1.08 V <= Vout <= 1.32 V; Iq <= 3 uA","dc_iq","corner=fsf; model_corner=fs; sweep=PVT; temp_c=27; vdd=3.6; vref=0.80; ibias_A=400e-9; iload_A=0","PASS","Iin_total_uA","11.0755","","","/home/vadim/work/eda-harness/ph2/ph2/ldo_dao_acceptance_suite/results/acceptance_full_sky130_corners_phase_fix/summary.txt"
"ldo_dao_acceptance_suite","1.08 V <= Vout <= 1.32 V; Iq <= 3 uA","dc_iq","corner=fsf; model_corner=fs; sweep=PVT; temp_c=27; vdd=3.6; vref=0.80; ibias_A=400e-9; iload_A=0","PASS","Vout_V","1.19655","","","/home/vadim/work/eda-harness/ph2/ph2/ldo_dao_acceptance_suite/results/acceptance_full_sky130_corners_phase_fix/summary.txt"
"ldo_dao_acceptance_suite","1.08 V <= Vout <= 1.32 V; Iq <= 3 uA","dc_iq","corner=fsf; model_corner=fs; sweep=PVT; temp_c=27; vdd=3.6; vref=0.80; ibias_A=400e-9; iload_A=0","FAIL","Iq_uA","11.0755","IQ_HIGH","limit_max_uA=3.0","/home/vadim/work/eda-harness/ph2/ph2/ldo_dao_acceptance_suite/results/acceptance_full_sky130_corners_phase_fix/summary.txt"
"ldo_dao_acceptance_suite","1.08 V <= Vout <= 1.32 V; Iq <= 3 uA","dc_iq","corner=fsf; model_corner=fs; sweep=PVT; temp_c=27; vdd=3.6; vref=0.80; ibias_A=400e-9; iload_A=1.5E-05","PASS","Iin_total_uA","26.0559","","","/home/vadim/work/eda-harness/ph2/ph2/ldo_dao_acceptance_suite/results/acceptance_full_sky130_corners_phase_fix/summary.txt"
"ldo_dao_acceptance_suite","1.08 V <= Vout <= 1.32 V; Iq <= 3 uA","dc_iq","corner=fsf; model_corner=fs; sweep=PVT; temp_c=27; vdd=3.6; vref=0.80; ibias_A=400e-9; iload_A=1.5E-05","PASS","Vout_V","1.19437","","","/home/vadim/work/eda-harness/ph2/ph2/ldo_dao_acceptance_suite/results/acceptance_full_sky130_corners_phase_fix/summary.txt"
"ldo_dao_acceptance_suite","1.08 V <= Vout <= 1.32 V; Iq <= 3 uA","dc_iq","corner=fsf; model_corner=fs; sweep=PVT; temp_c=27; vdd=3.6; vref=0.80; ibias_A=400e-9; iload_A=1.5E-05","PASS","Iq_uA","11.0559","","","/home/vadim/work/eda-harness/ph2/ph2/ldo_dao_acceptance_suite/results/acceptance_full_sky130_corners_phase_fix/summary.txt"
"ldo_dao_acceptance_suite","1.08 V <= Vout <= 1.32 V; Iq <= 3 uA","dc_iq","corner=fsf; model_corner=fs; sweep=PVT; temp_c=150; vdd=2.0; vref=0.80; ibias_A=400e-9; iload_A=0","PASS","Iin_total_uA","11.0921","","","/home/vadim/work/eda-harness/ph2/ph2/ldo_dao_acceptance_suite/results/acceptance_full_sky130_corners_phase_fix/summary.txt"
"ldo_dao_acceptance_suite","1.08 V <= Vout <= 1.32 V; Iq <= 3 uA","dc_iq","corner=fsf; model_corner=fs; sweep=PVT; temp_c=150; vdd=2.0; vref=0.80; ibias_A=400e-9; iload_A=0","PASS","Vout_V","1.19441","","","/home/vadim/work/eda-harness/ph2/ph2/ldo_dao_acceptance_suite/results/acceptance_full_sky130_corners_phase_fix/summary.txt"
"ldo_dao_acceptance_suite","1.08 V <= Vout <= 1.32 V; Iq <= 3 uA","dc_iq","corner=fsf; model_corner=fs; sweep=PVT; temp_c=150; vdd=2.0; vref=0.80; ibias_A=400e-9; iload_A=0","FAIL","Iq_uA","11.0921","IQ_HIGH","limit_max_uA=3.0","/home/vadim/work/eda-harness/ph2/ph2/ldo_dao_acceptance_suite/results/acceptance_full_sky130_corners_phase_fix/summary.txt"
"ldo_dao_acceptance_suite","1.08 V <= Vout <= 1.32 V; Iq <= 3 uA","dc_iq","corner=fsf; model_corner=fs; sweep=PVT; temp_c=150; vdd=2.0; vref=0.80; ibias_A=400e-9; iload_A=1.5E-05","PASS","Iin_total_uA","26.0658","","","/home/vadim/work/eda-harness/ph2/ph2/ldo_dao_acceptance_suite/results/acceptance_full_sky130_corners_phase_fix/summary.txt"
"ldo_dao_acceptance_suite","1.08 V <= Vout <= 1.32 V; Iq <= 3 uA","dc_iq","corner=fsf; model_corner=fs; sweep=PVT; temp_c=150; vdd=2.0; vref=0.80; ibias_A=400e-9; iload_A=1.5E-05","PASS","Vout_V","1.19129","","","/home/vadim/work/eda-harness/ph2/ph2/ldo_dao_acceptance_suite/results/acceptance_full_sky130_corners_phase_fix/summary.txt"
"ldo_dao_acceptance_suite","1.08 V <= Vout <= 1.32 V; Iq <= 3 uA","dc_iq","corner=fsf; model_corner=fs; sweep=PVT; temp_c=150; vdd=2.0; vref=0.80; ibias_A=400e-9; iload_A=1.5E-05","PASS","Iq_uA","11.0658","","","/home/vadim/work/eda-harness/ph2/ph2/ldo_dao_acceptance_suite/results/acceptance_full_sky130_corners_phase_fix/summary.txt"
"ldo_dao_acceptance_suite","1.08 V <= Vout <= 1.32 V; Iq <= 3 uA","dc_iq","corner=fsf; model_corner=fs; sweep=PVT; temp_c=150; vdd=3.3; vref=0.80; ibias_A=400e-9; iload_A=0","PASS","Iin_total_uA","11.1054","","","/home/vadim/work/eda-harness/ph2/ph2/ldo_dao_acceptance_suite/results/acceptance_full_sky130_corners_phase_fix/summary.txt"
"ldo_dao_acceptance_suite","1.08 V <= Vout <= 1.32 V; Iq <= 3 uA","dc_iq","corner=fsf; model_corner=fs; sweep=PVT; temp_c=150; vdd=3.3; vref=0.80; ibias_A=400e-9; iload_A=0","PASS","Vout_V","1.19485","","","/home/vadim/work/eda-harness/ph2/ph2/ldo_dao_acceptance_suite/results/acceptance_full_sky130_corners_phase_fix/summary.txt"
"ldo_dao_acceptance_suite","1.08 V <= Vout <= 1.32 V; Iq <= 3 uA","dc_iq","corner=fsf; model_corner=fs; sweep=PVT; temp_c=150; vdd=3.3; vref=0.80; ibias_A=400e-9; iload_A=0","FAIL","Iq_uA","11.1054","IQ_HIGH","limit_max_uA=3.0","/home/vadim/work/eda-harness/ph2/ph2/ldo_dao_acceptance_suite/results/acceptance_full_sky130_corners_phase_fix/summary.txt"
"ldo_dao_acceptance_suite","1.08 V <= Vout <= 1.32 V; Iq <= 3 uA","dc_iq","corner=fsf; model_corner=fs; sweep=PVT; temp_c=150; vdd=3.3; vref=0.80; ibias_A=400e-9; iload_A=1.5E-05","PASS","Iin_total_uA","26.0795","","","/home/vadim/work/eda-harness/ph2/ph2/ldo_dao_acceptance_suite/results/acceptance_full_sky130_corners_phase_fix/summary.txt"
"ldo_dao_acceptance_suite","1.08 V <= Vout <= 1.32 V; Iq <= 3 uA","dc_iq","corner=fsf; model_corner=fs; sweep=PVT; temp_c=150; vdd=3.3; vref=0.80; ibias_A=400e-9; iload_A=1.5E-05","PASS","Vout_V","1.19188","","","/home/vadim/work/eda-harness/ph2/ph2/ldo_dao_acceptance_suite/results/acceptance_full_sky130_corners_phase_fix/summary.txt"
"ldo_dao_acceptance_suite","1.08 V <= Vout <= 1.32 V; Iq <= 3 uA","dc_iq","corner=fsf; model_corner=fs; sweep=PVT; temp_c=150; vdd=3.3; vref=0.80; ibias_A=400e-9; iload_A=1.5E-05","PASS","Iq_uA","11.0795","","","/home/vadim/work/eda-harness/ph2/ph2/ldo_dao_acceptance_suite/results/acceptance_full_sky130_corners_phase_fix/summary.txt"
"ldo_dao_acceptance_suite","1.08 V <= Vout <= 1.32 V; Iq <= 3 uA","dc_iq","corner=fsf; model_corner=fs; sweep=PVT; temp_c=150; vdd=3.6; vref=0.80; ibias_A=400e-9; iload_A=0","PASS","Iin_total_uA","11.1136","","","/home/vadim/work/eda-harness/ph2/ph2/ldo_dao_acceptance_suite/results/acceptance_full_sky130_corners_phase_fix/summary.txt"
"ldo_dao_acceptance_suite","1.08 V <= Vout <= 1.32 V; Iq <= 3 uA","dc_iq","corner=fsf; model_corner=fs; sweep=PVT; temp_c=150; vdd=3.6; vref=0.80; ibias_A=400e-9; iload_A=0","PASS","Vout_V","1.19476","","","/home/vadim/work/eda-harness/ph2/ph2/ldo_dao_acceptance_suite/results/acceptance_full_sky130_corners_phase_fix/summary.txt"
"ldo_dao_acceptance_suite","1.08 V <= Vout <= 1.32 V; Iq <= 3 uA","dc_iq","corner=fsf; model_corner=fs; sweep=PVT; temp_c=150; vdd=3.6; vref=0.80; ibias_A=400e-9; iload_A=0","FAIL","Iq_uA","11.1136","IQ_HIGH","limit_max_uA=3.0","/home/vadim/work/eda-harness/ph2/ph2/ldo_dao_acceptance_suite/results/acceptance_full_sky130_corners_phase_fix/summary.txt"
"ldo_dao_acceptance_suite","1.08 V <= Vout <= 1.32 V; Iq <= 3 uA","dc_iq","corner=fsf; model_corner=fs; sweep=PVT; temp_c=150; vdd=3.6; vref=0.80; ibias_A=400e-9; iload_A=1.5E-05","PASS","Iin_total_uA","26.0861","","","/home/vadim/work/eda-harness/ph2/ph2/ldo_dao_acceptance_suite/results/acceptance_full_sky130_corners_phase_fix/summary.txt"
"ldo_dao_acceptance_suite","1.08 V <= Vout <= 1.32 V; Iq <= 3 uA","dc_iq","corner=fsf; model_corner=fs; sweep=PVT; temp_c=150; vdd=3.6; vref=0.80; ibias_A=400e-9; iload_A=1.5E-05","PASS","Vout_V","1.1917","","","/home/vadim/work/eda-harness/ph2/ph2/ldo_dao_acceptance_suite/results/acceptance_full_sky130_corners_phase_fix/summary.txt"
"ldo_dao_acceptance_suite","1.08 V <= Vout <= 1.32 V; Iq <= 3 uA","dc_iq","corner=fsf; model_corner=fs; sweep=PVT; temp_c=150; vdd=3.6; vref=0.80; ibias_A=400e-9; iload_A=1.5E-05","PASS","Iq_uA","11.0861","","","/home/vadim/work/eda-harness/ph2/ph2/ldo_dao_acceptance_suite/results/acceptance_full_sky130_corners_phase_fix/summary.txt"
"ldo_dao_acceptance_suite","1.08 V <= Vout <= 1.32 V; Iq <= 3 uA","dc_iq","corner=fsf; model_corner=fs; sweep=VREF; temp_c=27; vdd=3.3; vref=0.72; ibias_A=400e-9; iload_A=0","PASS","Iin_total_uA","9.96236","","","/home/vadim/work/eda-harness/ph2/ph2/ldo_dao_acceptance_suite/results/acceptance_full_sky130_corners_phase_fix/summary.txt"
"ldo_dao_acceptance_suite","1.08 V <= Vout <= 1.32 V; Iq <= 3 uA","dc_iq","corner=fsf; model_corner=fs; sweep=VREF; temp_c=27; vdd=3.3; vref=0.72; ibias_A=400e-9; iload_A=0","FAIL","Vout_V","1.07661","VOUT_LOW","limit_min_V=1.08","/home/vadim/work/eda-harness/ph2/ph2/ldo_dao_acceptance_suite/results/acceptance_full_sky130_corners_phase_fix/summary.txt"
"ldo_dao_acceptance_suite","1.08 V <= Vout <= 1.32 V; Iq <= 3 uA","dc_iq","corner=fsf; model_corner=fs; sweep=VREF; temp_c=27; vdd=3.3; vref=0.72; ibias_A=400e-9; iload_A=0","FAIL","Iq_uA","9.96236","IQ_HIGH","limit_max_uA=3.0","/home/vadim/work/eda-harness/ph2/ph2/ldo_dao_acceptance_suite/results/acceptance_full_sky130_corners_phase_fix/summary.txt"
"ldo_dao_acceptance_suite","1.08 V <= Vout <= 1.32 V; Iq <= 3 uA","dc_iq","corner=fsf; model_corner=fs; sweep=VREF; temp_c=27; vdd=3.3; vref=0.72; ibias_A=400e-9; iload_A=1.5E-05","PASS","Iin_total_uA","24.9397","","","/home/vadim/work/eda-harness/ph2/ph2/ldo_dao_acceptance_suite/results/acceptance_full_sky130_corners_phase_fix/summary.txt"
"ldo_dao_acceptance_suite","1.08 V <= Vout <= 1.32 V; Iq <= 3 uA","dc_iq","corner=fsf; model_corner=fs; sweep=VREF; temp_c=27; vdd=3.3; vref=0.72; ibias_A=400e-9; iload_A=1.5E-05","FAIL","Vout_V","1.07436","VOUT_LOW","limit_min_V=1.08","/home/vadim/work/eda-harness/ph2/ph2/ldo_dao_acceptance_suite/results/acceptance_full_sky130_corners_phase_fix/summary.txt"
"ldo_dao_acceptance_suite","1.08 V <= Vout <= 1.32 V; Iq <= 3 uA","dc_iq","corner=fsf; model_corner=fs; sweep=VREF; temp_c=27; vdd=3.3; vref=0.72; ibias_A=400e-9; iload_A=1.5E-05","PASS","Iq_uA","9.93972","","","/home/vadim/work/eda-harness/ph2/ph2/ldo_dao_acceptance_suite/results/acceptance_full_sky130_corners_phase_fix/summary.txt"
"ldo_dao_acceptance_suite","1.08 V <= Vout <= 1.32 V; Iq <= 3 uA","dc_iq","corner=fsf; model_corner=fs; sweep=VREF; temp_c=27; vdd=3.3; vref=0.88; ibias_A=400e-9; iload_A=0","PASS","Iin_total_uA","12.0922","","","/home/vadim/work/eda-harness/ph2/ph2/ldo_dao_acceptance_suite/results/acceptance_full_sky130_corners_phase_fix/summary.txt"
"ldo_dao_acceptance_suite","1.08 V <= Vout <= 1.32 V; Iq <= 3 uA","dc_iq","corner=fsf; model_corner=fs; sweep=VREF; temp_c=27; vdd=3.3; vref=0.88; ibias_A=400e-9; iload_A=0","PASS","Vout_V","1.31641","","","/home/vadim/work/eda-harness/ph2/ph2/ldo_dao_acceptance_suite/results/acceptance_full_sky130_corners_phase_fix/summary.txt"
"ldo_dao_acceptance_suite","1.08 V <= Vout <= 1.32 V; Iq <= 3 uA","dc_iq","corner=fsf; model_corner=fs; sweep=VREF; temp_c=27; vdd=3.3; vref=0.88; ibias_A=400e-9; iload_A=0","FAIL","Iq_uA","12.0922","IQ_HIGH","limit_max_uA=3.0","/home/vadim/work/eda-harness/ph2/ph2/ldo_dao_acceptance_suite/results/acceptance_full_sky130_corners_phase_fix/summary.txt"
"ldo_dao_acceptance_suite","1.08 V <= Vout <= 1.32 V; Iq <= 3 uA","dc_iq","corner=fsf; model_corner=fs; sweep=VREF; temp_c=27; vdd=3.3; vref=0.88; ibias_A=400e-9; iload_A=1.5E-05","PASS","Iin_total_uA","27.0746","","","/home/vadim/work/eda-harness/ph2/ph2/ldo_dao_acceptance_suite/results/acceptance_full_sky130_corners_phase_fix/summary.txt"
"ldo_dao_acceptance_suite","1.08 V <= Vout <= 1.32 V; Iq <= 3 uA","dc_iq","corner=fsf; model_corner=fs; sweep=VREF; temp_c=27; vdd=3.3; vref=0.88; ibias_A=400e-9; iload_A=1.5E-05","PASS","Vout_V","1.31437","","","/home/vadim/work/eda-harness/ph2/ph2/ldo_dao_acceptance_suite/results/acceptance_full_sky130_corners_phase_fix/summary.txt"
"ldo_dao_acceptance_suite","1.08 V <= Vout <= 1.32 V; Iq <= 3 uA","dc_iq","corner=fsf; model_corner=fs; sweep=VREF; temp_c=27; vdd=3.3; vref=0.88; ibias_A=400e-9; iload_A=1.5E-05","PASS","Iq_uA","12.0746","","","/home/vadim/work/eda-harness/ph2/ph2/ldo_dao_acceptance_suite/results/acceptance_full_sky130_corners_phase_fix/summary.txt"
"ldo_dao_acceptance_suite","1.08 V <= Vout <= 1.32 V; Iq <= 3 uA","dc_iq","corner=fsf; model_corner=fs; sweep=IBIAS; temp_c=27; vdd=3.3; vref=0.80; ibias_A=3E-07; iload_A=0","PASS","Iin_total_uA","10.7936","","","/home/vadim/work/eda-harness/ph2/ph2/ldo_dao_acceptance_suite/results/acceptance_full_sky130_corners_phase_fix/summary.txt"
"ldo_dao_acceptance_suite","1.08 V <= Vout <= 1.32 V; Iq <= 3 uA","dc_iq","corner=fsf; model_corner=fs; sweep=IBIAS; temp_c=27; vdd=3.3; vref=0.80; ibias_A=3E-07; iload_A=0","PASS","Vout_V","1.19612","","","/home/vadim/work/eda-harness/ph2/ph2/ldo_dao_acceptance_suite/results/acceptance_full_sky130_corners_phase_fix/summary.txt"
"ldo_dao_acceptance_suite","1.08 V <= Vout <= 1.32 V; Iq <= 3 uA","dc_iq","corner=fsf; model_corner=fs; sweep=IBIAS; temp_c=27; vdd=3.3; vref=0.80; ibias_A=3E-07; iload_A=0","FAIL","Iq_uA","10.7936","IQ_HIGH","limit_max_uA=3.0","/home/vadim/work/eda-harness/ph2/ph2/ldo_dao_acceptance_suite/results/acceptance_full_sky130_corners_phase_fix/summary.txt"
"ldo_dao_acceptance_suite","1.08 V <= Vout <= 1.32 V; Iq <= 3 uA","dc_iq","corner=fsf; model_corner=fs; sweep=IBIAS; temp_c=27; vdd=3.3; vref=0.80; ibias_A=3E-07; iload_A=1.5E-05","PASS","Iin_total_uA","25.7751","","","/home/vadim/work/eda-harness/ph2/ph2/ldo_dao_acceptance_suite/results/acceptance_full_sky130_corners_phase_fix/summary.txt"
"ldo_dao_acceptance_suite","1.08 V <= Vout <= 1.32 V; Iq <= 3 uA","dc_iq","corner=fsf; model_corner=fs; sweep=IBIAS; temp_c=27; vdd=3.3; vref=0.80; ibias_A=3E-07; iload_A=1.5E-05","PASS","Vout_V","1.19398","","","/home/vadim/work/eda-harness/ph2/ph2/ldo_dao_acceptance_suite/results/acceptance_full_sky130_corners_phase_fix/summary.txt"
"ldo_dao_acceptance_suite","1.08 V <= Vout <= 1.32 V; Iq <= 3 uA","dc_iq","corner=fsf; model_corner=fs; sweep=IBIAS; temp_c=27; vdd=3.3; vref=0.80; ibias_A=3E-07; iload_A=1.5E-05","PASS","Iq_uA","10.7751","","","/home/vadim/work/eda-harness/ph2/ph2/ldo_dao_acceptance_suite/results/acceptance_full_sky130_corners_phase_fix/summary.txt"
"ldo_dao_acceptance_suite","1.08 V <= Vout <= 1.32 V; Iq <= 3 uA","dc_iq","corner=fsf; model_corner=fs; sweep=IBIAS; temp_c=27; vdd=3.3; vref=0.80; ibias_A=5E-07; iload_A=0","PASS","Iin_total_uA","11.3395","","","/home/vadim/work/eda-harness/ph2/ph2/ldo_dao_acceptance_suite/results/acceptance_full_sky130_corners_phase_fix/summary.txt"
"ldo_dao_acceptance_suite","1.08 V <= Vout <= 1.32 V; Iq <= 3 uA","dc_iq","corner=fsf; model_corner=fs; sweep=IBIAS; temp_c=27; vdd=3.3; vref=0.80; ibias_A=5E-07; iload_A=0","PASS","Vout_V","1.19691","","","/home/vadim/work/eda-harness/ph2/ph2/ldo_dao_acceptance_suite/results/acceptance_full_sky130_corners_phase_fix/summary.txt"
"ldo_dao_acceptance_suite","1.08 V <= Vout <= 1.32 V; Iq <= 3 uA","dc_iq","corner=fsf; model_corner=fs; sweep=IBIAS; temp_c=27; vdd=3.3; vref=0.80; ibias_A=5E-07; iload_A=0","FAIL","Iq_uA","11.3395","IQ_HIGH","limit_max_uA=3.0","/home/vadim/work/eda-harness/ph2/ph2/ldo_dao_acceptance_suite/results/acceptance_full_sky130_corners_phase_fix/summary.txt"
"ldo_dao_acceptance_suite","1.08 V <= Vout <= 1.32 V; Iq <= 3 uA","dc_iq","corner=fsf; model_corner=fs; sweep=IBIAS; temp_c=27; vdd=3.3; vref=0.80; ibias_A=5E-07; iload_A=1.5E-05","PASS","Iin_total_uA","26.3204","","","/home/vadim/work/eda-harness/ph2/ph2/ldo_dao_acceptance_suite/results/acceptance_full_sky130_corners_phase_fix/summary.txt"
"ldo_dao_acceptance_suite","1.08 V <= Vout <= 1.32 V; Iq <= 3 uA","dc_iq","corner=fsf; model_corner=fs; sweep=IBIAS; temp_c=27; vdd=3.3; vref=0.80; ibias_A=5E-07; iload_A=1.5E-05","PASS","Vout_V","1.19478","","","/home/vadim/work/eda-harness/ph2/ph2/ldo_dao_acceptance_suite/results/acceptance_full_sky130_corners_phase_fix/summary.txt"
"ldo_dao_acceptance_suite","1.08 V <= Vout <= 1.32 V; Iq <= 3 uA","dc_iq","corner=fsf; model_corner=fs; sweep=IBIAS; temp_c=27; vdd=3.3; vref=0.80; ibias_A=5E-07; iload_A=1.5E-05","PASS","Iq_uA","11.3204","","","/home/vadim/work/eda-harness/ph2/ph2/ldo_dao_acceptance_suite/results/acceptance_full_sky130_corners_phase_fix/summary.txt"
"ldo_dao_acceptance_suite","dynamic-load regulation: valid pre/post Vout; drop <= 50 mV; overshoot <= 20 mV; average drop <= 25 mV","dynamic_load_tran","corner=fsf; model_corner=fs; temp_c=-40; vdd=2.0","PASS","Vout_pre_V","1.19473","","","/home/vadim/work/eda-harness/ph2/ph2/ldo_dao_acceptance_suite/results/acceptance_full_sky130_corners_phase_fix/summary.txt"
"ldo_dao_acceptance_suite","dynamic-load regulation: valid pre/post Vout; drop <= 50 mV; overshoot <= 20 mV; average drop <= 25 mV","dynamic_load_tran","corner=fsf; model_corner=fs; temp_c=-40; vdd=2.0","PASS","drop_mV","15.31","","","/home/vadim/work/eda-harness/ph2/ph2/ldo_dao_acceptance_suite/results/acceptance_full_sky130_corners_phase_fix/summary.txt"
"ldo_dao_acceptance_suite","dynamic-load regulation: valid pre/post Vout; drop <= 50 mV; overshoot <= 20 mV; average drop <= 25 mV","dynamic_load_tran","corner=fsf; model_corner=fs; temp_c=-40; vdd=2.0","PASS","Vout_max_V","1.19937","","","/home/vadim/work/eda-harness/ph2/ph2/ldo_dao_acceptance_suite/results/acceptance_full_sky130_corners_phase_fix/summary.txt"
"ldo_dao_acceptance_suite","dynamic-load regulation: valid pre/post Vout; drop <= 50 mV; overshoot <= 20 mV; average drop <= 25 mV","dynamic_load_tran","corner=fsf; model_corner=fs; temp_c=-40; vdd=2.0","PASS","Vout_min_V","1.17942","","","/home/vadim/work/eda-harness/ph2/ph2/ldo_dao_acceptance_suite/results/acceptance_full_sky130_corners_phase_fix/summary.txt"
"ldo_dao_acceptance_suite","dynamic-load regulation: valid pre/post Vout; drop <= 50 mV; overshoot <= 20 mV; average drop <= 25 mV","dynamic_load_tran","corner=fsf; model_corner=fs; temp_c=-40; vdd=2.0","PASS","avg_drop_mV","4.778","","","/home/vadim/work/eda-harness/ph2/ph2/ldo_dao_acceptance_suite/results/acceptance_full_sky130_corners_phase_fix/summary.txt"
"ldo_dao_acceptance_suite","dynamic-load regulation: valid pre/post Vout; drop <= 50 mV; overshoot <= 20 mV; average drop <= 25 mV","dynamic_load_tran","corner=fsf; model_corner=fs; temp_c=-40; vdd=2.0","PASS","Vout_dyn_avg_V","1.18995","","","/home/vadim/work/eda-harness/ph2/ph2/ldo_dao_acceptance_suite/results/acceptance_full_sky130_corners_phase_fix/summary.txt"
"ldo_dao_acceptance_suite","dynamic-load regulation: valid pre/post Vout; drop <= 50 mV; overshoot <= 20 mV; average drop <= 25 mV","dynamic_load_tran","corner=fsf; model_corner=fs; temp_c=-40; vdd=2.0","PASS","overshoot_mV","4.638","","","/home/vadim/work/eda-harness/ph2/ph2/ldo_dao_acceptance_suite/results/acceptance_full_sky130_corners_phase_fix/summary.txt"
"ldo_dao_acceptance_suite","dynamic-load regulation: valid pre/post Vout; drop <= 50 mV; overshoot <= 20 mV; average drop <= 25 mV","dynamic_load_tran","corner=fsf; model_corner=fs; temp_c=-40; vdd=3.3","PASS","Vout_pre_V","1.19536","","","/home/vadim/work/eda-harness/ph2/ph2/ldo_dao_acceptance_suite/results/acceptance_full_sky130_corners_phase_fix/summary.txt"
"ldo_dao_acceptance_suite","dynamic-load regulation: valid pre/post Vout; drop <= 50 mV; overshoot <= 20 mV; average drop <= 25 mV","dynamic_load_tran","corner=fsf; model_corner=fs; temp_c=-40; vdd=3.3","PASS","drop_mV","14.699","","","/home/vadim/work/eda-harness/ph2/ph2/ldo_dao_acceptance_suite/results/acceptance_full_sky130_corners_phase_fix/summary.txt"
"ldo_dao_acceptance_suite","dynamic-load regulation: valid pre/post Vout; drop <= 50 mV; overshoot <= 20 mV; average drop <= 25 mV","dynamic_load_tran","corner=fsf; model_corner=fs; temp_c=-40; vdd=3.3","PASS","Vout_max_V","1.20103","","","/home/vadim/work/eda-harness/ph2/ph2/ldo_dao_acceptance_suite/results/acceptance_full_sky130_corners_phase_fix/summary.txt"
"ldo_dao_acceptance_suite","dynamic-load regulation: valid pre/post Vout; drop <= 50 mV; overshoot <= 20 mV; average drop <= 25 mV","dynamic_load_tran","corner=fsf; model_corner=fs; temp_c=-40; vdd=3.3","PASS","Vout_min_V","1.18066","","","/home/vadim/work/eda-harness/ph2/ph2/ldo_dao_acceptance_suite/results/acceptance_full_sky130_corners_phase_fix/summary.txt"
"ldo_dao_acceptance_suite","dynamic-load regulation: valid pre/post Vout; drop <= 50 mV; overshoot <= 20 mV; average drop <= 25 mV","dynamic_load_tran","corner=fsf; model_corner=fs; temp_c=-40; vdd=3.3","PASS","avg_drop_mV","4.224","","","/home/vadim/work/eda-harness/ph2/ph2/ldo_dao_acceptance_suite/results/acceptance_full_sky130_corners_phase_fix/summary.txt"
"ldo_dao_acceptance_suite","dynamic-load regulation: valid pre/post Vout; drop <= 50 mV; overshoot <= 20 mV; average drop <= 25 mV","dynamic_load_tran","corner=fsf; model_corner=fs; temp_c=-40; vdd=3.3","PASS","Vout_dyn_avg_V","1.19113","","","/home/vadim/work/eda-harness/ph2/ph2/ldo_dao_acceptance_suite/results/acceptance_full_sky130_corners_phase_fix/summary.txt"
"ldo_dao_acceptance_suite","dynamic-load regulation: valid pre/post Vout; drop <= 50 mV; overshoot <= 20 mV; average drop <= 25 mV","dynamic_load_tran","corner=fsf; model_corner=fs; temp_c=-40; vdd=3.3","PASS","overshoot_mV","5.67","","","/home/vadim/work/eda-harness/ph2/ph2/ldo_dao_acceptance_suite/results/acceptance_full_sky130_corners_phase_fix/summary.txt"
"ldo_dao_acceptance_suite","dynamic-load regulation: valid pre/post Vout; drop <= 50 mV; overshoot <= 20 mV; average drop <= 25 mV","dynamic_load_tran","corner=fsf; model_corner=fs; temp_c=-40; vdd=3.6","PASS","Vout_pre_V","1.19534","","","/home/vadim/work/eda-harness/ph2/ph2/ldo_dao_acceptance_suite/results/acceptance_full_sky130_corners_phase_fix/summary.txt"
"ldo_dao_acceptance_suite","dynamic-load regulation: valid pre/post Vout; drop <= 50 mV; overshoot <= 20 mV; average drop <= 25 mV","dynamic_load_tran","corner=fsf; model_corner=fs; temp_c=-40; vdd=3.6","PASS","drop_mV","14.699","","","/home/vadim/work/eda-harness/ph2/ph2/ldo_dao_acceptance_suite/results/acceptance_full_sky130_corners_phase_fix/summary.txt"
"ldo_dao_acceptance_suite","dynamic-load regulation: valid pre/post Vout; drop <= 50 mV; overshoot <= 20 mV; average drop <= 25 mV","dynamic_load_tran","corner=fsf; model_corner=fs; temp_c=-40; vdd=3.6","PASS","Vout_max_V","1.20091","","","/home/vadim/work/eda-harness/ph2/ph2/ldo_dao_acceptance_suite/results/acceptance_full_sky130_corners_phase_fix/summary.txt"
"ldo_dao_acceptance_suite","dynamic-load regulation: valid pre/post Vout; drop <= 50 mV; overshoot <= 20 mV; average drop <= 25 mV","dynamic_load_tran","corner=fsf; model_corner=fs; temp_c=-40; vdd=3.6","PASS","Vout_min_V","1.18064","","","/home/vadim/work/eda-harness/ph2/ph2/ldo_dao_acceptance_suite/results/acceptance_full_sky130_corners_phase_fix/summary.txt"
"ldo_dao_acceptance_suite","dynamic-load regulation: valid pre/post Vout; drop <= 50 mV; overshoot <= 20 mV; average drop <= 25 mV","dynamic_load_tran","corner=fsf; model_corner=fs; temp_c=-40; vdd=3.6","PASS","avg_drop_mV","4.262","","","/home/vadim/work/eda-harness/ph2/ph2/ldo_dao_acceptance_suite/results/acceptance_full_sky130_corners_phase_fix/summary.txt"
"ldo_dao_acceptance_suite","dynamic-load regulation: valid pre/post Vout; drop <= 50 mV; overshoot <= 20 mV; average drop <= 25 mV","dynamic_load_tran","corner=fsf; model_corner=fs; temp_c=-40; vdd=3.6","PASS","Vout_dyn_avg_V","1.19108","","","/home/vadim/work/eda-harness/ph2/ph2/ldo_dao_acceptance_suite/results/acceptance_full_sky130_corners_phase_fix/summary.txt"
"ldo_dao_acceptance_suite","dynamic-load regulation: valid pre/post Vout; drop <= 50 mV; overshoot <= 20 mV; average drop <= 25 mV","dynamic_load_tran","corner=fsf; model_corner=fs; temp_c=-40; vdd=3.6","PASS","overshoot_mV","5.574","","","/home/vadim/work/eda-harness/ph2/ph2/ldo_dao_acceptance_suite/results/acceptance_full_sky130_corners_phase_fix/summary.txt"
"ldo_dao_acceptance_suite","dynamic-load regulation: valid pre/post Vout; drop <= 50 mV; overshoot <= 20 mV; average drop <= 25 mV","dynamic_load_tran","corner=fsf; model_corner=fs; temp_c=27; vdd=2.0","PASS","Vout_pre_V","1.1938","","","/home/vadim/work/eda-harness/ph2/ph2/ldo_dao_acceptance_suite/results/acceptance_full_sky130_corners_phase_fix/summary.txt"
"ldo_dao_acceptance_suite","dynamic-load regulation: valid pre/post Vout; drop <= 50 mV; overshoot <= 20 mV; average drop <= 25 mV","dynamic_load_tran","corner=fsf; model_corner=fs; temp_c=27; vdd=2.0","PASS","drop_mV","17.03","","","/home/vadim/work/eda-harness/ph2/ph2/ldo_dao_acceptance_suite/results/acceptance_full_sky130_corners_phase_fix/summary.txt"
"ldo_dao_acceptance_suite","dynamic-load regulation: valid pre/post Vout; drop <= 50 mV; overshoot <= 20 mV; average drop <= 25 mV","dynamic_load_tran","corner=fsf; model_corner=fs; temp_c=27; vdd=2.0","PASS","Vout_max_V","1.19767","","","/home/vadim/work/eda-harness/ph2/ph2/ldo_dao_acceptance_suite/results/acceptance_full_sky130_corners_phase_fix/summary.txt"
"ldo_dao_acceptance_suite","dynamic-load regulation: valid pre/post Vout; drop <= 50 mV; overshoot <= 20 mV; average drop <= 25 mV","dynamic_load_tran","corner=fsf; model_corner=fs; temp_c=27; vdd=2.0","PASS","Vout_min_V","1.17677","","","/home/vadim/work/eda-harness/ph2/ph2/ldo_dao_acceptance_suite/results/acceptance_full_sky130_corners_phase_fix/summary.txt"
"ldo_dao_acceptance_suite","dynamic-load regulation: valid pre/post Vout; drop <= 50 mV; overshoot <= 20 mV; average drop <= 25 mV","dynamic_load_tran","corner=fsf; model_corner=fs; temp_c=27; vdd=2.0","PASS","avg_drop_mV","5.191","","","/home/vadim/work/eda-harness/ph2/ph2/ldo_dao_acceptance_suite/results/acceptance_full_sky130_corners_phase_fix/summary.txt"
"ldo_dao_acceptance_suite","dynamic-load regulation: valid pre/post Vout; drop <= 50 mV; overshoot <= 20 mV; average drop <= 25 mV","dynamic_load_tran","corner=fsf; model_corner=fs; temp_c=27; vdd=2.0","PASS","Vout_dyn_avg_V","1.18861","","","/home/vadim/work/eda-harness/ph2/ph2/ldo_dao_acceptance_suite/results/acceptance_full_sky130_corners_phase_fix/summary.txt"
"ldo_dao_acceptance_suite","dynamic-load regulation: valid pre/post Vout; drop <= 50 mV; overshoot <= 20 mV; average drop <= 25 mV","dynamic_load_tran","corner=fsf; model_corner=fs; temp_c=27; vdd=2.0","PASS","overshoot_mV","3.877","","","/home/vadim/work/eda-harness/ph2/ph2/ldo_dao_acceptance_suite/results/acceptance_full_sky130_corners_phase_fix/summary.txt"
"ldo_dao_acceptance_suite","dynamic-load regulation: valid pre/post Vout; drop <= 50 mV; overshoot <= 20 mV; average drop <= 25 mV","dynamic_load_tran","corner=fsf; model_corner=fs; temp_c=27; vdd=3.3","PASS","Vout_pre_V","1.19443","","","/home/vadim/work/eda-harness/ph2/ph2/ldo_dao_acceptance_suite/results/acceptance_full_sky130_corners_phase_fix/summary.txt"
"ldo_dao_acceptance_suite","dynamic-load regulation: valid pre/post Vout; drop <= 50 mV; overshoot <= 20 mV; average drop <= 25 mV","dynamic_load_tran","corner=fsf; model_corner=fs; temp_c=27; vdd=3.3","PASS","drop_mV","16.049","","","/home/vadim/work/eda-harness/ph2/ph2/ldo_dao_acceptance_suite/results/acceptance_full_sky130_corners_phase_fix/summary.txt"
"ldo_dao_acceptance_suite","dynamic-load regulation: valid pre/post Vout; drop <= 50 mV; overshoot <= 20 mV; average drop <= 25 mV","dynamic_load_tran","corner=fsf; model_corner=fs; temp_c=27; vdd=3.3","PASS","Vout_max_V","1.19974","","","/home/vadim/work/eda-harness/ph2/ph2/ldo_dao_acceptance_suite/results/acceptance_full_sky130_corners_phase_fix/summary.txt"
"ldo_dao_acceptance_suite","dynamic-load regulation: valid pre/post Vout; drop <= 50 mV; overshoot <= 20 mV; average drop <= 25 mV","dynamic_load_tran","corner=fsf; model_corner=fs; temp_c=27; vdd=3.3","PASS","Vout_min_V","1.17838","","","/home/vadim/work/eda-harness/ph2/ph2/ldo_dao_acceptance_suite/results/acceptance_full_sky130_corners_phase_fix/summary.txt"
"ldo_dao_acceptance_suite","dynamic-load regulation: valid pre/post Vout; drop <= 50 mV; overshoot <= 20 mV; average drop <= 25 mV","dynamic_load_tran","corner=fsf; model_corner=fs; temp_c=27; vdd=3.3","PASS","avg_drop_mV","4.546","","","/home/vadim/work/eda-harness/ph2/ph2/ldo_dao_acceptance_suite/results/acceptance_full_sky130_corners_phase_fix/summary.txt"
"ldo_dao_acceptance_suite","dynamic-load regulation: valid pre/post Vout; drop <= 50 mV; overshoot <= 20 mV; average drop <= 25 mV","dynamic_load_tran","corner=fsf; model_corner=fs; temp_c=27; vdd=3.3","PASS","Vout_dyn_avg_V","1.18988","","","/home/vadim/work/eda-harness/ph2/ph2/ldo_dao_acceptance_suite/results/acceptance_full_sky130_corners_phase_fix/summary.txt"
"ldo_dao_acceptance_suite","dynamic-load regulation: valid pre/post Vout; drop <= 50 mV; overshoot <= 20 mV; average drop <= 25 mV","dynamic_load_tran","corner=fsf; model_corner=fs; temp_c=27; vdd=3.3","PASS","overshoot_mV","5.309","","","/home/vadim/work/eda-harness/ph2/ph2/ldo_dao_acceptance_suite/results/acceptance_full_sky130_corners_phase_fix/summary.txt"
"ldo_dao_acceptance_suite","dynamic-load regulation: valid pre/post Vout; drop <= 50 mV; overshoot <= 20 mV; average drop <= 25 mV","dynamic_load_tran","corner=fsf; model_corner=fs; temp_c=27; vdd=3.6","PASS","Vout_pre_V","1.19437","","","/home/vadim/work/eda-harness/ph2/ph2/ldo_dao_acceptance_suite/results/acceptance_full_sky130_corners_phase_fix/summary.txt"
"ldo_dao_acceptance_suite","dynamic-load regulation: valid pre/post Vout; drop <= 50 mV; overshoot <= 20 mV; average drop <= 25 mV","dynamic_load_tran","corner=fsf; model_corner=fs; temp_c=27; vdd=3.6","PASS","drop_mV","16.032","","","/home/vadim/work/eda-harness/ph2/ph2/ldo_dao_acceptance_suite/results/acceptance_full_sky130_corners_phase_fix/summary.txt"
"ldo_dao_acceptance_suite","dynamic-load regulation: valid pre/post Vout; drop <= 50 mV; overshoot <= 20 mV; average drop <= 25 mV","dynamic_load_tran","corner=fsf; model_corner=fs; temp_c=27; vdd=3.6","PASS","Vout_max_V","1.19956","","","/home/vadim/work/eda-harness/ph2/ph2/ldo_dao_acceptance_suite/results/acceptance_full_sky130_corners_phase_fix/summary.txt"
"ldo_dao_acceptance_suite","dynamic-load regulation: valid pre/post Vout; drop <= 50 mV; overshoot <= 20 mV; average drop <= 25 mV","dynamic_load_tran","corner=fsf; model_corner=fs; temp_c=27; vdd=3.6","PASS","Vout_min_V","1.17833","","","/home/vadim/work/eda-harness/ph2/ph2/ldo_dao_acceptance_suite/results/acceptance_full_sky130_corners_phase_fix/summary.txt"
"ldo_dao_acceptance_suite","dynamic-load regulation: valid pre/post Vout; drop <= 50 mV; overshoot <= 20 mV; average drop <= 25 mV","dynamic_load_tran","corner=fsf; model_corner=fs; temp_c=27; vdd=3.6","PASS","avg_drop_mV","4.617","","","/home/vadim/work/eda-harness/ph2/ph2/ldo_dao_acceptance_suite/results/acceptance_full_sky130_corners_phase_fix/summary.txt"
"ldo_dao_acceptance_suite","dynamic-load regulation: valid pre/post Vout; drop <= 50 mV; overshoot <= 20 mV; average drop <= 25 mV","dynamic_load_tran","corner=fsf; model_corner=fs; temp_c=27; vdd=3.6","PASS","Vout_dyn_avg_V","1.18975","","","/home/vadim/work/eda-harness/ph2/ph2/ldo_dao_acceptance_suite/results/acceptance_full_sky130_corners_phase_fix/summary.txt"
"ldo_dao_acceptance_suite","dynamic-load regulation: valid pre/post Vout; drop <= 50 mV; overshoot <= 20 mV; average drop <= 25 mV","dynamic_load_tran","corner=fsf; model_corner=fs; temp_c=27; vdd=3.6","PASS","overshoot_mV","5.191","","","/home/vadim/work/eda-harness/ph2/ph2/ldo_dao_acceptance_suite/results/acceptance_full_sky130_corners_phase_fix/summary.txt"
"ldo_dao_acceptance_suite","dynamic-load regulation: valid pre/post Vout; drop <= 50 mV; overshoot <= 20 mV; average drop <= 25 mV","dynamic_load_tran","corner=fsf; model_corner=fs; temp_c=150; vdd=2.0","PASS","Vout_pre_V","1.19129","","","/home/vadim/work/eda-harness/ph2/ph2/ldo_dao_acceptance_suite/results/acceptance_full_sky130_corners_phase_fix/summary.txt"
"ldo_dao_acceptance_suite","dynamic-load regulation: valid pre/post Vout; drop <= 50 mV; overshoot <= 20 mV; average drop <= 25 mV","dynamic_load_tran","corner=fsf; model_corner=fs; temp_c=150; vdd=2.0","PASS","drop_mV","20.125","","","/home/vadim/work/eda-harness/ph2/ph2/ldo_dao_acceptance_suite/results/acceptance_full_sky130_corners_phase_fix/summary.txt"
"ldo_dao_acceptance_suite","dynamic-load regulation: valid pre/post Vout; drop <= 50 mV; overshoot <= 20 mV; average drop <= 25 mV","dynamic_load_tran","corner=fsf; model_corner=fs; temp_c=150; vdd=2.0","PASS","Vout_max_V","1.19183","","","/home/vadim/work/eda-harness/ph2/ph2/ldo_dao_acceptance_suite/results/acceptance_full_sky130_corners_phase_fix/summary.txt"
"ldo_dao_acceptance_suite","dynamic-load regulation: valid pre/post Vout; drop <= 50 mV; overshoot <= 20 mV; average drop <= 25 mV","dynamic_load_tran","corner=fsf; model_corner=fs; temp_c=150; vdd=2.0","PASS","Vout_min_V","1.17117","","","/home/vadim/work/eda-harness/ph2/ph2/ldo_dao_acceptance_suite/results/acceptance_full_sky130_corners_phase_fix/summary.txt"
"ldo_dao_acceptance_suite","dynamic-load regulation: valid pre/post Vout; drop <= 50 mV; overshoot <= 20 mV; average drop <= 25 mV","dynamic_load_tran","corner=fsf; model_corner=fs; temp_c=150; vdd=2.0","PASS","avg_drop_mV","6.466","","","/home/vadim/work/eda-harness/ph2/ph2/ldo_dao_acceptance_suite/results/acceptance_full_sky130_corners_phase_fix/summary.txt"
"ldo_dao_acceptance_suite","dynamic-load regulation: valid pre/post Vout; drop <= 50 mV; overshoot <= 20 mV; average drop <= 25 mV","dynamic_load_tran","corner=fsf; model_corner=fs; temp_c=150; vdd=2.0","PASS","Vout_dyn_avg_V","1.18483","","","/home/vadim/work/eda-harness/ph2/ph2/ldo_dao_acceptance_suite/results/acceptance_full_sky130_corners_phase_fix/summary.txt"
"ldo_dao_acceptance_suite","dynamic-load regulation: valid pre/post Vout; drop <= 50 mV; overshoot <= 20 mV; average drop <= 25 mV","dynamic_load_tran","corner=fsf; model_corner=fs; temp_c=150; vdd=2.0","PASS","overshoot_mV","0.54","","","/home/vadim/work/eda-harness/ph2/ph2/ldo_dao_acceptance_suite/results/acceptance_full_sky130_corners_phase_fix/summary.txt"
"ldo_dao_acceptance_suite","dynamic-load regulation: valid pre/post Vout; drop <= 50 mV; overshoot <= 20 mV; average drop <= 25 mV","dynamic_load_tran","corner=fsf; model_corner=fs; temp_c=150; vdd=3.3","PASS","Vout_pre_V","1.19188","","","/home/vadim/work/eda-harness/ph2/ph2/ldo_dao_acceptance_suite/results/acceptance_full_sky130_corners_phase_fix/summary.txt"
"ldo_dao_acceptance_suite","dynamic-load regulation: valid pre/post Vout; drop <= 50 mV; overshoot <= 20 mV; average drop <= 25 mV","dynamic_load_tran","corner=fsf; model_corner=fs; temp_c=150; vdd=3.3","PASS","drop_mV","19.458","","","/home/vadim/work/eda-harness/ph2/ph2/ldo_dao_acceptance_suite/results/acceptance_full_sky130_corners_phase_fix/summary.txt"
"ldo_dao_acceptance_suite","dynamic-load regulation: valid pre/post Vout; drop <= 50 mV; overshoot <= 20 mV; average drop <= 25 mV","dynamic_load_tran","corner=fsf; model_corner=fs; temp_c=150; vdd=3.3","PASS","Vout_max_V","1.19414","","","/home/vadim/work/eda-harness/ph2/ph2/ldo_dao_acceptance_suite/results/acceptance_full_sky130_corners_phase_fix/summary.txt"
"ldo_dao_acceptance_suite","dynamic-load regulation: valid pre/post Vout; drop <= 50 mV; overshoot <= 20 mV; average drop <= 25 mV","dynamic_load_tran","corner=fsf; model_corner=fs; temp_c=150; vdd=3.3","PASS","Vout_min_V","1.17243","","","/home/vadim/work/eda-harness/ph2/ph2/ldo_dao_acceptance_suite/results/acceptance_full_sky130_corners_phase_fix/summary.txt"
"ldo_dao_acceptance_suite","dynamic-load regulation: valid pre/post Vout; drop <= 50 mV; overshoot <= 20 mV; average drop <= 25 mV","dynamic_load_tran","corner=fsf; model_corner=fs; temp_c=150; vdd=3.3","PASS","avg_drop_mV","5.651","","","/home/vadim/work/eda-harness/ph2/ph2/ldo_dao_acceptance_suite/results/acceptance_full_sky130_corners_phase_fix/summary.txt"
"ldo_dao_acceptance_suite","dynamic-load regulation: valid pre/post Vout; drop <= 50 mV; overshoot <= 20 mV; average drop <= 25 mV","dynamic_load_tran","corner=fsf; model_corner=fs; temp_c=150; vdd=3.3","PASS","Vout_dyn_avg_V","1.18623","","","/home/vadim/work/eda-harness/ph2/ph2/ldo_dao_acceptance_suite/results/acceptance_full_sky130_corners_phase_fix/summary.txt"
"ldo_dao_acceptance_suite","dynamic-load regulation: valid pre/post Vout; drop <= 50 mV; overshoot <= 20 mV; average drop <= 25 mV","dynamic_load_tran","corner=fsf; model_corner=fs; temp_c=150; vdd=3.3","PASS","overshoot_mV","2.252","","","/home/vadim/work/eda-harness/ph2/ph2/ldo_dao_acceptance_suite/results/acceptance_full_sky130_corners_phase_fix/summary.txt"
"ldo_dao_acceptance_suite","dynamic-load regulation: valid pre/post Vout; drop <= 50 mV; overshoot <= 20 mV; average drop <= 25 mV","dynamic_load_tran","corner=fsf; model_corner=fs; temp_c=150; vdd=3.6","PASS","Vout_pre_V","1.1917","","","/home/vadim/work/eda-harness/ph2/ph2/ldo_dao_acceptance_suite/results/acceptance_full_sky130_corners_phase_fix/summary.txt"
"ldo_dao_acceptance_suite","dynamic-load regulation: valid pre/post Vout; drop <= 50 mV; overshoot <= 20 mV; average drop <= 25 mV","dynamic_load_tran","corner=fsf; model_corner=fs; temp_c=150; vdd=3.6","PASS","drop_mV","19.466","","","/home/vadim/work/eda-harness/ph2/ph2/ldo_dao_acceptance_suite/results/acceptance_full_sky130_corners_phase_fix/summary.txt"
"ldo_dao_acceptance_suite","dynamic-load regulation: valid pre/post Vout; drop <= 50 mV; overshoot <= 20 mV; average drop <= 25 mV","dynamic_load_tran","corner=fsf; model_corner=fs; temp_c=150; vdd=3.6","PASS","Vout_max_V","1.19377","","","/home/vadim/work/eda-harness/ph2/ph2/ldo_dao_acceptance_suite/results/acceptance_full_sky130_corners_phase_fix/summary.txt"
"ldo_dao_acceptance_suite","dynamic-load regulation: valid pre/post Vout; drop <= 50 mV; overshoot <= 20 mV; average drop <= 25 mV","dynamic_load_tran","corner=fsf; model_corner=fs; temp_c=150; vdd=3.6","PASS","Vout_min_V","1.17223","","","/home/vadim/work/eda-harness/ph2/ph2/ldo_dao_acceptance_suite/results/acceptance_full_sky130_corners_phase_fix/summary.txt"
"ldo_dao_acceptance_suite","dynamic-load regulation: valid pre/post Vout; drop <= 50 mV; overshoot <= 20 mV; average drop <= 25 mV","dynamic_load_tran","corner=fsf; model_corner=fs; temp_c=150; vdd=3.6","PASS","avg_drop_mV","5.808","","","/home/vadim/work/eda-harness/ph2/ph2/ldo_dao_acceptance_suite/results/acceptance_full_sky130_corners_phase_fix/summary.txt"
"ldo_dao_acceptance_suite","dynamic-load regulation: valid pre/post Vout; drop <= 50 mV; overshoot <= 20 mV; average drop <= 25 mV","dynamic_load_tran","corner=fsf; model_corner=fs; temp_c=150; vdd=3.6","PASS","Vout_dyn_avg_V","1.18589","","","/home/vadim/work/eda-harness/ph2/ph2/ldo_dao_acceptance_suite/results/acceptance_full_sky130_corners_phase_fix/summary.txt"
"ldo_dao_acceptance_suite","dynamic-load regulation: valid pre/post Vout; drop <= 50 mV; overshoot <= 20 mV; average drop <= 25 mV","dynamic_load_tran","corner=fsf; model_corner=fs; temp_c=150; vdd=3.6","PASS","overshoot_mV","2.072","","","/home/vadim/work/eda-harness/ph2/ph2/ldo_dao_acceptance_suite/results/acceptance_full_sky130_corners_phase_fix/summary.txt"
"ldo_dao_acceptance_suite","PSRR_min >= 40 dB","psrr_ac","corner=fsf; model_corner=fs; temp_c=-40; vdd=2.0","PASS","PSRR_min_dB","41.9596","","","/home/vadim/work/eda-harness/ph2/ph2/ldo_dao_acceptance_suite/results/acceptance_full_sky130_corners_phase_fix/summary.txt"
"ldo_dao_acceptance_suite","PSRR_min >= 40 dB","psrr_ac","corner=fsf; model_corner=fs; temp_c=-40; vdd=3.3","PASS","PSRR_min_dB","41.6887","","","/home/vadim/work/eda-harness/ph2/ph2/ldo_dao_acceptance_suite/results/acceptance_full_sky130_corners_phase_fix/summary.txt"
"ldo_dao_acceptance_suite","PSRR_min >= 40 dB","psrr_ac","corner=fsf; model_corner=fs; temp_c=-40; vdd=3.6","PASS","PSRR_min_dB","41.8498","","","/home/vadim/work/eda-harness/ph2/ph2/ldo_dao_acceptance_suite/results/acceptance_full_sky130_corners_phase_fix/summary.txt"
"ldo_dao_acceptance_suite","PSRR_min >= 40 dB","psrr_ac","corner=fsf; model_corner=fs; temp_c=27; vdd=2.0","PASS","PSRR_min_dB","42.1997","","","/home/vadim/work/eda-harness/ph2/ph2/ldo_dao_acceptance_suite/results/acceptance_full_sky130_corners_phase_fix/summary.txt"
"ldo_dao_acceptance_suite","PSRR_min >= 40 dB","psrr_ac","corner=fsf; model_corner=fs; temp_c=27; vdd=3.3","PASS","PSRR_min_dB","42.0012","","","/home/vadim/work/eda-harness/ph2/ph2/ldo_dao_acceptance_suite/results/acceptance_full_sky130_corners_phase_fix/summary.txt"
"ldo_dao_acceptance_suite","PSRR_min >= 40 dB","psrr_ac","corner=fsf; model_corner=fs; temp_c=27; vdd=3.6","PASS","PSRR_min_dB","42.1938","","","/home/vadim/work/eda-harness/ph2/ph2/ldo_dao_acceptance_suite/results/acceptance_full_sky130_corners_phase_fix/summary.txt"
"ldo_dao_acceptance_suite","PSRR_min >= 40 dB","psrr_ac","corner=fsf; model_corner=fs; temp_c=150; vdd=2.0","PASS","PSRR_min_dB","42.5243","","","/home/vadim/work/eda-harness/ph2/ph2/ldo_dao_acceptance_suite/results/acceptance_full_sky130_corners_phase_fix/summary.txt"
"ldo_dao_acceptance_suite","PSRR_min >= 40 dB","psrr_ac","corner=fsf; model_corner=fs; temp_c=150; vdd=3.3","PASS","PSRR_min_dB","42.6003","","","/home/vadim/work/eda-harness/ph2/ph2/ldo_dao_acceptance_suite/results/acceptance_full_sky130_corners_phase_fix/summary.txt"
"ldo_dao_acceptance_suite","PSRR_min >= 40 dB","psrr_ac","corner=fsf; model_corner=fs; temp_c=150; vdd=3.6","PASS","PSRR_min_dB","42.8481","","","/home/vadim/work/eda-harness/ph2/ph2/ldo_dao_acceptance_suite/results/acceptance_full_sky130_corners_phase_fix/summary.txt"
"ldo_dao_acceptance_suite","GBW >= 100 kHz; PM >= 40 deg; GM >= 20 dB","loop_stability_ac","corner=fsf; model_corner=fs; temp_c=-40; vdd=2.0","PASS","GM_dB","24.4071","","","/home/vadim/work/eda-harness/ph2/ph2/ldo_dao_acceptance_suite/results/acceptance_full_sky130_corners_phase_fix/summary.txt"
"ldo_dao_acceptance_suite","GBW >= 100 kHz; PM >= 40 deg; GM >= 20 dB","loop_stability_ac","corner=fsf; model_corner=fs; temp_c=-40; vdd=2.0","PASS","GM_mode","0","","","/home/vadim/work/eda-harness/ph2/ph2/ldo_dao_acceptance_suite/results/acceptance_full_sky130_corners_phase_fix/summary.txt"
"ldo_dao_acceptance_suite","GBW >= 100 kHz; PM >= 40 deg; GM >= 20 dB","loop_stability_ac","corner=fsf; model_corner=fs; temp_c=-40; vdd=2.0","PASS","GBW_Hz","2.17927E+06","","","/home/vadim/work/eda-harness/ph2/ph2/ldo_dao_acceptance_suite/results/acceptance_full_sky130_corners_phase_fix/summary.txt"
"ldo_dao_acceptance_suite","GBW >= 100 kHz; PM >= 40 deg; GM >= 20 dB","loop_stability_ac","corner=fsf; model_corner=fs; temp_c=-40; vdd=2.0","PASS","PM_deg","40.0989","","","/home/vadim/work/eda-harness/ph2/ph2/ldo_dao_acceptance_suite/results/acceptance_full_sky130_corners_phase_fix/summary.txt"
"ldo_dao_acceptance_suite","GBW >= 100 kHz; PM >= 40 deg; GM >= 20 dB","loop_stability_ac","corner=fsf; model_corner=fs; temp_c=-40; vdd=3.3","PASS","GM_dB","23.9736","","","/home/vadim/work/eda-harness/ph2/ph2/ldo_dao_acceptance_suite/results/acceptance_full_sky130_corners_phase_fix/summary.txt"
"ldo_dao_acceptance_suite","GBW >= 100 kHz; PM >= 40 deg; GM >= 20 dB","loop_stability_ac","corner=fsf; model_corner=fs; temp_c=-40; vdd=3.3","PASS","GM_mode","0","","","/home/vadim/work/eda-harness/ph2/ph2/ldo_dao_acceptance_suite/results/acceptance_full_sky130_corners_phase_fix/summary.txt"
"ldo_dao_acceptance_suite","GBW >= 100 kHz; PM >= 40 deg; GM >= 20 dB","loop_stability_ac","corner=fsf; model_corner=fs; temp_c=-40; vdd=3.3","PASS","GBW_Hz","2.27553E+06","","","/home/vadim/work/eda-harness/ph2/ph2/ldo_dao_acceptance_suite/results/acceptance_full_sky130_corners_phase_fix/summary.txt"
"ldo_dao_acceptance_suite","GBW >= 100 kHz; PM >= 40 deg; GM >= 20 dB","loop_stability_ac","corner=fsf; model_corner=fs; temp_c=-40; vdd=3.3","FAIL","PM_deg","37.361","PM_LOW","limit_min_deg=40","/home/vadim/work/eda-harness/ph2/ph2/ldo_dao_acceptance_suite/results/acceptance_full_sky130_corners_phase_fix/summary.txt"
"ldo_dao_acceptance_suite","GBW >= 100 kHz; PM >= 40 deg; GM >= 20 dB","loop_stability_ac","corner=fsf; model_corner=fs; temp_c=-40; vdd=3.6","PASS","GM_dB","24.0729","","","/home/vadim/work/eda-harness/ph2/ph2/ldo_dao_acceptance_suite/results/acceptance_full_sky130_corners_phase_fix/summary.txt"
"ldo_dao_acceptance_suite","GBW >= 100 kHz; PM >= 40 deg; GM >= 20 dB","loop_stability_ac","corner=fsf; model_corner=fs; temp_c=-40; vdd=3.6","PASS","GM_mode","0","","","/home/vadim/work/eda-harness/ph2/ph2/ldo_dao_acceptance_suite/results/acceptance_full_sky130_corners_phase_fix/summary.txt"
"ldo_dao_acceptance_suite","GBW >= 100 kHz; PM >= 40 deg; GM >= 20 dB","loop_stability_ac","corner=fsf; model_corner=fs; temp_c=-40; vdd=3.6","PASS","GBW_Hz","2.27683E+06","","","/home/vadim/work/eda-harness/ph2/ph2/ldo_dao_acceptance_suite/results/acceptance_full_sky130_corners_phase_fix/summary.txt"
"ldo_dao_acceptance_suite","GBW >= 100 kHz; PM >= 40 deg; GM >= 20 dB","loop_stability_ac","corner=fsf; model_corner=fs; temp_c=-40; vdd=3.6","FAIL","PM_deg","37.9733","PM_LOW","limit_min_deg=40","/home/vadim/work/eda-harness/ph2/ph2/ldo_dao_acceptance_suite/results/acceptance_full_sky130_corners_phase_fix/summary.txt"
"ldo_dao_acceptance_suite","GBW >= 100 kHz; PM >= 40 deg; GM >= 20 dB","loop_stability_ac","corner=fsf; model_corner=fs; temp_c=27; vdd=2.0","PASS","GM_dB","25.1635","","","/home/vadim/work/eda-harness/ph2/ph2/ldo_dao_acceptance_suite/results/acceptance_full_sky130_corners_phase_fix/summary.txt"
"ldo_dao_acceptance_suite","GBW >= 100 kHz; PM >= 40 deg; GM >= 20 dB","loop_stability_ac","corner=fsf; model_corner=fs; temp_c=27; vdd=2.0","PASS","GM_mode","0","","","/home/vadim/work/eda-harness/ph2/ph2/ldo_dao_acceptance_suite/results/acceptance_full_sky130_corners_phase_fix/summary.txt"
"ldo_dao_acceptance_suite","GBW >= 100 kHz; PM >= 40 deg; GM >= 20 dB","loop_stability_ac","corner=fsf; model_corner=fs; temp_c=27; vdd=2.0","PASS","GBW_Hz","1.97419E+06","","","/home/vadim/work/eda-harness/ph2/ph2/ldo_dao_acceptance_suite/results/acceptance_full_sky130_corners_phase_fix/summary.txt"
"ldo_dao_acceptance_suite","GBW >= 100 kHz; PM >= 40 deg; GM >= 20 dB","loop_stability_ac","corner=fsf; model_corner=fs; temp_c=27; vdd=2.0","PASS","PM_deg","41.4377","","","/home/vadim/work/eda-harness/ph2/ph2/ldo_dao_acceptance_suite/results/acceptance_full_sky130_corners_phase_fix/summary.txt"
"ldo_dao_acceptance_suite","GBW >= 100 kHz; PM >= 40 deg; GM >= 20 dB","loop_stability_ac","corner=fsf; model_corner=fs; temp_c=27; vdd=3.3","PASS","GM_dB","24.7366","","","/home/vadim/work/eda-harness/ph2/ph2/ldo_dao_acceptance_suite/results/acceptance_full_sky130_corners_phase_fix/summary.txt"
"ldo_dao_acceptance_suite","GBW >= 100 kHz; PM >= 40 deg; GM >= 20 dB","loop_stability_ac","corner=fsf; model_corner=fs; temp_c=27; vdd=3.3","PASS","GM_mode","0","","","/home/vadim/work/eda-harness/ph2/ph2/ldo_dao_acceptance_suite/results/acceptance_full_sky130_corners_phase_fix/summary.txt"
"ldo_dao_acceptance_suite","GBW >= 100 kHz; PM >= 40 deg; GM >= 20 dB","loop_stability_ac","corner=fsf; model_corner=fs; temp_c=27; vdd=3.3","PASS","GBW_Hz","2.05636E+06","","","/home/vadim/work/eda-harness/ph2/ph2/ldo_dao_acceptance_suite/results/acceptance_full_sky130_corners_phase_fix/summary.txt"
"ldo_dao_acceptance_suite","GBW >= 100 kHz; PM >= 40 deg; GM >= 20 dB","loop_stability_ac","corner=fsf; model_corner=fs; temp_c=27; vdd=3.3","FAIL","PM_deg","38.8026","PM_LOW","limit_min_deg=40","/home/vadim/work/eda-harness/ph2/ph2/ldo_dao_acceptance_suite/results/acceptance_full_sky130_corners_phase_fix/summary.txt"
"ldo_dao_acceptance_suite","GBW >= 100 kHz; PM >= 40 deg; GM >= 20 dB","loop_stability_ac","corner=fsf; model_corner=fs; temp_c=27; vdd=3.6","PASS","GM_dB","24.8635","","","/home/vadim/work/eda-harness/ph2/ph2/ldo_dao_acceptance_suite/results/acceptance_full_sky130_corners_phase_fix/summary.txt"
"ldo_dao_acceptance_suite","GBW >= 100 kHz; PM >= 40 deg; GM >= 20 dB","loop_stability_ac","corner=fsf; model_corner=fs; temp_c=27; vdd=3.6","PASS","GM_mode","0","","","/home/vadim/work/eda-harness/ph2/ph2/ldo_dao_acceptance_suite/results/acceptance_full_sky130_corners_phase_fix/summary.txt"
"ldo_dao_acceptance_suite","GBW >= 100 kHz; PM >= 40 deg; GM >= 20 dB","loop_stability_ac","corner=fsf; model_corner=fs; temp_c=27; vdd=3.6","PASS","GBW_Hz","2.05342E+06","","","/home/vadim/work/eda-harness/ph2/ph2/ldo_dao_acceptance_suite/results/acceptance_full_sky130_corners_phase_fix/summary.txt"
"ldo_dao_acceptance_suite","GBW >= 100 kHz; PM >= 40 deg; GM >= 20 dB","loop_stability_ac","corner=fsf; model_corner=fs; temp_c=27; vdd=3.6","FAIL","PM_deg","39.6249","PM_LOW","limit_min_deg=40","/home/vadim/work/eda-harness/ph2/ph2/ldo_dao_acceptance_suite/results/acceptance_full_sky130_corners_phase_fix/summary.txt"
"ldo_dao_acceptance_suite","GBW >= 100 kHz; PM >= 40 deg; GM >= 20 dB","loop_stability_ac","corner=fsf; model_corner=fs; temp_c=150; vdd=2.0","PASS","GM_dB","26.5379","","","/home/vadim/work/eda-harness/ph2/ph2/ldo_dao_acceptance_suite/results/acceptance_full_sky130_corners_phase_fix/summary.txt"
"ldo_dao_acceptance_suite","GBW >= 100 kHz; PM >= 40 deg; GM >= 20 dB","loop_stability_ac","corner=fsf; model_corner=fs; temp_c=150; vdd=2.0","PASS","GM_mode","0","","","/home/vadim/work/eda-harness/ph2/ph2/ldo_dao_acceptance_suite/results/acceptance_full_sky130_corners_phase_fix/summary.txt"
"ldo_dao_acceptance_suite","GBW >= 100 kHz; PM >= 40 deg; GM >= 20 dB","loop_stability_ac","corner=fsf; model_corner=fs; temp_c=150; vdd=2.0","PASS","GBW_Hz","1.61449E+06","","","/home/vadim/work/eda-harness/ph2/ph2/ldo_dao_acceptance_suite/results/acceptance_full_sky130_corners_phase_fix/summary.txt"
"ldo_dao_acceptance_suite","GBW >= 100 kHz; PM >= 40 deg; GM >= 20 dB","loop_stability_ac","corner=fsf; model_corner=fs; temp_c=150; vdd=2.0","PASS","PM_deg","45.2681","","","/home/vadim/work/eda-harness/ph2/ph2/ldo_dao_acceptance_suite/results/acceptance_full_sky130_corners_phase_fix/summary.txt"
"ldo_dao_acceptance_suite","GBW >= 100 kHz; PM >= 40 deg; GM >= 20 dB","loop_stability_ac","corner=fsf; model_corner=fs; temp_c=150; vdd=3.3","PASS","GM_dB","26.2333","","","/home/vadim/work/eda-harness/ph2/ph2/ldo_dao_acceptance_suite/results/acceptance_full_sky130_corners_phase_fix/summary.txt"
"ldo_dao_acceptance_suite","GBW >= 100 kHz; PM >= 40 deg; GM >= 20 dB","loop_stability_ac","corner=fsf; model_corner=fs; temp_c=150; vdd=3.3","PASS","GM_mode","0","","","/home/vadim/work/eda-harness/ph2/ph2/ldo_dao_acceptance_suite/results/acceptance_full_sky130_corners_phase_fix/summary.txt"
"ldo_dao_acceptance_suite","GBW >= 100 kHz; PM >= 40 deg; GM >= 20 dB","loop_stability_ac","corner=fsf; model_corner=fs; temp_c=150; vdd=3.3","PASS","GBW_Hz","1.67325E+06","","","/home/vadim/work/eda-harness/ph2/ph2/ldo_dao_acceptance_suite/results/acceptance_full_sky130_corners_phase_fix/summary.txt"
"ldo_dao_acceptance_suite","GBW >= 100 kHz; PM >= 40 deg; GM >= 20 dB","loop_stability_ac","corner=fsf; model_corner=fs; temp_c=150; vdd=3.3","PASS","PM_deg","43.4324","","","/home/vadim/work/eda-harness/ph2/ph2/ldo_dao_acceptance_suite/results/acceptance_full_sky130_corners_phase_fix/summary.txt"
"ldo_dao_acceptance_suite","GBW >= 100 kHz; PM >= 40 deg; GM >= 20 dB","loop_stability_ac","corner=fsf; model_corner=fs; temp_c=150; vdd=3.6","PASS","GM_dB","26.4194","","","/home/vadim/work/eda-harness/ph2/ph2/ldo_dao_acceptance_suite/results/acceptance_full_sky130_corners_phase_fix/summary.txt"
"ldo_dao_acceptance_suite","GBW >= 100 kHz; PM >= 40 deg; GM >= 20 dB","loop_stability_ac","corner=fsf; model_corner=fs; temp_c=150; vdd=3.6","PASS","GM_mode","0","","","/home/vadim/work/eda-harness/ph2/ph2/ldo_dao_acceptance_suite/results/acceptance_full_sky130_corners_phase_fix/summary.txt"
"ldo_dao_acceptance_suite","GBW >= 100 kHz; PM >= 40 deg; GM >= 20 dB","loop_stability_ac","corner=fsf; model_corner=fs; temp_c=150; vdd=3.6","PASS","GBW_Hz","1.6626E+06","","","/home/vadim/work/eda-harness/ph2/ph2/ldo_dao_acceptance_suite/results/acceptance_full_sky130_corners_phase_fix/summary.txt"
"ldo_dao_acceptance_suite","GBW >= 100 kHz; PM >= 40 deg; GM >= 20 dB","loop_stability_ac","corner=fsf; model_corner=fs; temp_c=150; vdd=3.6","PASS","PM_deg","44.7382","","","/home/vadim/work/eda-harness/ph2/ph2/ldo_dao_acceptance_suite/results/acceptance_full_sky130_corners_phase_fix/summary.txt"
"ldo_dao_acceptance_suite","Monte Carlo Vout statistics must be measurable and sigma <= 30 mV","vout_variation_mc","corner=fsf; model_corner=fs_mm; sample=1","PASS","Vout_V","1.20024","","","/home/vadim/work/eda-harness/ph2/ph2/ldo_dao_acceptance_suite/results/acceptance_full_sky130_corners_phase_fix/summary.txt"
"ldo_dao_acceptance_suite","Monte Carlo Vout statistics must be measurable and sigma <= 30 mV","vout_variation_mc","corner=fsf; model_corner=fs_mm; sample=2","PASS","Vout_V","1.19336","","","/home/vadim/work/eda-harness/ph2/ph2/ldo_dao_acceptance_suite/results/acceptance_full_sky130_corners_phase_fix/summary.txt"
"ldo_dao_acceptance_suite","Monte Carlo Vout statistics must be measurable and sigma <= 30 mV","vout_variation_mc","corner=fsf; model_corner=fs_mm; sample=3","PASS","Vout_V","1.1718","","","/home/vadim/work/eda-harness/ph2/ph2/ldo_dao_acceptance_suite/results/acceptance_full_sky130_corners_phase_fix/summary.txt"
"ldo_dao_acceptance_suite","Monte Carlo Vout statistics must be measurable and sigma <= 30 mV","vout_variation_mc","corner=fsf; model_corner=fs_mm; sample=4","PASS","Vout_V","1.21219","","","/home/vadim/work/eda-harness/ph2/ph2/ldo_dao_acceptance_suite/results/acceptance_full_sky130_corners_phase_fix/summary.txt"
"ldo_dao_acceptance_suite","Monte Carlo Vout statistics must be measurable and sigma <= 30 mV","vout_variation_mc","corner=fsf; model_corner=fs_mm; sample=5","PASS","Vout_V","1.1747","","","/home/vadim/work/eda-harness/ph2/ph2/ldo_dao_acceptance_suite/results/acceptance_full_sky130_corners_phase_fix/summary.txt"
"ldo_dao_acceptance_suite","Monte Carlo Vout statistics must be measurable and sigma <= 30 mV","vout_variation_mc","corner=fsf; model_corner=fs_mm; sample=6","PASS","Vout_V","1.21999","","","/home/vadim/work/eda-harness/ph2/ph2/ldo_dao_acceptance_suite/results/acceptance_full_sky130_corners_phase_fix/summary.txt"
"ldo_dao_acceptance_suite","Monte Carlo Vout statistics must be measurable and sigma <= 30 mV","vout_variation_mc","corner=fsf; model_corner=fs_mm; sample=7","PASS","Vout_V","1.1961","","","/home/vadim/work/eda-harness/ph2/ph2/ldo_dao_acceptance_suite/results/acceptance_full_sky130_corners_phase_fix/summary.txt"
"ldo_dao_acceptance_suite","Monte Carlo Vout statistics must be measurable and sigma <= 30 mV","vout_variation_mc","corner=fsf; model_corner=fs_mm; sample=8","PASS","Vout_V","1.20238","","","/home/vadim/work/eda-harness/ph2/ph2/ldo_dao_acceptance_suite/results/acceptance_full_sky130_corners_phase_fix/summary.txt"
"ldo_dao_acceptance_suite","Monte Carlo Vout statistics must be measurable and sigma <= 30 mV","vout_variation_mc","corner=fsf; model_corner=fs_mm; sample=9","PASS","Vout_V","1.20922","","","/home/vadim/work/eda-harness/ph2/ph2/ldo_dao_acceptance_suite/results/acceptance_full_sky130_corners_phase_fix/summary.txt"
"ldo_dao_acceptance_suite","Monte Carlo Vout statistics must be measurable and sigma <= 30 mV","vout_variation_mc","corner=fsf; model_corner=fs_mm; sample=10","PASS","Vout_V","1.19635","","","/home/vadim/work/eda-harness/ph2/ph2/ldo_dao_acceptance_suite/results/acceptance_full_sky130_corners_phase_fix/summary.txt"
"ldo_dao_acceptance_suite","Monte Carlo Vout statistics must be measurable and sigma <= 30 mV","vout_variation_mc","corner=fsf; model_corner=fs_mm; sample=11","PASS","Vout_V","1.18494","","","/home/vadim/work/eda-harness/ph2/ph2/ldo_dao_acceptance_suite/results/acceptance_full_sky130_corners_phase_fix/summary.txt"
"ldo_dao_acceptance_suite","Monte Carlo Vout statistics must be measurable and sigma <= 30 mV","vout_variation_mc","corner=fsf; model_corner=fs_mm; sample=12","PASS","Vout_V","1.19436","","","/home/vadim/work/eda-harness/ph2/ph2/ldo_dao_acceptance_suite/results/acceptance_full_sky130_corners_phase_fix/summary.txt"
"ldo_dao_acceptance_suite","Monte Carlo Vout statistics must be measurable and sigma <= 30 mV","vout_variation_mc","corner=fsf; model_corner=fs_mm; sample=13","PASS","Vout_V","1.22477","","","/home/vadim/work/eda-harness/ph2/ph2/ldo_dao_acceptance_suite/results/acceptance_full_sky130_corners_phase_fix/summary.txt"
"ldo_dao_acceptance_suite","Monte Carlo Vout statistics must be measurable and sigma <= 30 mV","vout_variation_mc","corner=fsf; model_corner=fs_mm; sample=14","PASS","Vout_V","1.20647","","","/home/vadim/work/eda-harness/ph2/ph2/ldo_dao_acceptance_suite/results/acceptance_full_sky130_corners_phase_fix/summary.txt"
"ldo_dao_acceptance_suite","Monte Carlo Vout statistics must be measurable and sigma <= 30 mV","vout_variation_mc","corner=fsf; model_corner=fs_mm; sample=15","PASS","Vout_V","1.19318","","","/home/vadim/work/eda-harness/ph2/ph2/ldo_dao_acceptance_suite/results/acceptance_full_sky130_corners_phase_fix/summary.txt"
"ldo_dao_acceptance_suite","Monte Carlo Vout statistics must be measurable and sigma <= 30 mV","vout_variation_mc","corner=fsf; model_corner=fs_mm; sample=16","PASS","Vout_V","1.1919","","","/home/vadim/work/eda-harness/ph2/ph2/ldo_dao_acceptance_suite/results/acceptance_full_sky130_corners_phase_fix/summary.txt"
"ldo_dao_acceptance_suite","Monte Carlo Vout statistics must be measurable and sigma <= 30 mV","vout_variation_mc","corner=fsf; model_corner=fs_mm; sample=17","PASS","Vout_V","1.21088","","","/home/vadim/work/eda-harness/ph2/ph2/ldo_dao_acceptance_suite/results/acceptance_full_sky130_corners_phase_fix/summary.txt"
"ldo_dao_acceptance_suite","Monte Carlo Vout statistics must be measurable and sigma <= 30 mV","vout_variation_mc","corner=fsf; model_corner=fs_mm; sample=18","PASS","Vout_V","1.19669","","","/home/vadim/work/eda-harness/ph2/ph2/ldo_dao_acceptance_suite/results/acceptance_full_sky130_corners_phase_fix/summary.txt"
"ldo_dao_acceptance_suite","Monte Carlo Vout statistics must be measurable and sigma <= 30 mV","vout_variation_mc","corner=fsf; model_corner=fs_mm; sample=19","PASS","Vout_V","1.20389","","","/home/vadim/work/eda-harness/ph2/ph2/ldo_dao_acceptance_suite/results/acceptance_full_sky130_corners_phase_fix/summary.txt"
"ldo_dao_acceptance_suite","Monte Carlo Vout statistics must be measurable and sigma <= 30 mV","vout_variation_mc","corner=fsf; model_corner=fs_mm; sample=20","PASS","Vout_V","1.21189","","","/home/vadim/work/eda-harness/ph2/ph2/ldo_dao_acceptance_suite/results/acceptance_full_sky130_corners_phase_fix/summary.txt"
"ldo_dao_acceptance_suite","Monte Carlo Vout statistics must be measurable and sigma <= 30 mV","vout_variation_mc","corner=fsf; model_corner=fs_mm; sample=21","PASS","Vout_V","1.23013","","","/home/vadim/work/eda-harness/ph2/ph2/ldo_dao_acceptance_suite/results/acceptance_full_sky130_corners_phase_fix/summary.txt"
"ldo_dao_acceptance_suite","Monte Carlo Vout statistics must be measurable and sigma <= 30 mV","vout_variation_mc","corner=fsf; model_corner=fs_mm; sample=22","PASS","Vout_V","1.21204","","","/home/vadim/work/eda-harness/ph2/ph2/ldo_dao_acceptance_suite/results/acceptance_full_sky130_corners_phase_fix/summary.txt"
"ldo_dao_acceptance_suite","Monte Carlo Vout statistics must be measurable and sigma <= 30 mV","vout_variation_mc","corner=fsf; model_corner=fs_mm; sample=23","PASS","Vout_V","1.18655","","","/home/vadim/work/eda-harness/ph2/ph2/ldo_dao_acceptance_suite/results/acceptance_full_sky130_corners_phase_fix/summary.txt"
"ldo_dao_acceptance_suite","Monte Carlo Vout statistics must be measurable and sigma <= 30 mV","vout_variation_mc","corner=fsf; model_corner=fs_mm; sample=24","PASS","Vout_V","1.19672","","","/home/vadim/work/eda-harness/ph2/ph2/ldo_dao_acceptance_suite/results/acceptance_full_sky130_corners_phase_fix/summary.txt"
"ldo_dao_acceptance_suite","Monte Carlo Vout statistics must be measurable and sigma <= 30 mV","vout_variation_mc","corner=fsf; model_corner=fs_mm; sample=25","PASS","Vout_V","1.15948","","","/home/vadim/work/eda-harness/ph2/ph2/ldo_dao_acceptance_suite/results/acceptance_full_sky130_corners_phase_fix/summary.txt"
"ldo_dao_acceptance_suite","Monte Carlo Vout statistics must be measurable and sigma <= 30 mV","vout_variation_mc","corner=fsf; model_corner=fs_mm; sample=26","PASS","Vout_V","1.18848","","","/home/vadim/work/eda-harness/ph2/ph2/ldo_dao_acceptance_suite/results/acceptance_full_sky130_corners_phase_fix/summary.txt"
"ldo_dao_acceptance_suite","Monte Carlo Vout statistics must be measurable and sigma <= 30 mV","vout_variation_mc","corner=fsf; model_corner=fs_mm; sample=27","PASS","Vout_V","1.19842","","","/home/vadim/work/eda-harness/ph2/ph2/ldo_dao_acceptance_suite/results/acceptance_full_sky130_corners_phase_fix/summary.txt"
"ldo_dao_acceptance_suite","Monte Carlo Vout statistics must be measurable and sigma <= 30 mV","vout_variation_mc","corner=fsf; model_corner=fs_mm; sample=28","PASS","Vout_V","1.21064","","","/home/vadim/work/eda-harness/ph2/ph2/ldo_dao_acceptance_suite/results/acceptance_full_sky130_corners_phase_fix/summary.txt"
"ldo_dao_acceptance_suite","Monte Carlo Vout statistics must be measurable and sigma <= 30 mV","vout_variation_mc","corner=fsf; model_corner=fs_mm; sample=29","PASS","Vout_V","1.18055","","","/home/vadim/work/eda-harness/ph2/ph2/ldo_dao_acceptance_suite/results/acceptance_full_sky130_corners_phase_fix/summary.txt"
"ldo_dao_acceptance_suite","Monte Carlo Vout statistics must be measurable and sigma <= 30 mV","vout_variation_mc","corner=fsf; model_corner=fs_mm; sample=30","PASS","Vout_V","1.17933","","","/home/vadim/work/eda-harness/ph2/ph2/ldo_dao_acceptance_suite/results/acceptance_full_sky130_corners_phase_fix/summary.txt"
"ldo_dao_acceptance_suite","Monte Carlo Vout statistics must be measurable and sigma <= 30 mV","vout_variation_mc","corner=fsf; model_corner=fs_mm; sample=31","PASS","Vout_V","1.21698","","","/home/vadim/work/eda-harness/ph2/ph2/ldo_dao_acceptance_suite/results/acceptance_full_sky130_corners_phase_fix/summary.txt"
"ldo_dao_acceptance_suite","Monte Carlo Vout statistics must be measurable and sigma <= 30 mV","vout_variation_mc","corner=fsf; model_corner=fs_mm; sample=32","PASS","Vout_V","1.20992","","","/home/vadim/work/eda-harness/ph2/ph2/ldo_dao_acceptance_suite/results/acceptance_full_sky130_corners_phase_fix/summary.txt"
"ldo_dao_acceptance_suite","Monte Carlo Vout statistics must be measurable and sigma <= 30 mV","vout_variation_mc","corner=fsf; model_corner=fs_mm; sample=33","PASS","Vout_V","1.18756","","","/home/vadim/work/eda-harness/ph2/ph2/ldo_dao_acceptance_suite/results/acceptance_full_sky130_corners_phase_fix/summary.txt"
"ldo_dao_acceptance_suite","Monte Carlo Vout statistics must be measurable and sigma <= 30 mV","vout_variation_mc","corner=fsf; model_corner=fs_mm; sample=34","PASS","Vout_V","1.19393","","","/home/vadim/work/eda-harness/ph2/ph2/ldo_dao_acceptance_suite/results/acceptance_full_sky130_corners_phase_fix/summary.txt"
"ldo_dao_acceptance_suite","Monte Carlo Vout statistics must be measurable and sigma <= 30 mV","vout_variation_mc","corner=fsf; model_corner=fs_mm; sample=35","PASS","Vout_V","1.18591","","","/home/vadim/work/eda-harness/ph2/ph2/ldo_dao_acceptance_suite/results/acceptance_full_sky130_corners_phase_fix/summary.txt"
"ldo_dao_acceptance_suite","Monte Carlo Vout statistics must be measurable and sigma <= 30 mV","vout_variation_mc","corner=fsf; model_corner=fs_mm; sample=36","PASS","Vout_V","1.22387","","","/home/vadim/work/eda-harness/ph2/ph2/ldo_dao_acceptance_suite/results/acceptance_full_sky130_corners_phase_fix/summary.txt"
"ldo_dao_acceptance_suite","Monte Carlo Vout statistics must be measurable and sigma <= 30 mV","vout_variation_mc","corner=fsf; model_corner=fs_mm; sample=37","PASS","Vout_V","1.19638","","","/home/vadim/work/eda-harness/ph2/ph2/ldo_dao_acceptance_suite/results/acceptance_full_sky130_corners_phase_fix/summary.txt"
"ldo_dao_acceptance_suite","Monte Carlo Vout statistics must be measurable and sigma <= 30 mV","vout_variation_mc","corner=fsf; model_corner=fs_mm; sample=38","PASS","Vout_V","1.22371","","","/home/vadim/work/eda-harness/ph2/ph2/ldo_dao_acceptance_suite/results/acceptance_full_sky130_corners_phase_fix/summary.txt"
"ldo_dao_acceptance_suite","Monte Carlo Vout statistics must be measurable and sigma <= 30 mV","vout_variation_mc","corner=fsf; model_corner=fs_mm; sample=39","PASS","Vout_V","1.18899","","","/home/vadim/work/eda-harness/ph2/ph2/ldo_dao_acceptance_suite/results/acceptance_full_sky130_corners_phase_fix/summary.txt"
"ldo_dao_acceptance_suite","Monte Carlo Vout statistics must be measurable and sigma <= 30 mV","vout_variation_mc","corner=fsf; model_corner=fs_mm; sample=40","PASS","Vout_V","1.15657","","","/home/vadim/work/eda-harness/ph2/ph2/ldo_dao_acceptance_suite/results/acceptance_full_sky130_corners_phase_fix/summary.txt"
"ldo_dao_acceptance_suite","Monte Carlo Vout statistics must be measurable and sigma <= 30 mV","vout_variation_mc","corner=fsf; model_corner=fs_mm; sample=41","PASS","Vout_V","1.1984","","","/home/vadim/work/eda-harness/ph2/ph2/ldo_dao_acceptance_suite/results/acceptance_full_sky130_corners_phase_fix/summary.txt"
"ldo_dao_acceptance_suite","Monte Carlo Vout statistics must be measurable and sigma <= 30 mV","vout_variation_mc","corner=fsf; model_corner=fs_mm; sample=42","PASS","Vout_V","1.19626","","","/home/vadim/work/eda-harness/ph2/ph2/ldo_dao_acceptance_suite/results/acceptance_full_sky130_corners_phase_fix/summary.txt"
"ldo_dao_acceptance_suite","Monte Carlo Vout statistics must be measurable and sigma <= 30 mV","vout_variation_mc","corner=fsf; model_corner=fs_mm; sample=43","PASS","Vout_V","1.16352","","","/home/vadim/work/eda-harness/ph2/ph2/ldo_dao_acceptance_suite/results/acceptance_full_sky130_corners_phase_fix/summary.txt"
"ldo_dao_acceptance_suite","Monte Carlo Vout statistics must be measurable and sigma <= 30 mV","vout_variation_mc","corner=fsf; model_corner=fs_mm; sample=44","PASS","Vout_V","1.20247","","","/home/vadim/work/eda-harness/ph2/ph2/ldo_dao_acceptance_suite/results/acceptance_full_sky130_corners_phase_fix/summary.txt"
"ldo_dao_acceptance_suite","Monte Carlo Vout statistics must be measurable and sigma <= 30 mV","vout_variation_mc","corner=fsf; model_corner=fs_mm; sample=45","PASS","Vout_V","1.16799","","","/home/vadim/work/eda-harness/ph2/ph2/ldo_dao_acceptance_suite/results/acceptance_full_sky130_corners_phase_fix/summary.txt"
"ldo_dao_acceptance_suite","Monte Carlo Vout statistics must be measurable and sigma <= 30 mV","vout_variation_mc","corner=fsf; model_corner=fs_mm; sample=46","PASS","Vout_V","1.15985","","","/home/vadim/work/eda-harness/ph2/ph2/ldo_dao_acceptance_suite/results/acceptance_full_sky130_corners_phase_fix/summary.txt"
"ldo_dao_acceptance_suite","Monte Carlo Vout statistics must be measurable and sigma <= 30 mV","vout_variation_mc","corner=fsf; model_corner=fs_mm; sample=47","PASS","Vout_V","1.18207","","","/home/vadim/work/eda-harness/ph2/ph2/ldo_dao_acceptance_suite/results/acceptance_full_sky130_corners_phase_fix/summary.txt"
"ldo_dao_acceptance_suite","Monte Carlo Vout statistics must be measurable and sigma <= 30 mV","vout_variation_mc","corner=fsf; model_corner=fs_mm; sample=48","PASS","Vout_V","1.18471","","","/home/vadim/work/eda-harness/ph2/ph2/ldo_dao_acceptance_suite/results/acceptance_full_sky130_corners_phase_fix/summary.txt"
"ldo_dao_acceptance_suite","Monte Carlo Vout statistics must be measurable and sigma <= 30 mV","vout_variation_mc","corner=fsf; model_corner=fs_mm; sample=49","PASS","Vout_V","1.19842","","","/home/vadim/work/eda-harness/ph2/ph2/ldo_dao_acceptance_suite/results/acceptance_full_sky130_corners_phase_fix/summary.txt"
"ldo_dao_acceptance_suite","Monte Carlo Vout statistics must be measurable and sigma <= 30 mV","vout_variation_mc","corner=fsf; model_corner=fs_mm; sample=50","PASS","Vout_V","1.21225","","","/home/vadim/work/eda-harness/ph2/ph2/ldo_dao_acceptance_suite/results/acceptance_full_sky130_corners_phase_fix/summary.txt"
"ldo_dao_acceptance_suite","Monte Carlo Vout statistics must be measurable and sigma <= 30 mV","vout_variation_mc","corner=fsf; model_corner=fs_mm; samples=50","PASS","mean_V","1.19575","","","/home/vadim/work/eda-harness/ph2/ph2/ldo_dao_acceptance_suite/results/acceptance_full_sky130_corners_phase_fix/summary.txt"
"ldo_dao_acceptance_suite","Monte Carlo Vout statistics must be measurable and sigma <= 30 mV","vout_variation_mc","corner=fsf; model_corner=fs_mm; samples=50","PASS","sigma_mV","17.3908","","","/home/vadim/work/eda-harness/ph2/ph2/ldo_dao_acceptance_suite/results/acceptance_full_sky130_corners_phase_fix/summary.txt"
"ldo_dao_acceptance_suite","1.08 V <= Vout <= 1.32 V; Iq <= 3 uA","dc_iq","corner=sff; model_corner=sf; sweep=PVT; temp_c=-40; vdd=2.0; vref=0.80; ibias_A=400e-9; iload_A=0","PASS","Iin_total_uA","11.0678","","","/home/vadim/work/eda-harness/ph2/ph2/ldo_dao_acceptance_suite/results/acceptance_full_sky130_corners_phase_fix/summary.txt"
"ldo_dao_acceptance_suite","1.08 V <= Vout <= 1.32 V; Iq <= 3 uA","dc_iq","corner=sff; model_corner=sf; sweep=PVT; temp_c=-40; vdd=2.0; vref=0.80; ibias_A=400e-9; iload_A=0","PASS","Vout_V","1.19675","","","/home/vadim/work/eda-harness/ph2/ph2/ldo_dao_acceptance_suite/results/acceptance_full_sky130_corners_phase_fix/summary.txt"
"ldo_dao_acceptance_suite","1.08 V <= Vout <= 1.32 V; Iq <= 3 uA","dc_iq","corner=sff; model_corner=sf; sweep=PVT; temp_c=-40; vdd=2.0; vref=0.80; ibias_A=400e-9; iload_A=0","FAIL","Iq_uA","11.0678","IQ_HIGH","limit_max_uA=3.0","/home/vadim/work/eda-harness/ph2/ph2/ldo_dao_acceptance_suite/results/acceptance_full_sky130_corners_phase_fix/summary.txt"
"ldo_dao_acceptance_suite","1.08 V <= Vout <= 1.32 V; Iq <= 3 uA","dc_iq","corner=sff; model_corner=sf; sweep=PVT; temp_c=-40; vdd=2.0; vref=0.80; ibias_A=400e-9; iload_A=1.5E-05","PASS","Iin_total_uA","26.0488","","","/home/vadim/work/eda-harness/ph2/ph2/ldo_dao_acceptance_suite/results/acceptance_full_sky130_corners_phase_fix/summary.txt"
"ldo_dao_acceptance_suite","1.08 V <= Vout <= 1.32 V; Iq <= 3 uA","dc_iq","corner=sff; model_corner=sf; sweep=PVT; temp_c=-40; vdd=2.0; vref=0.80; ibias_A=400e-9; iload_A=1.5E-05","PASS","Vout_V","1.19452","","","/home/vadim/work/eda-harness/ph2/ph2/ldo_dao_acceptance_suite/results/acceptance_full_sky130_corners_phase_fix/summary.txt"
"ldo_dao_acceptance_suite","1.08 V <= Vout <= 1.32 V; Iq <= 3 uA","dc_iq","corner=sff; model_corner=sf; sweep=PVT; temp_c=-40; vdd=2.0; vref=0.80; ibias_A=400e-9; iload_A=1.5E-05","PASS","Iq_uA","11.0488","","","/home/vadim/work/eda-harness/ph2/ph2/ldo_dao_acceptance_suite/results/acceptance_full_sky130_corners_phase_fix/summary.txt"
"ldo_dao_acceptance_suite","1.08 V <= Vout <= 1.32 V; Iq <= 3 uA","dc_iq","corner=sff; model_corner=sf; sweep=PVT; temp_c=-40; vdd=3.3; vref=0.80; ibias_A=400e-9; iload_A=0","PASS","Iin_total_uA","11.0771","","","/home/vadim/work/eda-harness/ph2/ph2/ldo_dao_acceptance_suite/results/acceptance_full_sky130_corners_phase_fix/summary.txt"
"ldo_dao_acceptance_suite","1.08 V <= Vout <= 1.32 V; Iq <= 3 uA","dc_iq","corner=sff; model_corner=sf; sweep=PVT; temp_c=-40; vdd=3.3; vref=0.80; ibias_A=400e-9; iload_A=0","PASS","Vout_V","1.19728","","","/home/vadim/work/eda-harness/ph2/ph2/ldo_dao_acceptance_suite/results/acceptance_full_sky130_corners_phase_fix/summary.txt"
"ldo_dao_acceptance_suite","1.08 V <= Vout <= 1.32 V; Iq <= 3 uA","dc_iq","corner=sff; model_corner=sf; sweep=PVT; temp_c=-40; vdd=3.3; vref=0.80; ibias_A=400e-9; iload_A=0","FAIL","Iq_uA","11.0771","IQ_HIGH","limit_max_uA=3.0","/home/vadim/work/eda-harness/ph2/ph2/ldo_dao_acceptance_suite/results/acceptance_full_sky130_corners_phase_fix/summary.txt"
"ldo_dao_acceptance_suite","1.08 V <= Vout <= 1.32 V; Iq <= 3 uA","dc_iq","corner=sff; model_corner=sf; sweep=PVT; temp_c=-40; vdd=3.3; vref=0.80; ibias_A=400e-9; iload_A=1.5E-05","PASS","Iin_total_uA","26.0606","","","/home/vadim/work/eda-harness/ph2/ph2/ldo_dao_acceptance_suite/results/acceptance_full_sky130_corners_phase_fix/summary.txt"
"ldo_dao_acceptance_suite","1.08 V <= Vout <= 1.32 V; Iq <= 3 uA","dc_iq","corner=sff; model_corner=sf; sweep=PVT; temp_c=-40; vdd=3.3; vref=0.80; ibias_A=400e-9; iload_A=1.5E-05","PASS","Vout_V","1.19536","","","/home/vadim/work/eda-harness/ph2/ph2/ldo_dao_acceptance_suite/results/acceptance_full_sky130_corners_phase_fix/summary.txt"
"ldo_dao_acceptance_suite","1.08 V <= Vout <= 1.32 V; Iq <= 3 uA","dc_iq","corner=sff; model_corner=sf; sweep=PVT; temp_c=-40; vdd=3.3; vref=0.80; ibias_A=400e-9; iload_A=1.5E-05","PASS","Iq_uA","11.0606","","","/home/vadim/work/eda-harness/ph2/ph2/ldo_dao_acceptance_suite/results/acceptance_full_sky130_corners_phase_fix/summary.txt"
"ldo_dao_acceptance_suite","1.08 V <= Vout <= 1.32 V; Iq <= 3 uA","dc_iq","corner=sff; model_corner=sf; sweep=PVT; temp_c=-40; vdd=3.6; vref=0.80; ibias_A=400e-9; iload_A=0","PASS","Iin_total_uA","11.0812","","","/home/vadim/work/eda-harness/ph2/ph2/ldo_dao_acceptance_suite/results/acceptance_full_sky130_corners_phase_fix/summary.txt"
"ldo_dao_acceptance_suite","1.08 V <= Vout <= 1.32 V; Iq <= 3 uA","dc_iq","corner=sff; model_corner=sf; sweep=PVT; temp_c=-40; vdd=3.6; vref=0.80; ibias_A=400e-9; iload_A=0","PASS","Vout_V","1.19729","","","/home/vadim/work/eda-harness/ph2/ph2/ldo_dao_acceptance_suite/results/acceptance_full_sky130_corners_phase_fix/summary.txt"
"ldo_dao_acceptance_suite","1.08 V <= Vout <= 1.32 V; Iq <= 3 uA","dc_iq","corner=sff; model_corner=sf; sweep=PVT; temp_c=-40; vdd=3.6; vref=0.80; ibias_A=400e-9; iload_A=0","FAIL","Iq_uA","11.0812","IQ_HIGH","limit_max_uA=3.0","/home/vadim/work/eda-harness/ph2/ph2/ldo_dao_acceptance_suite/results/acceptance_full_sky130_corners_phase_fix/summary.txt"
"ldo_dao_acceptance_suite","1.08 V <= Vout <= 1.32 V; Iq <= 3 uA","dc_iq","corner=sff; model_corner=sf; sweep=PVT; temp_c=-40; vdd=3.6; vref=0.80; ibias_A=400e-9; iload_A=1.5E-05","PASS","Iin_total_uA","26.0643","","","/home/vadim/work/eda-harness/ph2/ph2/ldo_dao_acceptance_suite/results/acceptance_full_sky130_corners_phase_fix/summary.txt"
"ldo_dao_acceptance_suite","1.08 V <= Vout <= 1.32 V; Iq <= 3 uA","dc_iq","corner=sff; model_corner=sf; sweep=PVT; temp_c=-40; vdd=3.6; vref=0.80; ibias_A=400e-9; iload_A=1.5E-05","PASS","Vout_V","1.19536","","","/home/vadim/work/eda-harness/ph2/ph2/ldo_dao_acceptance_suite/results/acceptance_full_sky130_corners_phase_fix/summary.txt"
"ldo_dao_acceptance_suite","1.08 V <= Vout <= 1.32 V; Iq <= 3 uA","dc_iq","corner=sff; model_corner=sf; sweep=PVT; temp_c=-40; vdd=3.6; vref=0.80; ibias_A=400e-9; iload_A=1.5E-05","PASS","Iq_uA","11.0643","","","/home/vadim/work/eda-harness/ph2/ph2/ldo_dao_acceptance_suite/results/acceptance_full_sky130_corners_phase_fix/summary.txt"
"ldo_dao_acceptance_suite","1.08 V <= Vout <= 1.32 V; Iq <= 3 uA","dc_iq","corner=sff; model_corner=sf; sweep=PVT; temp_c=27; vdd=2.0; vref=0.80; ibias_A=400e-9; iload_A=0","PASS","Iin_total_uA","11.0983","","","/home/vadim/work/eda-harness/ph2/ph2/ldo_dao_acceptance_suite/results/acceptance_full_sky130_corners_phase_fix/summary.txt"
"ldo_dao_acceptance_suite","1.08 V <= Vout <= 1.32 V; Iq <= 3 uA","dc_iq","corner=sff; model_corner=sf; sweep=PVT; temp_c=27; vdd=2.0; vref=0.80; ibias_A=400e-9; iload_A=0","PASS","Vout_V","1.19617","","","/home/vadim/work/eda-harness/ph2/ph2/ldo_dao_acceptance_suite/results/acceptance_full_sky130_corners_phase_fix/summary.txt"
"ldo_dao_acceptance_suite","1.08 V <= Vout <= 1.32 V; Iq <= 3 uA","dc_iq","corner=sff; model_corner=sf; sweep=PVT; temp_c=27; vdd=2.0; vref=0.80; ibias_A=400e-9; iload_A=0","FAIL","Iq_uA","11.0983","IQ_HIGH","limit_max_uA=3.0","/home/vadim/work/eda-harness/ph2/ph2/ldo_dao_acceptance_suite/results/acceptance_full_sky130_corners_phase_fix/summary.txt"
"ldo_dao_acceptance_suite","1.08 V <= Vout <= 1.32 V; Iq <= 3 uA","dc_iq","corner=sff; model_corner=sf; sweep=PVT; temp_c=27; vdd=2.0; vref=0.80; ibias_A=400e-9; iload_A=1.5E-05","PASS","Iin_total_uA","26.0763","","","/home/vadim/work/eda-harness/ph2/ph2/ldo_dao_acceptance_suite/results/acceptance_full_sky130_corners_phase_fix/summary.txt"
"ldo_dao_acceptance_suite","1.08 V <= Vout <= 1.32 V; Iq <= 3 uA","dc_iq","corner=sff; model_corner=sf; sweep=PVT; temp_c=27; vdd=2.0; vref=0.80; ibias_A=400e-9; iload_A=1.5E-05","PASS","Vout_V","1.19356","","","/home/vadim/work/eda-harness/ph2/ph2/ldo_dao_acceptance_suite/results/acceptance_full_sky130_corners_phase_fix/summary.txt"
"ldo_dao_acceptance_suite","1.08 V <= Vout <= 1.32 V; Iq <= 3 uA","dc_iq","corner=sff; model_corner=sf; sweep=PVT; temp_c=27; vdd=2.0; vref=0.80; ibias_A=400e-9; iload_A=1.5E-05","PASS","Iq_uA","11.0763","","","/home/vadim/work/eda-harness/ph2/ph2/ldo_dao_acceptance_suite/results/acceptance_full_sky130_corners_phase_fix/summary.txt"
"ldo_dao_acceptance_suite","1.08 V <= Vout <= 1.32 V; Iq <= 3 uA","dc_iq","corner=sff; model_corner=sf; sweep=PVT; temp_c=27; vdd=3.3; vref=0.80; ibias_A=400e-9; iload_A=0","PASS","Iin_total_uA","11.1077","","","/home/vadim/work/eda-harness/ph2/ph2/ldo_dao_acceptance_suite/results/acceptance_full_sky130_corners_phase_fix/summary.txt"
"ldo_dao_acceptance_suite","1.08 V <= Vout <= 1.32 V; Iq <= 3 uA","dc_iq","corner=sff; model_corner=sf; sweep=PVT; temp_c=27; vdd=3.3; vref=0.80; ibias_A=400e-9; iload_A=0","PASS","Vout_V","1.19674","","","/home/vadim/work/eda-harness/ph2/ph2/ldo_dao_acceptance_suite/results/acceptance_full_sky130_corners_phase_fix/summary.txt"
"ldo_dao_acceptance_suite","1.08 V <= Vout <= 1.32 V; Iq <= 3 uA","dc_iq","corner=sff; model_corner=sf; sweep=PVT; temp_c=27; vdd=3.3; vref=0.80; ibias_A=400e-9; iload_A=0","FAIL","Iq_uA","11.1077","IQ_HIGH","limit_max_uA=3.0","/home/vadim/work/eda-harness/ph2/ph2/ldo_dao_acceptance_suite/results/acceptance_full_sky130_corners_phase_fix/summary.txt"
"ldo_dao_acceptance_suite","1.08 V <= Vout <= 1.32 V; Iq <= 3 uA","dc_iq","corner=sff; model_corner=sf; sweep=PVT; temp_c=27; vdd=3.3; vref=0.80; ibias_A=400e-9; iload_A=1.5E-05","PASS","Iin_total_uA","26.0885","","","/home/vadim/work/eda-harness/ph2/ph2/ldo_dao_acceptance_suite/results/acceptance_full_sky130_corners_phase_fix/summary.txt"
"ldo_dao_acceptance_suite","1.08 V <= Vout <= 1.32 V; Iq <= 3 uA","dc_iq","corner=sff; model_corner=sf; sweep=PVT; temp_c=27; vdd=3.3; vref=0.80; ibias_A=400e-9; iload_A=1.5E-05","PASS","Vout_V","1.19449","","","/home/vadim/work/eda-harness/ph2/ph2/ldo_dao_acceptance_suite/results/acceptance_full_sky130_corners_phase_fix/summary.txt"
"ldo_dao_acceptance_suite","1.08 V <= Vout <= 1.32 V; Iq <= 3 uA","dc_iq","corner=sff; model_corner=sf; sweep=PVT; temp_c=27; vdd=3.3; vref=0.80; ibias_A=400e-9; iload_A=1.5E-05","PASS","Iq_uA","11.0885","","","/home/vadim/work/eda-harness/ph2/ph2/ldo_dao_acceptance_suite/results/acceptance_full_sky130_corners_phase_fix/summary.txt"
"ldo_dao_acceptance_suite","1.08 V <= Vout <= 1.32 V; Iq <= 3 uA","dc_iq","corner=sff; model_corner=sf; sweep=PVT; temp_c=27; vdd=3.6; vref=0.80; ibias_A=400e-9; iload_A=0","PASS","Iin_total_uA","11.1121","","","/home/vadim/work/eda-harness/ph2/ph2/ldo_dao_acceptance_suite/results/acceptance_full_sky130_corners_phase_fix/summary.txt"
"ldo_dao_acceptance_suite","1.08 V <= Vout <= 1.32 V; Iq <= 3 uA","dc_iq","corner=sff; model_corner=sf; sweep=PVT; temp_c=27; vdd=3.6; vref=0.80; ibias_A=400e-9; iload_A=0","PASS","Vout_V","1.19674","","","/home/vadim/work/eda-harness/ph2/ph2/ldo_dao_acceptance_suite/results/acceptance_full_sky130_corners_phase_fix/summary.txt"
"ldo_dao_acceptance_suite","1.08 V <= Vout <= 1.32 V; Iq <= 3 uA","dc_iq","corner=sff; model_corner=sf; sweep=PVT; temp_c=27; vdd=3.6; vref=0.80; ibias_A=400e-9; iload_A=0","FAIL","Iq_uA","11.1121","IQ_HIGH","limit_max_uA=3.0","/home/vadim/work/eda-harness/ph2/ph2/ldo_dao_acceptance_suite/results/acceptance_full_sky130_corners_phase_fix/summary.txt"
"ldo_dao_acceptance_suite","1.08 V <= Vout <= 1.32 V; Iq <= 3 uA","dc_iq","corner=sff; model_corner=sf; sweep=PVT; temp_c=27; vdd=3.6; vref=0.80; ibias_A=400e-9; iload_A=1.5E-05","PASS","Iin_total_uA","26.0922","","","/home/vadim/work/eda-harness/ph2/ph2/ldo_dao_acceptance_suite/results/acceptance_full_sky130_corners_phase_fix/summary.txt"
"ldo_dao_acceptance_suite","1.08 V <= Vout <= 1.32 V; Iq <= 3 uA","dc_iq","corner=sff; model_corner=sf; sweep=PVT; temp_c=27; vdd=3.6; vref=0.80; ibias_A=400e-9; iload_A=1.5E-05","PASS","Vout_V","1.19447","","","/home/vadim/work/eda-harness/ph2/ph2/ldo_dao_acceptance_suite/results/acceptance_full_sky130_corners_phase_fix/summary.txt"
"ldo_dao_acceptance_suite","1.08 V <= Vout <= 1.32 V; Iq <= 3 uA","dc_iq","corner=sff; model_corner=sf; sweep=PVT; temp_c=27; vdd=3.6; vref=0.80; ibias_A=400e-9; iload_A=1.5E-05","PASS","Iq_uA","11.0922","","","/home/vadim/work/eda-harness/ph2/ph2/ldo_dao_acceptance_suite/results/acceptance_full_sky130_corners_phase_fix/summary.txt"
"ldo_dao_acceptance_suite","1.08 V <= Vout <= 1.32 V; Iq <= 3 uA","dc_iq","corner=sff; model_corner=sf; sweep=PVT; temp_c=150; vdd=2.0; vref=0.80; ibias_A=400e-9; iload_A=0","PASS","Iin_total_uA","11.1278","","","/home/vadim/work/eda-harness/ph2/ph2/ldo_dao_acceptance_suite/results/acceptance_full_sky130_corners_phase_fix/summary.txt"
"ldo_dao_acceptance_suite","1.08 V <= Vout <= 1.32 V; Iq <= 3 uA","dc_iq","corner=sff; model_corner=sf; sweep=PVT; temp_c=150; vdd=2.0; vref=0.80; ibias_A=400e-9; iload_A=0","PASS","Vout_V","1.19507","","","/home/vadim/work/eda-harness/ph2/ph2/ldo_dao_acceptance_suite/results/acceptance_full_sky130_corners_phase_fix/summary.txt"
"ldo_dao_acceptance_suite","1.08 V <= Vout <= 1.32 V; Iq <= 3 uA","dc_iq","corner=sff; model_corner=sf; sweep=PVT; temp_c=150; vdd=2.0; vref=0.80; ibias_A=400e-9; iload_A=0","FAIL","Iq_uA","11.1278","IQ_HIGH","limit_max_uA=3.0","/home/vadim/work/eda-harness/ph2/ph2/ldo_dao_acceptance_suite/results/acceptance_full_sky130_corners_phase_fix/summary.txt"
"ldo_dao_acceptance_suite","1.08 V <= Vout <= 1.32 V; Iq <= 3 uA","dc_iq","corner=sff; model_corner=sf; sweep=PVT; temp_c=150; vdd=2.0; vref=0.80; ibias_A=400e-9; iload_A=1.5E-05","PASS","Iin_total_uA","26.0995","","","/home/vadim/work/eda-harness/ph2/ph2/ldo_dao_acceptance_suite/results/acceptance_full_sky130_corners_phase_fix/summary.txt"
"ldo_dao_acceptance_suite","1.08 V <= Vout <= 1.32 V; Iq <= 3 uA","dc_iq","corner=sff; model_corner=sf; sweep=PVT; temp_c=150; vdd=2.0; vref=0.80; ibias_A=400e-9; iload_A=1.5E-05","PASS","Vout_V","1.1917","","","/home/vadim/work/eda-harness/ph2/ph2/ldo_dao_acceptance_suite/results/acceptance_full_sky130_corners_phase_fix/summary.txt"
"ldo_dao_acceptance_suite","1.08 V <= Vout <= 1.32 V; Iq <= 3 uA","dc_iq","corner=sff; model_corner=sf; sweep=PVT; temp_c=150; vdd=2.0; vref=0.80; ibias_A=400e-9; iload_A=1.5E-05","PASS","Iq_uA","11.0995","","","/home/vadim/work/eda-harness/ph2/ph2/ldo_dao_acceptance_suite/results/acceptance_full_sky130_corners_phase_fix/summary.txt"
"ldo_dao_acceptance_suite","1.08 V <= Vout <= 1.32 V; Iq <= 3 uA","dc_iq","corner=sff; model_corner=sf; sweep=PVT; temp_c=150; vdd=3.3; vref=0.80; ibias_A=400e-9; iload_A=0","PASS","Iin_total_uA","11.1383","","","/home/vadim/work/eda-harness/ph2/ph2/ldo_dao_acceptance_suite/results/acceptance_full_sky130_corners_phase_fix/summary.txt"
"ldo_dao_acceptance_suite","1.08 V <= Vout <= 1.32 V; Iq <= 3 uA","dc_iq","corner=sff; model_corner=sf; sweep=PVT; temp_c=150; vdd=3.3; vref=0.80; ibias_A=400e-9; iload_A=0","PASS","Vout_V","1.19569","","","/home/vadim/work/eda-harness/ph2/ph2/ldo_dao_acceptance_suite/results/acceptance_full_sky130_corners_phase_fix/summary.txt"
"ldo_dao_acceptance_suite","1.08 V <= Vout <= 1.32 V; Iq <= 3 uA","dc_iq","corner=sff; model_corner=sf; sweep=PVT; temp_c=150; vdd=3.3; vref=0.80; ibias_A=400e-9; iload_A=0","FAIL","Iq_uA","11.1383","IQ_HIGH","limit_max_uA=3.0","/home/vadim/work/eda-harness/ph2/ph2/ldo_dao_acceptance_suite/results/acceptance_full_sky130_corners_phase_fix/summary.txt"
"ldo_dao_acceptance_suite","1.08 V <= Vout <= 1.32 V; Iq <= 3 uA","dc_iq","corner=sff; model_corner=sf; sweep=PVT; temp_c=150; vdd=3.3; vref=0.80; ibias_A=400e-9; iload_A=1.5E-05","PASS","Iin_total_uA","26.113","","","/home/vadim/work/eda-harness/ph2/ph2/ldo_dao_acceptance_suite/results/acceptance_full_sky130_corners_phase_fix/summary.txt"
"ldo_dao_acceptance_suite","1.08 V <= Vout <= 1.32 V; Iq <= 3 uA","dc_iq","corner=sff; model_corner=sf; sweep=PVT; temp_c=150; vdd=3.3; vref=0.80; ibias_A=400e-9; iload_A=1.5E-05","PASS","Vout_V","1.19274","","","/home/vadim/work/eda-harness/ph2/ph2/ldo_dao_acceptance_suite/results/acceptance_full_sky130_corners_phase_fix/summary.txt"
"ldo_dao_acceptance_suite","1.08 V <= Vout <= 1.32 V; Iq <= 3 uA","dc_iq","corner=sff; model_corner=sf; sweep=PVT; temp_c=150; vdd=3.3; vref=0.80; ibias_A=400e-9; iload_A=1.5E-05","PASS","Iq_uA","11.113","","","/home/vadim/work/eda-harness/ph2/ph2/ldo_dao_acceptance_suite/results/acceptance_full_sky130_corners_phase_fix/summary.txt"
"ldo_dao_acceptance_suite","1.08 V <= Vout <= 1.32 V; Iq <= 3 uA","dc_iq","corner=sff; model_corner=sf; sweep=PVT; temp_c=150; vdd=3.6; vref=0.80; ibias_A=400e-9; iload_A=0","PASS","Iin_total_uA","11.1435","","","/home/vadim/work/eda-harness/ph2/ph2/ldo_dao_acceptance_suite/results/acceptance_full_sky130_corners_phase_fix/summary.txt"
"ldo_dao_acceptance_suite","1.08 V <= Vout <= 1.32 V; Iq <= 3 uA","dc_iq","corner=sff; model_corner=sf; sweep=PVT; temp_c=150; vdd=3.6; vref=0.80; ibias_A=400e-9; iload_A=0","PASS","Vout_V","1.19564","","","/home/vadim/work/eda-harness/ph2/ph2/ldo_dao_acceptance_suite/results/acceptance_full_sky130_corners_phase_fix/summary.txt"
"ldo_dao_acceptance_suite","1.08 V <= Vout <= 1.32 V; Iq <= 3 uA","dc_iq","corner=sff; model_corner=sf; sweep=PVT; temp_c=150; vdd=3.6; vref=0.80; ibias_A=400e-9; iload_A=0","FAIL","Iq_uA","11.1435","IQ_HIGH","limit_max_uA=3.0","/home/vadim/work/eda-harness/ph2/ph2/ldo_dao_acceptance_suite/results/acceptance_full_sky130_corners_phase_fix/summary.txt"
"ldo_dao_acceptance_suite","1.08 V <= Vout <= 1.32 V; Iq <= 3 uA","dc_iq","corner=sff; model_corner=sf; sweep=PVT; temp_c=150; vdd=3.6; vref=0.80; ibias_A=400e-9; iload_A=1.5E-05","PASS","Iin_total_uA","26.1172","","","/home/vadim/work/eda-harness/ph2/ph2/ldo_dao_acceptance_suite/results/acceptance_full_sky130_corners_phase_fix/summary.txt"
"ldo_dao_acceptance_suite","1.08 V <= Vout <= 1.32 V; Iq <= 3 uA","dc_iq","corner=sff; model_corner=sf; sweep=PVT; temp_c=150; vdd=3.6; vref=0.80; ibias_A=400e-9; iload_A=1.5E-05","PASS","Vout_V","1.19263","","","/home/vadim/work/eda-harness/ph2/ph2/ldo_dao_acceptance_suite/results/acceptance_full_sky130_corners_phase_fix/summary.txt"
"ldo_dao_acceptance_suite","1.08 V <= Vout <= 1.32 V; Iq <= 3 uA","dc_iq","corner=sff; model_corner=sf; sweep=PVT; temp_c=150; vdd=3.6; vref=0.80; ibias_A=400e-9; iload_A=1.5E-05","PASS","Iq_uA","11.1172","","","/home/vadim/work/eda-harness/ph2/ph2/ldo_dao_acceptance_suite/results/acceptance_full_sky130_corners_phase_fix/summary.txt"
"ldo_dao_acceptance_suite","1.08 V <= Vout <= 1.32 V; Iq <= 3 uA","dc_iq","corner=sff; model_corner=sf; sweep=VREF; temp_c=27; vdd=3.3; vref=0.72; ibias_A=400e-9; iload_A=0","PASS","Iin_total_uA","10.0889","","","/home/vadim/work/eda-harness/ph2/ph2/ldo_dao_acceptance_suite/results/acceptance_full_sky130_corners_phase_fix/summary.txt"
"ldo_dao_acceptance_suite","1.08 V <= Vout <= 1.32 V; Iq <= 3 uA","dc_iq","corner=sff; model_corner=sf; sweep=VREF; temp_c=27; vdd=3.3; vref=0.72; ibias_A=400e-9; iload_A=0","FAIL","Vout_V","1.07693","VOUT_LOW","limit_min_V=1.08","/home/vadim/work/eda-harness/ph2/ph2/ldo_dao_acceptance_suite/results/acceptance_full_sky130_corners_phase_fix/summary.txt"
"ldo_dao_acceptance_suite","1.08 V <= Vout <= 1.32 V; Iq <= 3 uA","dc_iq","corner=sff; model_corner=sf; sweep=VREF; temp_c=27; vdd=3.3; vref=0.72; ibias_A=400e-9; iload_A=0","FAIL","Iq_uA","10.0889","IQ_HIGH","limit_max_uA=3.0","/home/vadim/work/eda-harness/ph2/ph2/ldo_dao_acceptance_suite/results/acceptance_full_sky130_corners_phase_fix/summary.txt"
"ldo_dao_acceptance_suite","1.08 V <= Vout <= 1.32 V; Iq <= 3 uA","dc_iq","corner=sff; model_corner=sf; sweep=VREF; temp_c=27; vdd=3.3; vref=0.72; ibias_A=400e-9; iload_A=1.5E-05","PASS","Iin_total_uA","25.0685","","","/home/vadim/work/eda-harness/ph2/ph2/ldo_dao_acceptance_suite/results/acceptance_full_sky130_corners_phase_fix/summary.txt"
"ldo_dao_acceptance_suite","1.08 V <= Vout <= 1.32 V; Iq <= 3 uA","dc_iq","corner=sff; model_corner=sf; sweep=VREF; temp_c=27; vdd=3.3; vref=0.72; ibias_A=400e-9; iload_A=1.5E-05","FAIL","Vout_V","1.07458","VOUT_LOW","limit_min_V=1.08","/home/vadim/work/eda-harness/ph2/ph2/ldo_dao_acceptance_suite/results/acceptance_full_sky130_corners_phase_fix/summary.txt"
"ldo_dao_acceptance_suite","1.08 V <= Vout <= 1.32 V; Iq <= 3 uA","dc_iq","corner=sff; model_corner=sf; sweep=VREF; temp_c=27; vdd=3.3; vref=0.72; ibias_A=400e-9; iload_A=1.5E-05","PASS","Iq_uA","10.0685","","","/home/vadim/work/eda-harness/ph2/ph2/ldo_dao_acceptance_suite/results/acceptance_full_sky130_corners_phase_fix/summary.txt"
"ldo_dao_acceptance_suite","1.08 V <= Vout <= 1.32 V; Iq <= 3 uA","dc_iq","corner=sff; model_corner=sf; sweep=VREF; temp_c=27; vdd=3.3; vref=0.88; ibias_A=400e-9; iload_A=0","PASS","Iin_total_uA","12.1207","","","/home/vadim/work/eda-harness/ph2/ph2/ldo_dao_acceptance_suite/results/acceptance_full_sky130_corners_phase_fix/summary.txt"
"ldo_dao_acceptance_suite","1.08 V <= Vout <= 1.32 V; Iq <= 3 uA","dc_iq","corner=sff; model_corner=sf; sweep=VREF; temp_c=27; vdd=3.3; vref=0.88; ibias_A=400e-9; iload_A=0","PASS","Vout_V","1.31656","","","/home/vadim/work/eda-harness/ph2/ph2/ldo_dao_acceptance_suite/results/acceptance_full_sky130_corners_phase_fix/summary.txt"
"ldo_dao_acceptance_suite","1.08 V <= Vout <= 1.32 V; Iq <= 3 uA","dc_iq","corner=sff; model_corner=sf; sweep=VREF; temp_c=27; vdd=3.3; vref=0.88; ibias_A=400e-9; iload_A=0","FAIL","Iq_uA","12.1207","IQ_HIGH","limit_max_uA=3.0","/home/vadim/work/eda-harness/ph2/ph2/ldo_dao_acceptance_suite/results/acceptance_full_sky130_corners_phase_fix/summary.txt"
"ldo_dao_acceptance_suite","1.08 V <= Vout <= 1.32 V; Iq <= 3 uA","dc_iq","corner=sff; model_corner=sf; sweep=VREF; temp_c=27; vdd=3.3; vref=0.88; ibias_A=400e-9; iload_A=1.5E-05","PASS","Iin_total_uA","27.1023","","","/home/vadim/work/eda-harness/ph2/ph2/ldo_dao_acceptance_suite/results/acceptance_full_sky130_corners_phase_fix/summary.txt"
"ldo_dao_acceptance_suite","1.08 V <= Vout <= 1.32 V; Iq <= 3 uA","dc_iq","corner=sff; model_corner=sf; sweep=VREF; temp_c=27; vdd=3.3; vref=0.88; ibias_A=400e-9; iload_A=1.5E-05","PASS","Vout_V","1.3144","","","/home/vadim/work/eda-harness/ph2/ph2/ldo_dao_acceptance_suite/results/acceptance_full_sky130_corners_phase_fix/summary.txt"
"ldo_dao_acceptance_suite","1.08 V <= Vout <= 1.32 V; Iq <= 3 uA","dc_iq","corner=sff; model_corner=sf; sweep=VREF; temp_c=27; vdd=3.3; vref=0.88; ibias_A=400e-9; iload_A=1.5E-05","PASS","Iq_uA","12.1023","","","/home/vadim/work/eda-harness/ph2/ph2/ldo_dao_acceptance_suite/results/acceptance_full_sky130_corners_phase_fix/summary.txt"
"ldo_dao_acceptance_suite","1.08 V <= Vout <= 1.32 V; Iq <= 3 uA","dc_iq","corner=sff; model_corner=sf; sweep=IBIAS; temp_c=27; vdd=3.3; vref=0.80; ibias_A=3E-07; iload_A=0","PASS","Iin_total_uA","10.8213","","","/home/vadim/work/eda-harness/ph2/ph2/ldo_dao_acceptance_suite/results/acceptance_full_sky130_corners_phase_fix/summary.txt"
"ldo_dao_acceptance_suite","1.08 V <= Vout <= 1.32 V; Iq <= 3 uA","dc_iq","corner=sff; model_corner=sf; sweep=IBIAS; temp_c=27; vdd=3.3; vref=0.80; ibias_A=3E-07; iload_A=0","PASS","Vout_V","1.19633","","","/home/vadim/work/eda-harness/ph2/ph2/ldo_dao_acceptance_suite/results/acceptance_full_sky130_corners_phase_fix/summary.txt"
"ldo_dao_acceptance_suite","1.08 V <= Vout <= 1.32 V; Iq <= 3 uA","dc_iq","corner=sff; model_corner=sf; sweep=IBIAS; temp_c=27; vdd=3.3; vref=0.80; ibias_A=3E-07; iload_A=0","FAIL","Iq_uA","10.8213","IQ_HIGH","limit_max_uA=3.0","/home/vadim/work/eda-harness/ph2/ph2/ldo_dao_acceptance_suite/results/acceptance_full_sky130_corners_phase_fix/summary.txt"
"ldo_dao_acceptance_suite","1.08 V <= Vout <= 1.32 V; Iq <= 3 uA","dc_iq","corner=sff; model_corner=sf; sweep=IBIAS; temp_c=27; vdd=3.3; vref=0.80; ibias_A=3E-07; iload_A=1.5E-05","PASS","Iin_total_uA","25.802","","","/home/vadim/work/eda-harness/ph2/ph2/ldo_dao_acceptance_suite/results/acceptance_full_sky130_corners_phase_fix/summary.txt"
"ldo_dao_acceptance_suite","1.08 V <= Vout <= 1.32 V; Iq <= 3 uA","dc_iq","corner=sff; model_corner=sf; sweep=IBIAS; temp_c=27; vdd=3.3; vref=0.80; ibias_A=3E-07; iload_A=1.5E-05","PASS","Vout_V","1.19405","","","/home/vadim/work/eda-harness/ph2/ph2/ldo_dao_acceptance_suite/results/acceptance_full_sky130_corners_phase_fix/summary.txt"
"ldo_dao_acceptance_suite","1.08 V <= Vout <= 1.32 V; Iq <= 3 uA","dc_iq","corner=sff; model_corner=sf; sweep=IBIAS; temp_c=27; vdd=3.3; vref=0.80; ibias_A=3E-07; iload_A=1.5E-05","PASS","Iq_uA","10.802","","","/home/vadim/work/eda-harness/ph2/ph2/ldo_dao_acceptance_suite/results/acceptance_full_sky130_corners_phase_fix/summary.txt"
"ldo_dao_acceptance_suite","1.08 V <= Vout <= 1.32 V; Iq <= 3 uA","dc_iq","corner=sff; model_corner=sf; sweep=IBIAS; temp_c=27; vdd=3.3; vref=0.80; ibias_A=5E-07; iload_A=0","PASS","Iin_total_uA","11.393","","","/home/vadim/work/eda-harness/ph2/ph2/ldo_dao_acceptance_suite/results/acceptance_full_sky130_corners_phase_fix/summary.txt"
"ldo_dao_acceptance_suite","1.08 V <= Vout <= 1.32 V; Iq <= 3 uA","dc_iq","corner=sff; model_corner=sf; sweep=IBIAS; temp_c=27; vdd=3.3; vref=0.80; ibias_A=5E-07; iload_A=0","PASS","Vout_V","1.19706","","","/home/vadim/work/eda-harness/ph2/ph2/ldo_dao_acceptance_suite/results/acceptance_full_sky130_corners_phase_fix/summary.txt"
"ldo_dao_acceptance_suite","1.08 V <= Vout <= 1.32 V; Iq <= 3 uA","dc_iq","corner=sff; model_corner=sf; sweep=IBIAS; temp_c=27; vdd=3.3; vref=0.80; ibias_A=5E-07; iload_A=0","FAIL","Iq_uA","11.393","IQ_HIGH","limit_max_uA=3.0","/home/vadim/work/eda-harness/ph2/ph2/ldo_dao_acceptance_suite/results/acceptance_full_sky130_corners_phase_fix/summary.txt"
"ldo_dao_acceptance_suite","1.08 V <= Vout <= 1.32 V; Iq <= 3 uA","dc_iq","corner=sff; model_corner=sf; sweep=IBIAS; temp_c=27; vdd=3.3; vref=0.80; ibias_A=5E-07; iload_A=1.5E-05","PASS","Iin_total_uA","26.3737","","","/home/vadim/work/eda-harness/ph2/ph2/ldo_dao_acceptance_suite/results/acceptance_full_sky130_corners_phase_fix/summary.txt"
"ldo_dao_acceptance_suite","1.08 V <= Vout <= 1.32 V; Iq <= 3 uA","dc_iq","corner=sff; model_corner=sf; sweep=IBIAS; temp_c=27; vdd=3.3; vref=0.80; ibias_A=5E-07; iload_A=1.5E-05","PASS","Vout_V","1.19484","","","/home/vadim/work/eda-harness/ph2/ph2/ldo_dao_acceptance_suite/results/acceptance_full_sky130_corners_phase_fix/summary.txt"
"ldo_dao_acceptance_suite","1.08 V <= Vout <= 1.32 V; Iq <= 3 uA","dc_iq","corner=sff; model_corner=sf; sweep=IBIAS; temp_c=27; vdd=3.3; vref=0.80; ibias_A=5E-07; iload_A=1.5E-05","PASS","Iq_uA","11.3737","","","/home/vadim/work/eda-harness/ph2/ph2/ldo_dao_acceptance_suite/results/acceptance_full_sky130_corners_phase_fix/summary.txt"
"ldo_dao_acceptance_suite","dynamic-load regulation: valid pre/post Vout; drop <= 50 mV; overshoot <= 20 mV; average drop <= 25 mV","dynamic_load_tran","corner=sff; model_corner=sf; temp_c=-40; vdd=2.0","PASS","Vout_pre_V","1.19452","","","/home/vadim/work/eda-harness/ph2/ph2/ldo_dao_acceptance_suite/results/acceptance_full_sky130_corners_phase_fix/summary.txt"
"ldo_dao_acceptance_suite","dynamic-load regulation: valid pre/post Vout; drop <= 50 mV; overshoot <= 20 mV; average drop <= 25 mV","dynamic_load_tran","corner=sff; model_corner=sf; temp_c=-40; vdd=2.0","PASS","drop_mV","16.288","","","/home/vadim/work/eda-harness/ph2/ph2/ldo_dao_acceptance_suite/results/acceptance_full_sky130_corners_phase_fix/summary.txt"
"ldo_dao_acceptance_suite","dynamic-load regulation: valid pre/post Vout; drop <= 50 mV; overshoot <= 20 mV; average drop <= 25 mV","dynamic_load_tran","corner=sff; model_corner=sf; temp_c=-40; vdd=2.0","PASS","Vout_max_V","1.19746","","","/home/vadim/work/eda-harness/ph2/ph2/ldo_dao_acceptance_suite/results/acceptance_full_sky130_corners_phase_fix/summary.txt"
"ldo_dao_acceptance_suite","dynamic-load regulation: valid pre/post Vout; drop <= 50 mV; overshoot <= 20 mV; average drop <= 25 mV","dynamic_load_tran","corner=sff; model_corner=sf; temp_c=-40; vdd=2.0","PASS","Vout_min_V","1.17823","","","/home/vadim/work/eda-harness/ph2/ph2/ldo_dao_acceptance_suite/results/acceptance_full_sky130_corners_phase_fix/summary.txt"
"ldo_dao_acceptance_suite","dynamic-load regulation: valid pre/post Vout; drop <= 50 mV; overshoot <= 20 mV; average drop <= 25 mV","dynamic_load_tran","corner=sff; model_corner=sf; temp_c=-40; vdd=2.0","PASS","avg_drop_mV","5.646","","","/home/vadim/work/eda-harness/ph2/ph2/ldo_dao_acceptance_suite/results/acceptance_full_sky130_corners_phase_fix/summary.txt"
"ldo_dao_acceptance_suite","dynamic-load regulation: valid pre/post Vout; drop <= 50 mV; overshoot <= 20 mV; average drop <= 25 mV","dynamic_load_tran","corner=sff; model_corner=sf; temp_c=-40; vdd=2.0","PASS","Vout_dyn_avg_V","1.18887","","","/home/vadim/work/eda-harness/ph2/ph2/ldo_dao_acceptance_suite/results/acceptance_full_sky130_corners_phase_fix/summary.txt"
"ldo_dao_acceptance_suite","dynamic-load regulation: valid pre/post Vout; drop <= 50 mV; overshoot <= 20 mV; average drop <= 25 mV","dynamic_load_tran","corner=sff; model_corner=sf; temp_c=-40; vdd=2.0","PASS","overshoot_mV","2.943","","","/home/vadim/work/eda-harness/ph2/ph2/ldo_dao_acceptance_suite/results/acceptance_full_sky130_corners_phase_fix/summary.txt"
"ldo_dao_acceptance_suite","dynamic-load regulation: valid pre/post Vout; drop <= 50 mV; overshoot <= 20 mV; average drop <= 25 mV","dynamic_load_tran","corner=sff; model_corner=sf; temp_c=-40; vdd=3.3","PASS","Vout_pre_V","1.19535","","","/home/vadim/work/eda-harness/ph2/ph2/ldo_dao_acceptance_suite/results/acceptance_full_sky130_corners_phase_fix/summary.txt"
"ldo_dao_acceptance_suite","dynamic-load regulation: valid pre/post Vout; drop <= 50 mV; overshoot <= 20 mV; average drop <= 25 mV","dynamic_load_tran","corner=sff; model_corner=sf; temp_c=-40; vdd=3.3","PASS","drop_mV","14.701","","","/home/vadim/work/eda-harness/ph2/ph2/ldo_dao_acceptance_suite/results/acceptance_full_sky130_corners_phase_fix/summary.txt"
"ldo_dao_acceptance_suite","dynamic-load regulation: valid pre/post Vout; drop <= 50 mV; overshoot <= 20 mV; average drop <= 25 mV","dynamic_load_tran","corner=sff; model_corner=sf; temp_c=-40; vdd=3.3","PASS","Vout_max_V","1.20069","","","/home/vadim/work/eda-harness/ph2/ph2/ldo_dao_acceptance_suite/results/acceptance_full_sky130_corners_phase_fix/summary.txt"
"ldo_dao_acceptance_suite","dynamic-load regulation: valid pre/post Vout; drop <= 50 mV; overshoot <= 20 mV; average drop <= 25 mV","dynamic_load_tran","corner=sff; model_corner=sf; temp_c=-40; vdd=3.3","PASS","Vout_min_V","1.18065","","","/home/vadim/work/eda-harness/ph2/ph2/ldo_dao_acceptance_suite/results/acceptance_full_sky130_corners_phase_fix/summary.txt"
"ldo_dao_acceptance_suite","dynamic-load regulation: valid pre/post Vout; drop <= 50 mV; overshoot <= 20 mV; average drop <= 25 mV","dynamic_load_tran","corner=sff; model_corner=sf; temp_c=-40; vdd=3.3","PASS","avg_drop_mV","4.443","","","/home/vadim/work/eda-harness/ph2/ph2/ldo_dao_acceptance_suite/results/acceptance_full_sky130_corners_phase_fix/summary.txt"
"ldo_dao_acceptance_suite","dynamic-load regulation: valid pre/post Vout; drop <= 50 mV; overshoot <= 20 mV; average drop <= 25 mV","dynamic_load_tran","corner=sff; model_corner=sf; temp_c=-40; vdd=3.3","PASS","Vout_dyn_avg_V","1.19091","","","/home/vadim/work/eda-harness/ph2/ph2/ldo_dao_acceptance_suite/results/acceptance_full_sky130_corners_phase_fix/summary.txt"
"ldo_dao_acceptance_suite","dynamic-load regulation: valid pre/post Vout; drop <= 50 mV; overshoot <= 20 mV; average drop <= 25 mV","dynamic_load_tran","corner=sff; model_corner=sf; temp_c=-40; vdd=3.3","PASS","overshoot_mV","5.334","","","/home/vadim/work/eda-harness/ph2/ph2/ldo_dao_acceptance_suite/results/acceptance_full_sky130_corners_phase_fix/summary.txt"
"ldo_dao_acceptance_suite","dynamic-load regulation: valid pre/post Vout; drop <= 50 mV; overshoot <= 20 mV; average drop <= 25 mV","dynamic_load_tran","corner=sff; model_corner=sf; temp_c=-40; vdd=3.6","PASS","Vout_pre_V","1.19536","","","/home/vadim/work/eda-harness/ph2/ph2/ldo_dao_acceptance_suite/results/acceptance_full_sky130_corners_phase_fix/summary.txt"
"ldo_dao_acceptance_suite","dynamic-load regulation: valid pre/post Vout; drop <= 50 mV; overshoot <= 20 mV; average drop <= 25 mV","dynamic_load_tran","corner=sff; model_corner=sf; temp_c=-40; vdd=3.6","PASS","drop_mV","14.699","","","/home/vadim/work/eda-harness/ph2/ph2/ldo_dao_acceptance_suite/results/acceptance_full_sky130_corners_phase_fix/summary.txt"
"ldo_dao_acceptance_suite","dynamic-load regulation: valid pre/post Vout; drop <= 50 mV; overshoot <= 20 mV; average drop <= 25 mV","dynamic_load_tran","corner=sff; model_corner=sf; temp_c=-40; vdd=3.6","PASS","Vout_max_V","1.20069","","","/home/vadim/work/eda-harness/ph2/ph2/ldo_dao_acceptance_suite/results/acceptance_full_sky130_corners_phase_fix/summary.txt"
"ldo_dao_acceptance_suite","dynamic-load regulation: valid pre/post Vout; drop <= 50 mV; overshoot <= 20 mV; average drop <= 25 mV","dynamic_load_tran","corner=sff; model_corner=sf; temp_c=-40; vdd=3.6","PASS","Vout_min_V","1.18066","","","/home/vadim/work/eda-harness/ph2/ph2/ldo_dao_acceptance_suite/results/acceptance_full_sky130_corners_phase_fix/summary.txt"
"ldo_dao_acceptance_suite","dynamic-load regulation: valid pre/post Vout; drop <= 50 mV; overshoot <= 20 mV; average drop <= 25 mV","dynamic_load_tran","corner=sff; model_corner=sf; temp_c=-40; vdd=3.6","PASS","avg_drop_mV","4.445","","","/home/vadim/work/eda-harness/ph2/ph2/ldo_dao_acceptance_suite/results/acceptance_full_sky130_corners_phase_fix/summary.txt"
"ldo_dao_acceptance_suite","dynamic-load regulation: valid pre/post Vout; drop <= 50 mV; overshoot <= 20 mV; average drop <= 25 mV","dynamic_load_tran","corner=sff; model_corner=sf; temp_c=-40; vdd=3.6","PASS","Vout_dyn_avg_V","1.19091","","","/home/vadim/work/eda-harness/ph2/ph2/ldo_dao_acceptance_suite/results/acceptance_full_sky130_corners_phase_fix/summary.txt"
"ldo_dao_acceptance_suite","dynamic-load regulation: valid pre/post Vout; drop <= 50 mV; overshoot <= 20 mV; average drop <= 25 mV","dynamic_load_tran","corner=sff; model_corner=sf; temp_c=-40; vdd=3.6","PASS","overshoot_mV","5.327","","","/home/vadim/work/eda-harness/ph2/ph2/ldo_dao_acceptance_suite/results/acceptance_full_sky130_corners_phase_fix/summary.txt"
"ldo_dao_acceptance_suite","dynamic-load regulation: valid pre/post Vout; drop <= 50 mV; overshoot <= 20 mV; average drop <= 25 mV","dynamic_load_tran","corner=sff; model_corner=sf; temp_c=27; vdd=2.0","PASS","Vout_pre_V","1.19356","","","/home/vadim/work/eda-harness/ph2/ph2/ldo_dao_acceptance_suite/results/acceptance_full_sky130_corners_phase_fix/summary.txt"
"ldo_dao_acceptance_suite","dynamic-load regulation: valid pre/post Vout; drop <= 50 mV; overshoot <= 20 mV; average drop <= 25 mV","dynamic_load_tran","corner=sff; model_corner=sf; temp_c=27; vdd=2.0","PASS","drop_mV","18.448","","","/home/vadim/work/eda-harness/ph2/ph2/ldo_dao_acceptance_suite/results/acceptance_full_sky130_corners_phase_fix/summary.txt"
"ldo_dao_acceptance_suite","dynamic-load regulation: valid pre/post Vout; drop <= 50 mV; overshoot <= 20 mV; average drop <= 25 mV","dynamic_load_tran","corner=sff; model_corner=sf; temp_c=27; vdd=2.0","PASS","Vout_max_V","1.1949","","","/home/vadim/work/eda-harness/ph2/ph2/ldo_dao_acceptance_suite/results/acceptance_full_sky130_corners_phase_fix/summary.txt"
"ldo_dao_acceptance_suite","dynamic-load regulation: valid pre/post Vout; drop <= 50 mV; overshoot <= 20 mV; average drop <= 25 mV","dynamic_load_tran","corner=sff; model_corner=sf; temp_c=27; vdd=2.0","PASS","Vout_min_V","1.17512","","","/home/vadim/work/eda-harness/ph2/ph2/ldo_dao_acceptance_suite/results/acceptance_full_sky130_corners_phase_fix/summary.txt"
"ldo_dao_acceptance_suite","dynamic-load regulation: valid pre/post Vout; drop <= 50 mV; overshoot <= 20 mV; average drop <= 25 mV","dynamic_load_tran","corner=sff; model_corner=sf; temp_c=27; vdd=2.0","PASS","avg_drop_mV","6.498","","","/home/vadim/work/eda-harness/ph2/ph2/ldo_dao_acceptance_suite/results/acceptance_full_sky130_corners_phase_fix/summary.txt"
"ldo_dao_acceptance_suite","dynamic-load regulation: valid pre/post Vout; drop <= 50 mV; overshoot <= 20 mV; average drop <= 25 mV","dynamic_load_tran","corner=sff; model_corner=sf; temp_c=27; vdd=2.0","PASS","Vout_dyn_avg_V","1.18707","","","/home/vadim/work/eda-harness/ph2/ph2/ldo_dao_acceptance_suite/results/acceptance_full_sky130_corners_phase_fix/summary.txt"
"ldo_dao_acceptance_suite","dynamic-load regulation: valid pre/post Vout; drop <= 50 mV; overshoot <= 20 mV; average drop <= 25 mV","dynamic_load_tran","corner=sff; model_corner=sf; temp_c=27; vdd=2.0","PASS","overshoot_mV","1.337","","","/home/vadim/work/eda-harness/ph2/ph2/ldo_dao_acceptance_suite/results/acceptance_full_sky130_corners_phase_fix/summary.txt"
"ldo_dao_acceptance_suite","dynamic-load regulation: valid pre/post Vout; drop <= 50 mV; overshoot <= 20 mV; average drop <= 25 mV","dynamic_load_tran","corner=sff; model_corner=sf; temp_c=27; vdd=3.3","PASS","Vout_pre_V","1.19449","","","/home/vadim/work/eda-harness/ph2/ph2/ldo_dao_acceptance_suite/results/acceptance_full_sky130_corners_phase_fix/summary.txt"
"ldo_dao_acceptance_suite","dynamic-load regulation: valid pre/post Vout; drop <= 50 mV; overshoot <= 20 mV; average drop <= 25 mV","dynamic_load_tran","corner=sff; model_corner=sf; temp_c=27; vdd=3.3","PASS","drop_mV","17.115","","","/home/vadim/work/eda-harness/ph2/ph2/ldo_dao_acceptance_suite/results/acceptance_full_sky130_corners_phase_fix/summary.txt"
"ldo_dao_acceptance_suite","dynamic-load regulation: valid pre/post Vout; drop <= 50 mV; overshoot <= 20 mV; average drop <= 25 mV","dynamic_load_tran","corner=sff; model_corner=sf; temp_c=27; vdd=3.3","PASS","Vout_max_V","1.19896","","","/home/vadim/work/eda-harness/ph2/ph2/ldo_dao_acceptance_suite/results/acceptance_full_sky130_corners_phase_fix/summary.txt"
"ldo_dao_acceptance_suite","dynamic-load regulation: valid pre/post Vout; drop <= 50 mV; overshoot <= 20 mV; average drop <= 25 mV","dynamic_load_tran","corner=sff; model_corner=sf; temp_c=27; vdd=3.3","PASS","Vout_min_V","1.17738","","","/home/vadim/work/eda-harness/ph2/ph2/ldo_dao_acceptance_suite/results/acceptance_full_sky130_corners_phase_fix/summary.txt"
"ldo_dao_acceptance_suite","dynamic-load regulation: valid pre/post Vout; drop <= 50 mV; overshoot <= 20 mV; average drop <= 25 mV","dynamic_load_tran","corner=sff; model_corner=sf; temp_c=27; vdd=3.3","PASS","avg_drop_mV","4.929","","","/home/vadim/work/eda-harness/ph2/ph2/ldo_dao_acceptance_suite/results/acceptance_full_sky130_corners_phase_fix/summary.txt"
"ldo_dao_acceptance_suite","dynamic-load regulation: valid pre/post Vout; drop <= 50 mV; overshoot <= 20 mV; average drop <= 25 mV","dynamic_load_tran","corner=sff; model_corner=sf; temp_c=27; vdd=3.3","PASS","Vout_dyn_avg_V","1.18956","","","/home/vadim/work/eda-harness/ph2/ph2/ldo_dao_acceptance_suite/results/acceptance_full_sky130_corners_phase_fix/summary.txt"
"ldo_dao_acceptance_suite","dynamic-load regulation: valid pre/post Vout; drop <= 50 mV; overshoot <= 20 mV; average drop <= 25 mV","dynamic_load_tran","corner=sff; model_corner=sf; temp_c=27; vdd=3.3","PASS","overshoot_mV","4.468","","","/home/vadim/work/eda-harness/ph2/ph2/ldo_dao_acceptance_suite/results/acceptance_full_sky130_corners_phase_fix/summary.txt"
"ldo_dao_acceptance_suite","dynamic-load regulation: valid pre/post Vout; drop <= 50 mV; overshoot <= 20 mV; average drop <= 25 mV","dynamic_load_tran","corner=sff; model_corner=sf; temp_c=27; vdd=3.6","PASS","Vout_pre_V","1.19447","","","/home/vadim/work/eda-harness/ph2/ph2/ldo_dao_acceptance_suite/results/acceptance_full_sky130_corners_phase_fix/summary.txt"
"ldo_dao_acceptance_suite","dynamic-load regulation: valid pre/post Vout; drop <= 50 mV; overshoot <= 20 mV; average drop <= 25 mV","dynamic_load_tran","corner=sff; model_corner=sf; temp_c=27; vdd=3.6","PASS","drop_mV","17.063","","","/home/vadim/work/eda-harness/ph2/ph2/ldo_dao_acceptance_suite/results/acceptance_full_sky130_corners_phase_fix/summary.txt"
"ldo_dao_acceptance_suite","dynamic-load regulation: valid pre/post Vout; drop <= 50 mV; overshoot <= 20 mV; average drop <= 25 mV","dynamic_load_tran","corner=sff; model_corner=sf; temp_c=27; vdd=3.6","PASS","Vout_max_V","1.19895","","","/home/vadim/work/eda-harness/ph2/ph2/ldo_dao_acceptance_suite/results/acceptance_full_sky130_corners_phase_fix/summary.txt"
"ldo_dao_acceptance_suite","dynamic-load regulation: valid pre/post Vout; drop <= 50 mV; overshoot <= 20 mV; average drop <= 25 mV","dynamic_load_tran","corner=sff; model_corner=sf; temp_c=27; vdd=3.6","PASS","Vout_min_V","1.1774","","","/home/vadim/work/eda-harness/ph2/ph2/ldo_dao_acceptance_suite/results/acceptance_full_sky130_corners_phase_fix/summary.txt"
"ldo_dao_acceptance_suite","dynamic-load regulation: valid pre/post Vout; drop <= 50 mV; overshoot <= 20 mV; average drop <= 25 mV","dynamic_load_tran","corner=sff; model_corner=sf; temp_c=27; vdd=3.6","PASS","avg_drop_mV","4.938","","","/home/vadim/work/eda-harness/ph2/ph2/ldo_dao_acceptance_suite/results/acceptance_full_sky130_corners_phase_fix/summary.txt"
"ldo_dao_acceptance_suite","dynamic-load regulation: valid pre/post Vout; drop <= 50 mV; overshoot <= 20 mV; average drop <= 25 mV","dynamic_load_tran","corner=sff; model_corner=sf; temp_c=27; vdd=3.6","PASS","Vout_dyn_avg_V","1.18953","","","/home/vadim/work/eda-harness/ph2/ph2/ldo_dao_acceptance_suite/results/acceptance_full_sky130_corners_phase_fix/summary.txt"
"ldo_dao_acceptance_suite","dynamic-load regulation: valid pre/post Vout; drop <= 50 mV; overshoot <= 20 mV; average drop <= 25 mV","dynamic_load_tran","corner=sff; model_corner=sf; temp_c=27; vdd=3.6","PASS","overshoot_mV","4.485","","","/home/vadim/work/eda-harness/ph2/ph2/ldo_dao_acceptance_suite/results/acceptance_full_sky130_corners_phase_fix/summary.txt"
"ldo_dao_acceptance_suite","dynamic-load regulation: valid pre/post Vout; drop <= 50 mV; overshoot <= 20 mV; average drop <= 25 mV","dynamic_load_tran","corner=sff; model_corner=sf; temp_c=150; vdd=2.0","PASS","Vout_pre_V","1.1917","","","/home/vadim/work/eda-harness/ph2/ph2/ldo_dao_acceptance_suite/results/acceptance_full_sky130_corners_phase_fix/summary.txt"
"ldo_dao_acceptance_suite","dynamic-load regulation: valid pre/post Vout; drop <= 50 mV; overshoot <= 20 mV; average drop <= 25 mV","dynamic_load_tran","corner=sff; model_corner=sf; temp_c=150; vdd=2.0","PASS","drop_mV","21.496","","","/home/vadim/work/eda-harness/ph2/ph2/ldo_dao_acceptance_suite/results/acceptance_full_sky130_corners_phase_fix/summary.txt"
"ldo_dao_acceptance_suite","dynamic-load regulation: valid pre/post Vout; drop <= 50 mV; overshoot <= 20 mV; average drop <= 25 mV","dynamic_load_tran","corner=sff; model_corner=sf; temp_c=150; vdd=2.0","PASS","Vout_max_V","1.1917","","","/home/vadim/work/eda-harness/ph2/ph2/ldo_dao_acceptance_suite/results/acceptance_full_sky130_corners_phase_fix/summary.txt"
"ldo_dao_acceptance_suite","dynamic-load regulation: valid pre/post Vout; drop <= 50 mV; overshoot <= 20 mV; average drop <= 25 mV","dynamic_load_tran","corner=sff; model_corner=sf; temp_c=150; vdd=2.0","PASS","Vout_min_V","1.1702","","","/home/vadim/work/eda-harness/ph2/ph2/ldo_dao_acceptance_suite/results/acceptance_full_sky130_corners_phase_fix/summary.txt"
"ldo_dao_acceptance_suite","dynamic-load regulation: valid pre/post Vout; drop <= 50 mV; overshoot <= 20 mV; average drop <= 25 mV","dynamic_load_tran","corner=sff; model_corner=sf; temp_c=150; vdd=2.0","PASS","avg_drop_mV","8.471","","","/home/vadim/work/eda-harness/ph2/ph2/ldo_dao_acceptance_suite/results/acceptance_full_sky130_corners_phase_fix/summary.txt"
"ldo_dao_acceptance_suite","dynamic-load regulation: valid pre/post Vout; drop <= 50 mV; overshoot <= 20 mV; average drop <= 25 mV","dynamic_load_tran","corner=sff; model_corner=sf; temp_c=150; vdd=2.0","PASS","Vout_dyn_avg_V","1.18323","","","/home/vadim/work/eda-harness/ph2/ph2/ldo_dao_acceptance_suite/results/acceptance_full_sky130_corners_phase_fix/summary.txt"
"ldo_dao_acceptance_suite","dynamic-load regulation: valid pre/post Vout; drop <= 50 mV; overshoot <= 20 mV; average drop <= 25 mV","dynamic_load_tran","corner=sff; model_corner=sf; temp_c=150; vdd=2.0","PASS","overshoot_mV","0","","","/home/vadim/work/eda-harness/ph2/ph2/ldo_dao_acceptance_suite/results/acceptance_full_sky130_corners_phase_fix/summary.txt"
"ldo_dao_acceptance_suite","dynamic-load regulation: valid pre/post Vout; drop <= 50 mV; overshoot <= 20 mV; average drop <= 25 mV","dynamic_load_tran","corner=sff; model_corner=sf; temp_c=150; vdd=3.3","PASS","Vout_pre_V","1.19274","","","/home/vadim/work/eda-harness/ph2/ph2/ldo_dao_acceptance_suite/results/acceptance_full_sky130_corners_phase_fix/summary.txt"
"ldo_dao_acceptance_suite","dynamic-load regulation: valid pre/post Vout; drop <= 50 mV; overshoot <= 20 mV; average drop <= 25 mV","dynamic_load_tran","corner=sff; model_corner=sf; temp_c=150; vdd=3.3","PASS","drop_mV","20.629","","","/home/vadim/work/eda-harness/ph2/ph2/ldo_dao_acceptance_suite/results/acceptance_full_sky130_corners_phase_fix/summary.txt"
"ldo_dao_acceptance_suite","dynamic-load regulation: valid pre/post Vout; drop <= 50 mV; overshoot <= 20 mV; average drop <= 25 mV","dynamic_load_tran","corner=sff; model_corner=sf; temp_c=150; vdd=3.3","PASS","Vout_max_V","1.19295","","","/home/vadim/work/eda-harness/ph2/ph2/ldo_dao_acceptance_suite/results/acceptance_full_sky130_corners_phase_fix/summary.txt"
"ldo_dao_acceptance_suite","dynamic-load regulation: valid pre/post Vout; drop <= 50 mV; overshoot <= 20 mV; average drop <= 25 mV","dynamic_load_tran","corner=sff; model_corner=sf; temp_c=150; vdd=3.3","PASS","Vout_min_V","1.17211","","","/home/vadim/work/eda-harness/ph2/ph2/ldo_dao_acceptance_suite/results/acceptance_full_sky130_corners_phase_fix/summary.txt"
"ldo_dao_acceptance_suite","dynamic-load regulation: valid pre/post Vout; drop <= 50 mV; overshoot <= 20 mV; average drop <= 25 mV","dynamic_load_tran","corner=sff; model_corner=sf; temp_c=150; vdd=3.3","PASS","avg_drop_mV","6.339","","","/home/vadim/work/eda-harness/ph2/ph2/ldo_dao_acceptance_suite/results/acceptance_full_sky130_corners_phase_fix/summary.txt"
"ldo_dao_acceptance_suite","dynamic-load regulation: valid pre/post Vout; drop <= 50 mV; overshoot <= 20 mV; average drop <= 25 mV","dynamic_load_tran","corner=sff; model_corner=sf; temp_c=150; vdd=3.3","PASS","Vout_dyn_avg_V","1.1864","","","/home/vadim/work/eda-harness/ph2/ph2/ldo_dao_acceptance_suite/results/acceptance_full_sky130_corners_phase_fix/summary.txt"
"ldo_dao_acceptance_suite","dynamic-load regulation: valid pre/post Vout; drop <= 50 mV; overshoot <= 20 mV; average drop <= 25 mV","dynamic_load_tran","corner=sff; model_corner=sf; temp_c=150; vdd=3.3","PASS","overshoot_mV","0.211","","","/home/vadim/work/eda-harness/ph2/ph2/ldo_dao_acceptance_suite/results/acceptance_full_sky130_corners_phase_fix/summary.txt"
"ldo_dao_acceptance_suite","dynamic-load regulation: valid pre/post Vout; drop <= 50 mV; overshoot <= 20 mV; average drop <= 25 mV","dynamic_load_tran","corner=sff; model_corner=sf; temp_c=150; vdd=3.6","PASS","Vout_pre_V","1.19263","","","/home/vadim/work/eda-harness/ph2/ph2/ldo_dao_acceptance_suite/results/acceptance_full_sky130_corners_phase_fix/summary.txt"
"ldo_dao_acceptance_suite","dynamic-load regulation: valid pre/post Vout; drop <= 50 mV; overshoot <= 20 mV; average drop <= 25 mV","dynamic_load_tran","corner=sff; model_corner=sf; temp_c=150; vdd=3.6","PASS","drop_mV","20.6","","","/home/vadim/work/eda-harness/ph2/ph2/ldo_dao_acceptance_suite/results/acceptance_full_sky130_corners_phase_fix/summary.txt"
"ldo_dao_acceptance_suite","dynamic-load regulation: valid pre/post Vout; drop <= 50 mV; overshoot <= 20 mV; average drop <= 25 mV","dynamic_load_tran","corner=sff; model_corner=sf; temp_c=150; vdd=3.6","PASS","Vout_max_V","1.19286","","","/home/vadim/work/eda-harness/ph2/ph2/ldo_dao_acceptance_suite/results/acceptance_full_sky130_corners_phase_fix/summary.txt"
"ldo_dao_acceptance_suite","dynamic-load regulation: valid pre/post Vout; drop <= 50 mV; overshoot <= 20 mV; average drop <= 25 mV","dynamic_load_tran","corner=sff; model_corner=sf; temp_c=150; vdd=3.6","PASS","Vout_min_V","1.17203","","","/home/vadim/work/eda-harness/ph2/ph2/ldo_dao_acceptance_suite/results/acceptance_full_sky130_corners_phase_fix/summary.txt"
"ldo_dao_acceptance_suite","dynamic-load regulation: valid pre/post Vout; drop <= 50 mV; overshoot <= 20 mV; average drop <= 25 mV","dynamic_load_tran","corner=sff; model_corner=sf; temp_c=150; vdd=3.6","PASS","avg_drop_mV","6.379","","","/home/vadim/work/eda-harness/ph2/ph2/ldo_dao_acceptance_suite/results/acceptance_full_sky130_corners_phase_fix/summary.txt"
"ldo_dao_acceptance_suite","dynamic-load regulation: valid pre/post Vout; drop <= 50 mV; overshoot <= 20 mV; average drop <= 25 mV","dynamic_load_tran","corner=sff; model_corner=sf; temp_c=150; vdd=3.6","PASS","Vout_dyn_avg_V","1.18626","","","/home/vadim/work/eda-harness/ph2/ph2/ldo_dao_acceptance_suite/results/acceptance_full_sky130_corners_phase_fix/summary.txt"
"ldo_dao_acceptance_suite","dynamic-load regulation: valid pre/post Vout; drop <= 50 mV; overshoot <= 20 mV; average drop <= 25 mV","dynamic_load_tran","corner=sff; model_corner=sf; temp_c=150; vdd=3.6","PASS","overshoot_mV","0.222","","","/home/vadim/work/eda-harness/ph2/ph2/ldo_dao_acceptance_suite/results/acceptance_full_sky130_corners_phase_fix/summary.txt"
"ldo_dao_acceptance_suite","PSRR_min >= 40 dB","psrr_ac","corner=sff; model_corner=sf; temp_c=-40; vdd=2.0","PASS","PSRR_min_dB","43.807","","","/home/vadim/work/eda-harness/ph2/ph2/ldo_dao_acceptance_suite/results/acceptance_full_sky130_corners_phase_fix/summary.txt"
"ldo_dao_acceptance_suite","PSRR_min >= 40 dB","psrr_ac","corner=sff; model_corner=sf; temp_c=-40; vdd=3.3","PASS","PSRR_min_dB","43.2751","","","/home/vadim/work/eda-harness/ph2/ph2/ldo_dao_acceptance_suite/results/acceptance_full_sky130_corners_phase_fix/summary.txt"
"ldo_dao_acceptance_suite","PSRR_min >= 40 dB","psrr_ac","corner=sff; model_corner=sf; temp_c=-40; vdd=3.6","PASS","PSRR_min_dB","43.3408","","","/home/vadim/work/eda-harness/ph2/ph2/ldo_dao_acceptance_suite/results/acceptance_full_sky130_corners_phase_fix/summary.txt"
"ldo_dao_acceptance_suite","PSRR_min >= 40 dB","psrr_ac","corner=sff; model_corner=sf; temp_c=27; vdd=2.0","PASS","PSRR_min_dB","43.8687","","","/home/vadim/work/eda-harness/ph2/ph2/ldo_dao_acceptance_suite/results/acceptance_full_sky130_corners_phase_fix/summary.txt"
"ldo_dao_acceptance_suite","PSRR_min >= 40 dB","psrr_ac","corner=sff; model_corner=sf; temp_c=27; vdd=3.3","PASS","PSRR_min_dB","43.4796","","","/home/vadim/work/eda-harness/ph2/ph2/ldo_dao_acceptance_suite/results/acceptance_full_sky130_corners_phase_fix/summary.txt"
"ldo_dao_acceptance_suite","PSRR_min >= 40 dB","psrr_ac","corner=sff; model_corner=sf; temp_c=27; vdd=3.6","PASS","PSRR_min_dB","43.5662","","","/home/vadim/work/eda-harness/ph2/ph2/ldo_dao_acceptance_suite/results/acceptance_full_sky130_corners_phase_fix/summary.txt"
"ldo_dao_acceptance_suite","PSRR_min >= 40 dB","psrr_ac","corner=sff; model_corner=sf; temp_c=150; vdd=2.0","PASS","PSRR_min_dB","43.7542","","","/home/vadim/work/eda-harness/ph2/ph2/ldo_dao_acceptance_suite/results/acceptance_full_sky130_corners_phase_fix/summary.txt"
"ldo_dao_acceptance_suite","PSRR_min >= 40 dB","psrr_ac","corner=sff; model_corner=sf; temp_c=150; vdd=3.3","PASS","PSRR_min_dB","43.6078","","","/home/vadim/work/eda-harness/ph2/ph2/ldo_dao_acceptance_suite/results/acceptance_full_sky130_corners_phase_fix/summary.txt"
"ldo_dao_acceptance_suite","PSRR_min >= 40 dB","psrr_ac","corner=sff; model_corner=sf; temp_c=150; vdd=3.6","PASS","PSRR_min_dB","43.7264","","","/home/vadim/work/eda-harness/ph2/ph2/ldo_dao_acceptance_suite/results/acceptance_full_sky130_corners_phase_fix/summary.txt"
"ldo_dao_acceptance_suite","GBW >= 100 kHz; PM >= 40 deg; GM >= 20 dB","loop_stability_ac","corner=sff; model_corner=sf; temp_c=-40; vdd=2.0","PASS","GM_dB","24.8305","","","/home/vadim/work/eda-harness/ph2/ph2/ldo_dao_acceptance_suite/results/acceptance_full_sky130_corners_phase_fix/summary.txt"
"ldo_dao_acceptance_suite","GBW >= 100 kHz; PM >= 40 deg; GM >= 20 dB","loop_stability_ac","corner=sff; model_corner=sf; temp_c=-40; vdd=2.0","PASS","GM_mode","0","","","/home/vadim/work/eda-harness/ph2/ph2/ldo_dao_acceptance_suite/results/acceptance_full_sky130_corners_phase_fix/summary.txt"
"ldo_dao_acceptance_suite","GBW >= 100 kHz; PM >= 40 deg; GM >= 20 dB","loop_stability_ac","corner=sff; model_corner=sf; temp_c=-40; vdd=2.0","PASS","GBW_Hz","2.06686E+06","","","/home/vadim/work/eda-harness/ph2/ph2/ldo_dao_acceptance_suite/results/acceptance_full_sky130_corners_phase_fix/summary.txt"
"ldo_dao_acceptance_suite","GBW >= 100 kHz; PM >= 40 deg; GM >= 20 dB","loop_stability_ac","corner=sff; model_corner=sf; temp_c=-40; vdd=2.0","PASS","PM_deg","44.3959","","","/home/vadim/work/eda-harness/ph2/ph2/ldo_dao_acceptance_suite/results/acceptance_full_sky130_corners_phase_fix/summary.txt"
"ldo_dao_acceptance_suite","GBW >= 100 kHz; PM >= 40 deg; GM >= 20 dB","loop_stability_ac","corner=sff; model_corner=sf; temp_c=-40; vdd=3.3","PASS","GM_dB","23.9618","","","/home/vadim/work/eda-harness/ph2/ph2/ldo_dao_acceptance_suite/results/acceptance_full_sky130_corners_phase_fix/summary.txt"
"ldo_dao_acceptance_suite","GBW >= 100 kHz; PM >= 40 deg; GM >= 20 dB","loop_stability_ac","corner=sff; model_corner=sf; temp_c=-40; vdd=3.3","PASS","GM_mode","0","","","/home/vadim/work/eda-harness/ph2/ph2/ldo_dao_acceptance_suite/results/acceptance_full_sky130_corners_phase_fix/summary.txt"
"ldo_dao_acceptance_suite","GBW >= 100 kHz; PM >= 40 deg; GM >= 20 dB","loop_stability_ac","corner=sff; model_corner=sf; temp_c=-40; vdd=3.3","PASS","GBW_Hz","2.204E+06","","","/home/vadim/work/eda-harness/ph2/ph2/ldo_dao_acceptance_suite/results/acceptance_full_sky130_corners_phase_fix/summary.txt"
"ldo_dao_acceptance_suite","GBW >= 100 kHz; PM >= 40 deg; GM >= 20 dB","loop_stability_ac","corner=sff; model_corner=sf; temp_c=-40; vdd=3.3","FAIL","PM_deg","38.6888","PM_LOW","limit_min_deg=40","/home/vadim/work/eda-harness/ph2/ph2/ldo_dao_acceptance_suite/results/acceptance_full_sky130_corners_phase_fix/summary.txt"
"ldo_dao_acceptance_suite","GBW >= 100 kHz; PM >= 40 deg; GM >= 20 dB","loop_stability_ac","corner=sff; model_corner=sf; temp_c=-40; vdd=3.6","PASS","GM_dB","23.994","","","/home/vadim/work/eda-harness/ph2/ph2/ldo_dao_acceptance_suite/results/acceptance_full_sky130_corners_phase_fix/summary.txt"
"ldo_dao_acceptance_suite","GBW >= 100 kHz; PM >= 40 deg; GM >= 20 dB","loop_stability_ac","corner=sff; model_corner=sf; temp_c=-40; vdd=3.6","PASS","GM_mode","0","","","/home/vadim/work/eda-harness/ph2/ph2/ldo_dao_acceptance_suite/results/acceptance_full_sky130_corners_phase_fix/summary.txt"
"ldo_dao_acceptance_suite","GBW >= 100 kHz; PM >= 40 deg; GM >= 20 dB","loop_stability_ac","corner=sff; model_corner=sf; temp_c=-40; vdd=3.6","PASS","GBW_Hz","2.2079E+06","","","/home/vadim/work/eda-harness/ph2/ph2/ldo_dao_acceptance_suite/results/acceptance_full_sky130_corners_phase_fix/summary.txt"
"ldo_dao_acceptance_suite","GBW >= 100 kHz; PM >= 40 deg; GM >= 20 dB","loop_stability_ac","corner=sff; model_corner=sf; temp_c=-40; vdd=3.6","FAIL","PM_deg","38.9237","PM_LOW","limit_min_deg=40","/home/vadim/work/eda-harness/ph2/ph2/ldo_dao_acceptance_suite/results/acceptance_full_sky130_corners_phase_fix/summary.txt"
"ldo_dao_acceptance_suite","GBW >= 100 kHz; PM >= 40 deg; GM >= 20 dB","loop_stability_ac","corner=sff; model_corner=sf; temp_c=27; vdd=2.0","PASS","GM_dB","25.6036","","","/home/vadim/work/eda-harness/ph2/ph2/ldo_dao_acceptance_suite/results/acceptance_full_sky130_corners_phase_fix/summary.txt"
"ldo_dao_acceptance_suite","GBW >= 100 kHz; PM >= 40 deg; GM >= 20 dB","loop_stability_ac","corner=sff; model_corner=sf; temp_c=27; vdd=2.0","PASS","GM_mode","0","","","/home/vadim/work/eda-harness/ph2/ph2/ldo_dao_acceptance_suite/results/acceptance_full_sky130_corners_phase_fix/summary.txt"
"ldo_dao_acceptance_suite","GBW >= 100 kHz; PM >= 40 deg; GM >= 20 dB","loop_stability_ac","corner=sff; model_corner=sf; temp_c=27; vdd=2.0","PASS","GBW_Hz","1.82449E+06","","","/home/vadim/work/eda-harness/ph2/ph2/ldo_dao_acceptance_suite/results/acceptance_full_sky130_corners_phase_fix/summary.txt"
"ldo_dao_acceptance_suite","GBW >= 100 kHz; PM >= 40 deg; GM >= 20 dB","loop_stability_ac","corner=sff; model_corner=sf; temp_c=27; vdd=2.0","PASS","PM_deg","45.7883","","","/home/vadim/work/eda-harness/ph2/ph2/ldo_dao_acceptance_suite/results/acceptance_full_sky130_corners_phase_fix/summary.txt"
"ldo_dao_acceptance_suite","GBW >= 100 kHz; PM >= 40 deg; GM >= 20 dB","loop_stability_ac","corner=sff; model_corner=sf; temp_c=27; vdd=3.3","PASS","GM_dB","24.7254","","","/home/vadim/work/eda-harness/ph2/ph2/ldo_dao_acceptance_suite/results/acceptance_full_sky130_corners_phase_fix/summary.txt"
"ldo_dao_acceptance_suite","GBW >= 100 kHz; PM >= 40 deg; GM >= 20 dB","loop_stability_ac","corner=sff; model_corner=sf; temp_c=27; vdd=3.3","PASS","GM_mode","0","","","/home/vadim/work/eda-harness/ph2/ph2/ldo_dao_acceptance_suite/results/acceptance_full_sky130_corners_phase_fix/summary.txt"
"ldo_dao_acceptance_suite","GBW >= 100 kHz; PM >= 40 deg; GM >= 20 dB","loop_stability_ac","corner=sff; model_corner=sf; temp_c=27; vdd=3.3","PASS","GBW_Hz","1.95104E+06","","","/home/vadim/work/eda-harness/ph2/ph2/ldo_dao_acceptance_suite/results/acceptance_full_sky130_corners_phase_fix/summary.txt"
"ldo_dao_acceptance_suite","GBW >= 100 kHz; PM >= 40 deg; GM >= 20 dB","loop_stability_ac","corner=sff; model_corner=sf; temp_c=27; vdd=3.3","PASS","PM_deg","40.019","","","/home/vadim/work/eda-harness/ph2/ph2/ldo_dao_acceptance_suite/results/acceptance_full_sky130_corners_phase_fix/summary.txt"
"ldo_dao_acceptance_suite","GBW >= 100 kHz; PM >= 40 deg; GM >= 20 dB","loop_stability_ac","corner=sff; model_corner=sf; temp_c=27; vdd=3.6","PASS","GM_dB","24.7755","","","/home/vadim/work/eda-harness/ph2/ph2/ldo_dao_acceptance_suite/results/acceptance_full_sky130_corners_phase_fix/summary.txt"
"ldo_dao_acceptance_suite","GBW >= 100 kHz; PM >= 40 deg; GM >= 20 dB","loop_stability_ac","corner=sff; model_corner=sf; temp_c=27; vdd=3.6","PASS","GM_mode","0","","","/home/vadim/work/eda-harness/ph2/ph2/ldo_dao_acceptance_suite/results/acceptance_full_sky130_corners_phase_fix/summary.txt"
"ldo_dao_acceptance_suite","GBW >= 100 kHz; PM >= 40 deg; GM >= 20 dB","loop_stability_ac","corner=sff; model_corner=sf; temp_c=27; vdd=3.6","PASS","GBW_Hz","1.95254E+06","","","/home/vadim/work/eda-harness/ph2/ph2/ldo_dao_acceptance_suite/results/acceptance_full_sky130_corners_phase_fix/summary.txt"
"ldo_dao_acceptance_suite","GBW >= 100 kHz; PM >= 40 deg; GM >= 20 dB","loop_stability_ac","corner=sff; model_corner=sf; temp_c=27; vdd=3.6","PASS","PM_deg","40.3917","","","/home/vadim/work/eda-harness/ph2/ph2/ldo_dao_acceptance_suite/results/acceptance_full_sky130_corners_phase_fix/summary.txt"
"ldo_dao_acceptance_suite","GBW >= 100 kHz; PM >= 40 deg; GM >= 20 dB","loop_stability_ac","corner=sff; model_corner=sf; temp_c=150; vdd=2.0","PASS","GM_dB","26.9059","","","/home/vadim/work/eda-harness/ph2/ph2/ldo_dao_acceptance_suite/results/acceptance_full_sky130_corners_phase_fix/summary.txt"
"ldo_dao_acceptance_suite","GBW >= 100 kHz; PM >= 40 deg; GM >= 20 dB","loop_stability_ac","corner=sff; model_corner=sf; temp_c=150; vdd=2.0","PASS","GM_mode","0","","","/home/vadim/work/eda-harness/ph2/ph2/ldo_dao_acceptance_suite/results/acceptance_full_sky130_corners_phase_fix/summary.txt"
"ldo_dao_acceptance_suite","GBW >= 100 kHz; PM >= 40 deg; GM >= 20 dB","loop_stability_ac","corner=sff; model_corner=sf; temp_c=150; vdd=2.0","PASS","GBW_Hz","1.4845E+06","","","/home/vadim/work/eda-harness/ph2/ph2/ldo_dao_acceptance_suite/results/acceptance_full_sky130_corners_phase_fix/summary.txt"
"ldo_dao_acceptance_suite","GBW >= 100 kHz; PM >= 40 deg; GM >= 20 dB","loop_stability_ac","corner=sff; model_corner=sf; temp_c=150; vdd=2.0","PASS","PM_deg","48.715","","","/home/vadim/work/eda-harness/ph2/ph2/ldo_dao_acceptance_suite/results/acceptance_full_sky130_corners_phase_fix/summary.txt"
"ldo_dao_acceptance_suite","GBW >= 100 kHz; PM >= 40 deg; GM >= 20 dB","loop_stability_ac","corner=sff; model_corner=sf; temp_c=150; vdd=3.3","PASS","GM_dB","26.0958","","","/home/vadim/work/eda-harness/ph2/ph2/ldo_dao_acceptance_suite/results/acceptance_full_sky130_corners_phase_fix/summary.txt"
"ldo_dao_acceptance_suite","GBW >= 100 kHz; PM >= 40 deg; GM >= 20 dB","loop_stability_ac","corner=sff; model_corner=sf; temp_c=150; vdd=3.3","PASS","GM_mode","0","","","/home/vadim/work/eda-harness/ph2/ph2/ldo_dao_acceptance_suite/results/acceptance_full_sky130_corners_phase_fix/summary.txt"
"ldo_dao_acceptance_suite","GBW >= 100 kHz; PM >= 40 deg; GM >= 20 dB","loop_stability_ac","corner=sff; model_corner=sf; temp_c=150; vdd=3.3","PASS","GBW_Hz","1.59245E+06","","","/home/vadim/work/eda-harness/ph2/ph2/ldo_dao_acceptance_suite/results/acceptance_full_sky130_corners_phase_fix/summary.txt"
"ldo_dao_acceptance_suite","GBW >= 100 kHz; PM >= 40 deg; GM >= 20 dB","loop_stability_ac","corner=sff; model_corner=sf; temp_c=150; vdd=3.3","PASS","PM_deg","43.3312","","","/home/vadim/work/eda-harness/ph2/ph2/ldo_dao_acceptance_suite/results/acceptance_full_sky130_corners_phase_fix/summary.txt"
"ldo_dao_acceptance_suite","GBW >= 100 kHz; PM >= 40 deg; GM >= 20 dB","loop_stability_ac","corner=sff; model_corner=sf; temp_c=150; vdd=3.6","PASS","GM_dB","26.1859","","","/home/vadim/work/eda-harness/ph2/ph2/ldo_dao_acceptance_suite/results/acceptance_full_sky130_corners_phase_fix/summary.txt"
"ldo_dao_acceptance_suite","GBW >= 100 kHz; PM >= 40 deg; GM >= 20 dB","loop_stability_ac","corner=sff; model_corner=sf; temp_c=150; vdd=3.6","PASS","GM_mode","0","","","/home/vadim/work/eda-harness/ph2/ph2/ldo_dao_acceptance_suite/results/acceptance_full_sky130_corners_phase_fix/summary.txt"
"ldo_dao_acceptance_suite","GBW >= 100 kHz; PM >= 40 deg; GM >= 20 dB","loop_stability_ac","corner=sff; model_corner=sf; temp_c=150; vdd=3.6","PASS","GBW_Hz","1.58959E+06","","","/home/vadim/work/eda-harness/ph2/ph2/ldo_dao_acceptance_suite/results/acceptance_full_sky130_corners_phase_fix/summary.txt"
"ldo_dao_acceptance_suite","GBW >= 100 kHz; PM >= 40 deg; GM >= 20 dB","loop_stability_ac","corner=sff; model_corner=sf; temp_c=150; vdd=3.6","PASS","PM_deg","44.0163","","","/home/vadim/work/eda-harness/ph2/ph2/ldo_dao_acceptance_suite/results/acceptance_full_sky130_corners_phase_fix/summary.txt"
"ldo_dao_acceptance_suite","Monte Carlo Vout statistics must be measurable and sigma <= 30 mV","vout_variation_mc","corner=sff; model_corner=sf_mm; sample=1","PASS","Vout_V","1.20183","","","/home/vadim/work/eda-harness/ph2/ph2/ldo_dao_acceptance_suite/results/acceptance_full_sky130_corners_phase_fix/summary.txt"
"ldo_dao_acceptance_suite","Monte Carlo Vout statistics must be measurable and sigma <= 30 mV","vout_variation_mc","corner=sff; model_corner=sf_mm; sample=2","PASS","Vout_V","1.19726","","","/home/vadim/work/eda-harness/ph2/ph2/ldo_dao_acceptance_suite/results/acceptance_full_sky130_corners_phase_fix/summary.txt"
"ldo_dao_acceptance_suite","Monte Carlo Vout statistics must be measurable and sigma <= 30 mV","vout_variation_mc","corner=sff; model_corner=sf_mm; sample=3","PASS","Vout_V","1.1706","","","/home/vadim/work/eda-harness/ph2/ph2/ldo_dao_acceptance_suite/results/acceptance_full_sky130_corners_phase_fix/summary.txt"
"ldo_dao_acceptance_suite","Monte Carlo Vout statistics must be measurable and sigma <= 30 mV","vout_variation_mc","corner=sff; model_corner=sf_mm; sample=4","PASS","Vout_V","1.21104","","","/home/vadim/work/eda-harness/ph2/ph2/ldo_dao_acceptance_suite/results/acceptance_full_sky130_corners_phase_fix/summary.txt"
"ldo_dao_acceptance_suite","Monte Carlo Vout statistics must be measurable and sigma <= 30 mV","vout_variation_mc","corner=sff; model_corner=sf_mm; sample=5","PASS","Vout_V","1.174","","","/home/vadim/work/eda-harness/ph2/ph2/ldo_dao_acceptance_suite/results/acceptance_full_sky130_corners_phase_fix/summary.txt"
"ldo_dao_acceptance_suite","Monte Carlo Vout statistics must be measurable and sigma <= 30 mV","vout_variation_mc","corner=sff; model_corner=sf_mm; sample=6","PASS","Vout_V","1.21795","","","/home/vadim/work/eda-harness/ph2/ph2/ldo_dao_acceptance_suite/results/acceptance_full_sky130_corners_phase_fix/summary.txt"
"ldo_dao_acceptance_suite","Monte Carlo Vout statistics must be measurable and sigma <= 30 mV","vout_variation_mc","corner=sff; model_corner=sf_mm; sample=7","PASS","Vout_V","1.19535","","","/home/vadim/work/eda-harness/ph2/ph2/ldo_dao_acceptance_suite/results/acceptance_full_sky130_corners_phase_fix/summary.txt"
"ldo_dao_acceptance_suite","Monte Carlo Vout statistics must be measurable and sigma <= 30 mV","vout_variation_mc","corner=sff; model_corner=sf_mm; sample=8","PASS","Vout_V","1.20128","","","/home/vadim/work/eda-harness/ph2/ph2/ldo_dao_acceptance_suite/results/acceptance_full_sky130_corners_phase_fix/summary.txt"
"ldo_dao_acceptance_suite","Monte Carlo Vout statistics must be measurable and sigma <= 30 mV","vout_variation_mc","corner=sff; model_corner=sf_mm; sample=9","PASS","Vout_V","1.20902","","","/home/vadim/work/eda-harness/ph2/ph2/ldo_dao_acceptance_suite/results/acceptance_full_sky130_corners_phase_fix/summary.txt"
"ldo_dao_acceptance_suite","Monte Carlo Vout statistics must be measurable and sigma <= 30 mV","vout_variation_mc","corner=sff; model_corner=sf_mm; sample=10","PASS","Vout_V","1.19303","","","/home/vadim/work/eda-harness/ph2/ph2/ldo_dao_acceptance_suite/results/acceptance_full_sky130_corners_phase_fix/summary.txt"
"ldo_dao_acceptance_suite","Monte Carlo Vout statistics must be measurable and sigma <= 30 mV","vout_variation_mc","corner=sff; model_corner=sf_mm; sample=11","PASS","Vout_V","1.18458","","","/home/vadim/work/eda-harness/ph2/ph2/ldo_dao_acceptance_suite/results/acceptance_full_sky130_corners_phase_fix/summary.txt"
"ldo_dao_acceptance_suite","Monte Carlo Vout statistics must be measurable and sigma <= 30 mV","vout_variation_mc","corner=sff; model_corner=sf_mm; sample=12","PASS","Vout_V","1.1938","","","/home/vadim/work/eda-harness/ph2/ph2/ldo_dao_acceptance_suite/results/acceptance_full_sky130_corners_phase_fix/summary.txt"
"ldo_dao_acceptance_suite","Monte Carlo Vout statistics must be measurable and sigma <= 30 mV","vout_variation_mc","corner=sff; model_corner=sf_mm; sample=13","PASS","Vout_V","1.22744","","","/home/vadim/work/eda-harness/ph2/ph2/ldo_dao_acceptance_suite/results/acceptance_full_sky130_corners_phase_fix/summary.txt"
"ldo_dao_acceptance_suite","Monte Carlo Vout statistics must be measurable and sigma <= 30 mV","vout_variation_mc","corner=sff; model_corner=sf_mm; sample=14","PASS","Vout_V","1.2074","","","/home/vadim/work/eda-harness/ph2/ph2/ldo_dao_acceptance_suite/results/acceptance_full_sky130_corners_phase_fix/summary.txt"
"ldo_dao_acceptance_suite","Monte Carlo Vout statistics must be measurable and sigma <= 30 mV","vout_variation_mc","corner=sff; model_corner=sf_mm; sample=15","PASS","Vout_V","1.19383","","","/home/vadim/work/eda-harness/ph2/ph2/ldo_dao_acceptance_suite/results/acceptance_full_sky130_corners_phase_fix/summary.txt"
"ldo_dao_acceptance_suite","Monte Carlo Vout statistics must be measurable and sigma <= 30 mV","vout_variation_mc","corner=sff; model_corner=sf_mm; sample=16","PASS","Vout_V","1.19241","","","/home/vadim/work/eda-harness/ph2/ph2/ldo_dao_acceptance_suite/results/acceptance_full_sky130_corners_phase_fix/summary.txt"
"ldo_dao_acceptance_suite","Monte Carlo Vout statistics must be measurable and sigma <= 30 mV","vout_variation_mc","corner=sff; model_corner=sf_mm; sample=17","PASS","Vout_V","1.21467","","","/home/vadim/work/eda-harness/ph2/ph2/ldo_dao_acceptance_suite/results/acceptance_full_sky130_corners_phase_fix/summary.txt"
"ldo_dao_acceptance_suite","Monte Carlo Vout statistics must be measurable and sigma <= 30 mV","vout_variation_mc","corner=sff; model_corner=sf_mm; sample=18","PASS","Vout_V","1.19584","","","/home/vadim/work/eda-harness/ph2/ph2/ldo_dao_acceptance_suite/results/acceptance_full_sky130_corners_phase_fix/summary.txt"
"ldo_dao_acceptance_suite","Monte Carlo Vout statistics must be measurable and sigma <= 30 mV","vout_variation_mc","corner=sff; model_corner=sf_mm; sample=19","PASS","Vout_V","1.20345","","","/home/vadim/work/eda-harness/ph2/ph2/ldo_dao_acceptance_suite/results/acceptance_full_sky130_corners_phase_fix/summary.txt"
"ldo_dao_acceptance_suite","Monte Carlo Vout statistics must be measurable and sigma <= 30 mV","vout_variation_mc","corner=sff; model_corner=sf_mm; sample=20","PASS","Vout_V","1.21427","","","/home/vadim/work/eda-harness/ph2/ph2/ldo_dao_acceptance_suite/results/acceptance_full_sky130_corners_phase_fix/summary.txt"
"ldo_dao_acceptance_suite","Monte Carlo Vout statistics must be measurable and sigma <= 30 mV","vout_variation_mc","corner=sff; model_corner=sf_mm; sample=21","PASS","Vout_V","1.22833","","","/home/vadim/work/eda-harness/ph2/ph2/ldo_dao_acceptance_suite/results/acceptance_full_sky130_corners_phase_fix/summary.txt"
"ldo_dao_acceptance_suite","Monte Carlo Vout statistics must be measurable and sigma <= 30 mV","vout_variation_mc","corner=sff; model_corner=sf_mm; sample=22","PASS","Vout_V","1.21231","","","/home/vadim/work/eda-harness/ph2/ph2/ldo_dao_acceptance_suite/results/acceptance_full_sky130_corners_phase_fix/summary.txt"
"ldo_dao_acceptance_suite","Monte Carlo Vout statistics must be measurable and sigma <= 30 mV","vout_variation_mc","corner=sff; model_corner=sf_mm; sample=23","PASS","Vout_V","1.18709","","","/home/vadim/work/eda-harness/ph2/ph2/ldo_dao_acceptance_suite/results/acceptance_full_sky130_corners_phase_fix/summary.txt"
"ldo_dao_acceptance_suite","Monte Carlo Vout statistics must be measurable and sigma <= 30 mV","vout_variation_mc","corner=sff; model_corner=sf_mm; sample=24","PASS","Vout_V","1.19699","","","/home/vadim/work/eda-harness/ph2/ph2/ldo_dao_acceptance_suite/results/acceptance_full_sky130_corners_phase_fix/summary.txt"
"ldo_dao_acceptance_suite","Monte Carlo Vout statistics must be measurable and sigma <= 30 mV","vout_variation_mc","corner=sff; model_corner=sf_mm; sample=25","PASS","Vout_V","1.15804","","","/home/vadim/work/eda-harness/ph2/ph2/ldo_dao_acceptance_suite/results/acceptance_full_sky130_corners_phase_fix/summary.txt"
"ldo_dao_acceptance_suite","Monte Carlo Vout statistics must be measurable and sigma <= 30 mV","vout_variation_mc","corner=sff; model_corner=sf_mm; sample=26","PASS","Vout_V","1.1881","","","/home/vadim/work/eda-harness/ph2/ph2/ldo_dao_acceptance_suite/results/acceptance_full_sky130_corners_phase_fix/summary.txt"
"ldo_dao_acceptance_suite","Monte Carlo Vout statistics must be measurable and sigma <= 30 mV","vout_variation_mc","corner=sff; model_corner=sf_mm; sample=27","PASS","Vout_V","1.19761","","","/home/vadim/work/eda-harness/ph2/ph2/ldo_dao_acceptance_suite/results/acceptance_full_sky130_corners_phase_fix/summary.txt"
"ldo_dao_acceptance_suite","Monte Carlo Vout statistics must be measurable and sigma <= 30 mV","vout_variation_mc","corner=sff; model_corner=sf_mm; sample=28","PASS","Vout_V","1.21104","","","/home/vadim/work/eda-harness/ph2/ph2/ldo_dao_acceptance_suite/results/acceptance_full_sky130_corners_phase_fix/summary.txt"
"ldo_dao_acceptance_suite","Monte Carlo Vout statistics must be measurable and sigma <= 30 mV","vout_variation_mc","corner=sff; model_corner=sf_mm; sample=29","PASS","Vout_V","1.17889","","","/home/vadim/work/eda-harness/ph2/ph2/ldo_dao_acceptance_suite/results/acceptance_full_sky130_corners_phase_fix/summary.txt"
"ldo_dao_acceptance_suite","Monte Carlo Vout statistics must be measurable and sigma <= 30 mV","vout_variation_mc","corner=sff; model_corner=sf_mm; sample=30","PASS","Vout_V","1.17968","","","/home/vadim/work/eda-harness/ph2/ph2/ldo_dao_acceptance_suite/results/acceptance_full_sky130_corners_phase_fix/summary.txt"
"ldo_dao_acceptance_suite","Monte Carlo Vout statistics must be measurable and sigma <= 30 mV","vout_variation_mc","corner=sff; model_corner=sf_mm; sample=31","PASS","Vout_V","1.21743","","","/home/vadim/work/eda-harness/ph2/ph2/ldo_dao_acceptance_suite/results/acceptance_full_sky130_corners_phase_fix/summary.txt"
"ldo_dao_acceptance_suite","Monte Carlo Vout statistics must be measurable and sigma <= 30 mV","vout_variation_mc","corner=sff; model_corner=sf_mm; sample=32","PASS","Vout_V","1.2068","","","/home/vadim/work/eda-harness/ph2/ph2/ldo_dao_acceptance_suite/results/acceptance_full_sky130_corners_phase_fix/summary.txt"
"ldo_dao_acceptance_suite","Monte Carlo Vout statistics must be measurable and sigma <= 30 mV","vout_variation_mc","corner=sff; model_corner=sf_mm; sample=33","PASS","Vout_V","1.18681","","","/home/vadim/work/eda-harness/ph2/ph2/ldo_dao_acceptance_suite/results/acceptance_full_sky130_corners_phase_fix/summary.txt"
"ldo_dao_acceptance_suite","Monte Carlo Vout statistics must be measurable and sigma <= 30 mV","vout_variation_mc","corner=sff; model_corner=sf_mm; sample=34","PASS","Vout_V","1.19663","","","/home/vadim/work/eda-harness/ph2/ph2/ldo_dao_acceptance_suite/results/acceptance_full_sky130_corners_phase_fix/summary.txt"
"ldo_dao_acceptance_suite","Monte Carlo Vout statistics must be measurable and sigma <= 30 mV","vout_variation_mc","corner=sff; model_corner=sf_mm; sample=35","PASS","Vout_V","1.18372","","","/home/vadim/work/eda-harness/ph2/ph2/ldo_dao_acceptance_suite/results/acceptance_full_sky130_corners_phase_fix/summary.txt"
"ldo_dao_acceptance_suite","Monte Carlo Vout statistics must be measurable and sigma <= 30 mV","vout_variation_mc","corner=sff; model_corner=sf_mm; sample=36","PASS","Vout_V","1.22707","","","/home/vadim/work/eda-harness/ph2/ph2/ldo_dao_acceptance_suite/results/acceptance_full_sky130_corners_phase_fix/summary.txt"
"ldo_dao_acceptance_suite","Monte Carlo Vout statistics must be measurable and sigma <= 30 mV","vout_variation_mc","corner=sff; model_corner=sf_mm; sample=37","PASS","Vout_V","1.20043","","","/home/vadim/work/eda-harness/ph2/ph2/ldo_dao_acceptance_suite/results/acceptance_full_sky130_corners_phase_fix/summary.txt"
"ldo_dao_acceptance_suite","Monte Carlo Vout statistics must be measurable and sigma <= 30 mV","vout_variation_mc","corner=sff; model_corner=sf_mm; sample=38","PASS","Vout_V","1.22374","","","/home/vadim/work/eda-harness/ph2/ph2/ldo_dao_acceptance_suite/results/acceptance_full_sky130_corners_phase_fix/summary.txt"
"ldo_dao_acceptance_suite","Monte Carlo Vout statistics must be measurable and sigma <= 30 mV","vout_variation_mc","corner=sff; model_corner=sf_mm; sample=39","PASS","Vout_V","1.19073","","","/home/vadim/work/eda-harness/ph2/ph2/ldo_dao_acceptance_suite/results/acceptance_full_sky130_corners_phase_fix/summary.txt"
"ldo_dao_acceptance_suite","Monte Carlo Vout statistics must be measurable and sigma <= 30 mV","vout_variation_mc","corner=sff; model_corner=sf_mm; sample=40","PASS","Vout_V","1.15476","","","/home/vadim/work/eda-harness/ph2/ph2/ldo_dao_acceptance_suite/results/acceptance_full_sky130_corners_phase_fix/summary.txt"
"ldo_dao_acceptance_suite","Monte Carlo Vout statistics must be measurable and sigma <= 30 mV","vout_variation_mc","corner=sff; model_corner=sf_mm; sample=41","PASS","Vout_V","1.19731","","","/home/vadim/work/eda-harness/ph2/ph2/ldo_dao_acceptance_suite/results/acceptance_full_sky130_corners_phase_fix/summary.txt"
"ldo_dao_acceptance_suite","Monte Carlo Vout statistics must be measurable and sigma <= 30 mV","vout_variation_mc","corner=sff; model_corner=sf_mm; sample=42","PASS","Vout_V","1.19649","","","/home/vadim/work/eda-harness/ph2/ph2/ldo_dao_acceptance_suite/results/acceptance_full_sky130_corners_phase_fix/summary.txt"
"ldo_dao_acceptance_suite","Monte Carlo Vout statistics must be measurable and sigma <= 30 mV","vout_variation_mc","corner=sff; model_corner=sf_mm; sample=43","PASS","Vout_V","1.16601","","","/home/vadim/work/eda-harness/ph2/ph2/ldo_dao_acceptance_suite/results/acceptance_full_sky130_corners_phase_fix/summary.txt"
"ldo_dao_acceptance_suite","Monte Carlo Vout statistics must be measurable and sigma <= 30 mV","vout_variation_mc","corner=sff; model_corner=sf_mm; sample=44","PASS","Vout_V","1.20144","","","/home/vadim/work/eda-harness/ph2/ph2/ldo_dao_acceptance_suite/results/acceptance_full_sky130_corners_phase_fix/summary.txt"
"ldo_dao_acceptance_suite","Monte Carlo Vout statistics must be measurable and sigma <= 30 mV","vout_variation_mc","corner=sff; model_corner=sf_mm; sample=45","PASS","Vout_V","1.166","","","/home/vadim/work/eda-harness/ph2/ph2/ldo_dao_acceptance_suite/results/acceptance_full_sky130_corners_phase_fix/summary.txt"
"ldo_dao_acceptance_suite","Monte Carlo Vout statistics must be measurable and sigma <= 30 mV","vout_variation_mc","corner=sff; model_corner=sf_mm; sample=46","PASS","Vout_V","1.15825","","","/home/vadim/work/eda-harness/ph2/ph2/ldo_dao_acceptance_suite/results/acceptance_full_sky130_corners_phase_fix/summary.txt"
"ldo_dao_acceptance_suite","Monte Carlo Vout statistics must be measurable and sigma <= 30 mV","vout_variation_mc","corner=sff; model_corner=sf_mm; sample=47","PASS","Vout_V","1.17868","","","/home/vadim/work/eda-harness/ph2/ph2/ldo_dao_acceptance_suite/results/acceptance_full_sky130_corners_phase_fix/summary.txt"
"ldo_dao_acceptance_suite","Monte Carlo Vout statistics must be measurable and sigma <= 30 mV","vout_variation_mc","corner=sff; model_corner=sf_mm; sample=48","PASS","Vout_V","1.18476","","","/home/vadim/work/eda-harness/ph2/ph2/ldo_dao_acceptance_suite/results/acceptance_full_sky130_corners_phase_fix/summary.txt"
"ldo_dao_acceptance_suite","Monte Carlo Vout statistics must be measurable and sigma <= 30 mV","vout_variation_mc","corner=sff; model_corner=sf_mm; sample=49","PASS","Vout_V","1.19908","","","/home/vadim/work/eda-harness/ph2/ph2/ldo_dao_acceptance_suite/results/acceptance_full_sky130_corners_phase_fix/summary.txt"
"ldo_dao_acceptance_suite","Monte Carlo Vout statistics must be measurable and sigma <= 30 mV","vout_variation_mc","corner=sff; model_corner=sf_mm; sample=50","PASS","Vout_V","1.21192","","","/home/vadim/work/eda-harness/ph2/ph2/ldo_dao_acceptance_suite/results/acceptance_full_sky130_corners_phase_fix/summary.txt"
"ldo_dao_acceptance_suite","Monte Carlo Vout statistics must be measurable and sigma <= 30 mV","vout_variation_mc","corner=sff; model_corner=sf_mm; samples=50","PASS","mean_V","1.1957","","","/home/vadim/work/eda-harness/ph2/ph2/ldo_dao_acceptance_suite/results/acceptance_full_sky130_corners_phase_fix/summary.txt"
"ldo_dao_acceptance_suite","Monte Carlo Vout statistics must be measurable and sigma <= 30 mV","vout_variation_mc","corner=sff; model_corner=sf_mm; samples=50","PASS","sigma_mV","17.8922","","","/home/vadim/work/eda-harness/ph2/ph2/ldo_dao_acceptance_suite/results/acceptance_full_sky130_corners_phase_fix/summary.txt"
